Date,Code,Name,MarginBalance,MarginChange,ShortBalance
2026-07-13,1101,台泥,36815,-13,13
2026-07-13,1102,亞泥,1092,30,0
2026-07-13,1103,嘉泥,4165,-22,0
2026-07-13,1104,環泥,1559,7,0
2026-07-13,1108,幸福,345,4,0
2026-07-13,1109,信大,285,2,0
2026-07-13,1110,東泥,2875,-16,0
2026-07-13,1201,味全,1659,0,0
2026-07-13,1203,味王,1,0,0
2026-07-13,1210,大成,669,-12,5
2026-07-13,1213,大飲,0,0,0
2026-07-13,1215,卜蜂,362,3,1
2026-07-13,1216,統一,564,-33,12
2026-07-13,1217,愛之味,864,20,0
2026-07-13,1218,泰山,1474,-45,150
2026-07-13,1219,福壽,557,-47,5
2026-07-13,1220,台榮,953,5,0
2026-07-13,1225,福懋油,6943,-1,4
2026-07-13,1227,佳格,882,-1,0
2026-07-13,1229,聯華,2957,-13,12
2026-07-13,1231,聯華食,265,0,0
2026-07-13,1232,大統益,78,53,0
2026-07-13,1233,天仁,19,0,0
2026-07-13,1234,黑松,15,0,0
2026-07-13,1235,興泰,1186,1,0
2026-07-13,1236,宏亞,227,19,0
2026-07-13,1256,鮮活果汁-KY,348,-11,24
2026-07-13,1301,台塑,26443,1651,276
2026-07-13,1303,南亞,39744,2750,848
2026-07-13,1304,台聚,12859,-122,189
2026-07-13,1305,華夏,7585,-64,10
2026-07-13,1307,三芳,1356,23,5
2026-07-13,1308,亞聚,7783,79,19
2026-07-13,1309,台達化,8355,-27,93
2026-07-13,1310,台苯,14699,-114,169
2026-07-13,1312,國喬,22775,1253,5285
2026-07-13,1313,聯成,10912,-255,149
2026-07-13,1314,中石化,78910,1300,513
2026-07-13,1315,達新,27,0,0
2026-07-13,1316,上曜,10906,7,18
2026-07-13,1319,東陽,6985,103,2
2026-07-13,1321,大洋,7247,-36,0
2026-07-13,1323,永裕,84,0,0
2026-07-13,1324,地球,1367,-11,0
2026-07-13,1325,恆大,2024,1,10
2026-07-13,1326,台化,37213,6609,397
2026-07-13,1337,再生-KY,21379,7,0
2026-07-13,1338,廣華-KY,3861,13,0
2026-07-13,1339,昭輝,860,-2,0
2026-07-13,1340,勝悅-KY,1021,15,0
2026-07-13,1342,八貫,664,45,0
2026-07-13,1402,遠東新,8408,-289,0
2026-07-13,1409,新纖,25368,-893,81
2026-07-13,1410,南染,311,-11,0
2026-07-13,1413,宏洲,0,0,0
2026-07-13,1414,東和,1255,54,0
2026-07-13,1416,廣豐,3349,-11,0
2026-07-13,1417,嘉裕,1800,12,0
2026-07-13,1418,東華,757,-4,0
2026-07-13,1419,新紡,1252,3,0
2026-07-13,1423,利華,88,-10,0
2026-07-13,1432,大魯閣,142,0,38
2026-07-13,1434,福懋,6310,203,0
2026-07-13,1435,中福,0,0,0
2026-07-13,1436,華友聯,1003,10,5
2026-07-13,1437,勤益控,2063,58,0
2026-07-13,1438,三地開發,183,0,0
2026-07-13,1439,雋揚,1060,11,0
2026-07-13,1440,南紡,5675,165,0
2026-07-13,1441,大東,0,0,0
2026-07-13,1442,名軒,2985,27,8
2026-07-13,1443,立益物流,31,0,0
2026-07-13,1444,力麗,573,0,0
2026-07-13,1445,大宇,1406,7,1
2026-07-13,1446,宏和,1688,70,33
2026-07-13,1447,力鵬,986,0,0
2026-07-13,1449,佳和,3183,7,0
2026-07-13,1451,年興,692,53,0
2026-07-13,1452,宏益,105,0,0
2026-07-13,1453,大將,1054,-13,0
2026-07-13,1454,台富,2177,0,0
2026-07-13,1455,集盛,3799,73,2
2026-07-13,1456,怡華,820,2,0
2026-07-13,1457,宜進,722,0,1
2026-07-13,1459,聯發,491,6,0
2026-07-13,1460,宏遠,0,0,0
2026-07-13,1463,強盛新,490,2,0
2026-07-13,1464,得力,2021,21,0
2026-07-13,1465,偉全,3292,-32,0
2026-07-13,1466,聚隆,3069,-27,13
2026-07-13,1467,南緯,6341,42,6
2026-07-13,1468,昶和,0,0,0
2026-07-13,1470,大統新創,6,0,0
2026-07-13,1471,首利,0,0,0
2026-07-13,1472,三洋實業,3902,1,2
2026-07-13,1473,台南,856,3,0
2026-07-13,1474,弘裕,3375,4,0
2026-07-13,1475,業旺,451,3,0
2026-07-13,1476,儒鴻,935,9,15
2026-07-13,1477,聚陽,1690,-23,4
2026-07-13,1503,士電,3424,-6,33
2026-07-13,1504,東元,32682,-15,76
2026-07-13,1506,正道,0,0,0
2026-07-13,1512,瑞利,0,0,0
2026-07-13,1513,中興電,8506,-39,45
2026-07-13,1514,亞力,6729,32,128
2026-07-13,1515,力山,3193,-173,163
2026-07-13,1516,川飛,2,0,0
2026-07-13,1517,利奇,1666,-18,0
2026-07-13,1519,華城,3908,11,20
2026-07-13,1521,大億,441,1,0
2026-07-13,1522,堤維西,4411,-24,0
2026-07-13,1524,耿鼎,4501,-123,19
2026-07-13,1525,江申,234,-1,0
2026-07-13,1526,日馳,587,5,0
2026-07-13,1527,鑽全,605,5,0
2026-07-13,1528,恩德,7531,36,78
2026-07-13,1529,樂事綠能,2978,19,0
2026-07-13,1530,亞崴,300,3,0
2026-07-13,1531,高林股,1734,-8,1
2026-07-13,1532,勤美,2796,38,0
2026-07-13,1533,車王電,524,-46,9
2026-07-13,1535,中宇,66,1,0
2026-07-13,1536,和大,8720,-779,388
2026-07-13,1537,廣隆,59,0,0
2026-07-13,1538,正峰,0,0,0
2026-07-13,1539,巨庭,1316,1,0
2026-07-13,1540,喬福,1725,2,1
2026-07-13,1541,錩泰,120,3,0
2026-07-13,1558,伸興,257,0,0
2026-07-13,1560,中砂,1526,-2,0
2026-07-13,1563,巧新,6863,-30,0
2026-07-13,1568,倉佑,5034,-137,1
2026-07-13,1582,信錦,4768,-26,11
2026-07-13,1583,程泰,81,-3,0
2026-07-13,1587,吉茂,2035,-7,5
2026-07-13,1589,永冠-KY,795,-7,0
2026-07-13,1590,亞德客-KY,126,-8,0
2026-07-13,1597,直得,3979,17,36
2026-07-13,1598,岱宇,2144,-14,0
2026-07-13,1603,華電,2117,12,0
2026-07-13,1604,聲寶,248,-19,0
2026-07-13,1605,華新,57912,-330,582
2026-07-13,1608,華榮,8344,181,4
2026-07-13,1609,大亞,14028,29,40
2026-07-13,1611,中電,3327,3,5
2026-07-13,1612,宏泰,1885,1,2
2026-07-13,1614,三洋電,358,0,0
2026-07-13,1615,大山,169,-16,0
2026-07-13,1616,億泰,3243,-4,1
2026-07-13,1617,榮星,2845,90,5
2026-07-13,1618,合機,3780,-56,8
2026-07-13,1626,艾美特-KY,1673,-9,0
2026-07-13,1702,南僑,319,0,0
2026-07-13,1707,葡萄王,356,8,0
2026-07-13,1708,東鹼,7824,183,164
2026-07-13,1709,和益,10245,3156,19
2026-07-13,1710,東聯,9151,375,92
2026-07-13,1711,永光,21129,15,150
2026-07-13,1712,興農,459,-2,0
2026-07-13,1713,國化,2984,35,2
2026-07-13,1714,和桐,19672,316,393
2026-07-13,1717,長興,22676,-145,195
2026-07-13,1718,中纖,18863,-563,3651
2026-07-13,1720,生達,342,7,0
2026-07-13,1721,三晃,127,0,0
2026-07-13,1722,台肥,2656,-175,0
2026-07-13,1723,中碳,649,-90,2
2026-07-13,1725,元禎,301,-12,0
2026-07-13,1726,永記,29,0,0
2026-07-13,1727,中華化,8744,-329,52
2026-07-13,1730,花仙子,8,-9,0
2026-07-13,1731,美吾華,314,-1,0
2026-07-13,1732,毛寶,599,1,0
2026-07-13,1733,五鼎,2630,38,1
2026-07-13,1734,杏輝,553,-1,0
2026-07-13,1735,日勝化,815,6,0
2026-07-13,1736,喬山,1984,8,3
2026-07-13,1737,臺鹽,22,0,0
2026-07-13,1752,南光,332,0,0
2026-07-13,1760,寶齡富錦,1088,-6,5
2026-07-13,1762,中化生,687,-8,2
2026-07-13,1773,勝一,1311,23,1
2026-07-13,1776,展宇,839,-10,1
2026-07-13,1783,和康生,595,-14,0
2026-07-13,1786,科妍,5128,16,1
2026-07-13,1789,神隆,3536,-30,1
2026-07-13,1795,美時,8876,-58,60
2026-07-13,1802,台玻,53043,763,1463
2026-07-13,1805,寶徠,1413,5,0
2026-07-13,1806,冠軍,3088,-5,0
2026-07-13,1808,潤隆,5840,-24,3
2026-07-13,1809,中釉,7608,14,163
2026-07-13,1810,和成,22709,825,245
2026-07-13,1817,凱撒衛,17,0,0
2026-07-13,1903,士紙,2618,-7,0
2026-07-13,1904,正隆,5068,159,22
2026-07-13,1905,華紙,10927,-100,457
2026-07-13,1906,寶隆,7310,-22,1
2026-07-13,1907,永豐餘,24300,-14,1
2026-07-13,1909,榮成,9291,633,43
2026-07-13,2002,中鋼,47183,-108,640
2026-07-13,2006,東和鋼鐵,1110,-23,0
2026-07-13,2007,燁興,5,0,0
2026-07-13,2008,高興昌,127,-2,0
2026-07-13,2009,第一銅,6899,4,5
2026-07-13,2010,春源,2159,-3,21
2026-07-13,2012,春雨,193,0,0
2026-07-13,2013,中鋼構,1440,2,3
2026-07-13,2014,中鴻,1850,0,0
2026-07-13,2015,豐興,39,0,0
2026-07-13,2017,官田鋼,8340,-19,0
2026-07-13,2020,美亞,816,-3,0
2026-07-13,2022,聚亨,1059,41,1
2026-07-13,2023,燁輝,2476,-181,23
2026-07-13,2024,志聯,67,0,0
2026-07-13,2025,千興,0,0,0
2026-07-13,2027,大成鋼,28841,-967,0
2026-07-13,2028,威致,1217,12,0
2026-07-13,2029,盛餘,412,-15,0
2026-07-13,2030,彰源,4160,0,1
2026-07-13,2031,新光鋼,1025,-28,7
2026-07-13,2032,新鋼,2642,-1,0
2026-07-13,2033,佳大,2735,-10,0
2026-07-13,2034,允強,4064,-96,0
2026-07-13,2038,海光,4045,1,0
2026-07-13,2049,上銀,3693,-20,21
2026-07-13,2059,川湖,491,20,0
2026-07-13,2062,橋椿,1398,-6,2
2026-07-13,2069,運錩,570,-11,0
2026-07-13,2101,南港,23106,-68,15
2026-07-13,2102,泰豐,3889,-3,0
2026-07-13,2103,台橡,15730,-113,121
2026-07-13,2104,國際中橡,20462,-258,58
2026-07-13,2105,正新,9140,-207,12
2026-07-13,2106,建大,2926,-63,0
2026-07-13,2107,厚生,105,1,0
2026-07-13,2108,南帝,2879,-14,36
2026-07-13,2109,華豐,666,-2,0
2026-07-13,2114,鑫永銓,8,-2,0
2026-07-13,2115,六暉-KY,558,10,3
2026-07-13,2201,裕隆,10399,112,4
2026-07-13,2204,中華,1124,9,4
2026-07-13,2206,三陽工業,4579,-27,4
2026-07-13,2207,和泰車,82,-3,0
2026-07-13,2208,台船,0,0,0
2026-07-13,2211,長榮鋼,420,7,0
2026-07-13,2228,劍麟,1782,0,0
2026-07-13,2231,為升,3095,13,772
2026-07-13,2233,宇隆,5887,-132,23
2026-07-13,2236,百達-KY,11380,-15,37
2026-07-13,2239,英利-KY,1496,-24,0
2026-07-13,2241,艾姆勒,8136,-186,54
2026-07-13,2243,宏旭-KY,1352,47,7
2026-07-13,2247,汎德永業,136,-1,0
2026-07-13,2248,華勝-KY,326,1,0
2026-07-13,2250,IKKA-KY,1346,24,2
2026-07-13,2254,巨鎧精密-創,2518,0,0
2026-07-13,2301,光寶科,17385,-495,222
2026-07-13,2302,麗正,4484,-156,22
2026-07-13,2303,聯電,237019,3711,207
2026-07-13,2305,全友,7179,-907,223
2026-07-13,2308,台達電,7965,94,13
2026-07-13,2312,金寶,51469,-710,1470
2026-07-13,2313,華通,45041,-857,715
2026-07-13,2314,台揚,0,0,0
2026-07-13,2316,楠梓電,4490,98,118
2026-07-13,2317,鴻海,57032,4,100
2026-07-13,2321,東訊,0,0,0
2026-07-13,2323,中環,29335,229,89
2026-07-13,2324,仁寶,61761,711,721
2026-07-13,2327,國巨*,44354,-1666,262
2026-07-13,2328,廣宇,19546,-69,38
2026-07-13,2329,華泰,17991,-32,258
2026-07-13,2330,台積電,32875,-186,48
2026-07-13,2331,精英,10326,57,61
2026-07-13,2332,友訊,24207,1216,1706
2026-07-13,2337,旺宏,96323,-648,2004
2026-07-13,2338,光罩,6539,-28,25
2026-07-13,2340,台亞,9540,165,69
2026-07-13,2342,茂矽,6191,-214,182
2026-07-13,2344,華邦電,138364,-328,2970
2026-07-13,2345,智邦,1850,29,12
2026-07-13,2347,聯強,1047,-22,0
2026-07-13,2348,海悅,2295,-6,6
2026-07-13,2349,錸德,0,0,0
2026-07-13,2351,順德,19009,-1911,310
2026-07-13,2352,佳世達,16401,-504,54
2026-07-13,2353,宏碁,43460,264,9036
2026-07-13,2354,鴻準,26126,-62,9
2026-07-13,2355,敬鵬,13375,-51,45
2026-07-13,2356,英業達,33911,158,0
2026-07-13,2357,華碩,2498,-25,5
2026-07-13,2359,所羅門,7332,1148,36
2026-07-13,2360,致茂,1166,8,17
2026-07-13,2362,藍天,2448,-20,2
2026-07-13,2363,矽統,21286,495,259
2026-07-13,2364,倫飛,755,11,0
2026-07-13,2365,昆盈,9664,-38,0
2026-07-13,2367,燿華,34992,165,986
2026-07-13,2368,金像電,5282,-144,85
2026-07-13,2369,菱生,16809,385,463
2026-07-13,2371,大同,51922,-953,322
2026-07-13,2373,震旦行,47,0,0
2026-07-13,2374,佳能,20672,-87,51
2026-07-13,2375,凱美,10514,120,369
2026-07-13,2376,技嘉,7994,131,373
2026-07-13,2377,微星,13923,-394,590
2026-07-13,2379,瑞昱,3316,137,138
2026-07-13,2380,虹光,0,0,0
2026-07-13,2382,廣達,11624,-738,0
2026-07-13,2383,台光電,1893,-31,44
2026-07-13,2385,群光,3536,56,22
2026-07-13,2387,精元,1363,1,1
2026-07-13,2388,威盛,12048,-61,177
2026-07-13,2390,云辰,2201,105,13
2026-07-13,2392,正崴,4791,36,3
2026-07-13,2393,億光,2863,26,50
2026-07-13,2395,研華,1962,-3,1
2026-07-13,2397,友通,1667,2,0
2026-07-13,2399,映泰,12547,706,476
2026-07-13,2401,凌陽,9220,201,178
2026-07-13,2402,毅嘉,14253,-82,277
2026-07-13,2404,漢唐,2391,-13,0
2026-07-13,2405,輔信,8198,40,0
2026-07-13,2406,國碩,14606,108,388
2026-07-13,2408,南亞科,87783,6503,1043
2026-07-13,2409,友達,223123,3773,15391
2026-07-13,2412,中華電,769,58,8
2026-07-13,2413,環科,4891,24,12
2026-07-13,2414,精技,796,74,1
2026-07-13,2415,錩新,2406,27,5
2026-07-13,2417,圓剛,4073,108,12
2026-07-13,2419,仲琦,6906,10,9
2026-07-13,2420,新巨,1093,-45,1
2026-07-13,2421,建準,5620,104,23
2026-07-13,2423,固緯,649,82,0
2026-07-13,2424,隴華,0,0,0
2026-07-13,2425,承啟,3653,-1,6
2026-07-13,2426,鼎元,18304,-591,465
2026-07-13,2427,三商電,5651,102,87
2026-07-13,2428,興勤,3144,199,9
2026-07-13,2429,銘旺科,2810,0,0
2026-07-13,2430,燦坤,109,-2,2
2026-07-13,2431,聯昌,1693,-1,0
2026-07-13,2432,倚天酷碁-創,324,-1,0
2026-07-13,2433,互盛電,47,0,0
2026-07-13,2434,統懋,443,84,24
2026-07-13,2436,偉詮電,7140,-129,1486
2026-07-13,2438,翔耀,0,0,0
2026-07-13,2439,美律,3883,-24,134
2026-07-13,2440,太空梭,1613,28,0
2026-07-13,2441,超豐,9810,-55,352
2026-07-13,2442,新美齊,4293,-158,12
2026-07-13,2444,兆勁,0,0,0
2026-07-13,2449,京元電子,21632,-57,254
2026-07-13,2450,神腦,104,0,0
2026-07-13,2451,創見,5813,-59,263
2026-07-13,2453,凌群,2688,-27,1
2026-07-13,2454,聯發科,10233,51,10
2026-07-13,2455,全新,10274,1,158
2026-07-13,2457,飛宏,15514,71,77
2026-07-13,2458,義隆,4458,-868,131
2026-07-13,2459,敦吉,109,-2,0
2026-07-13,2460,建通,310,-1,0
2026-07-13,2461,光群雷,8992,33,1
2026-07-13,2462,良得電,2501,-25,2
2026-07-13,2464,盟立,15172,397,866
2026-07-13,2465,麗臺,3411,303,19
2026-07-13,2466,冠西電,6188,-308,323
2026-07-13,2467,志聖,2121,-161,33
2026-07-13,2468,華經,3549,-51,15
2026-07-13,2471,資通,1375,-1,0
2026-07-13,2472,立隆電,9889,-350,63
2026-07-13,2474,可成,12115,-401,5
2026-07-13,2476,鉅祥,39506,-375,31
2026-07-13,2477,美隆電,1149,-4,34
2026-07-13,2478,大毅,9286,-773,52
2026-07-13,2480,敦陽科,368,-39,0
2026-07-13,2481,強茂,14247,-665,1103
2026-07-13,2482,連宇,1796,-30,0
2026-07-13,2483,百容,2579,-8,404
2026-07-13,2484,希華,15681,-1498,1046
2026-07-13,2485,兆赫,16418,-121,730
2026-07-13,2486,一詮,25055,652,176
2026-07-13,2488,漢平,480,1,0
2026-07-13,2489,瑞軒,43419,-1880,291
2026-07-13,2491,吉祥全,2466,-89,4
2026-07-13,2492,華新科,9237,-745,219
2026-07-13,2493,揚博,14319,-441,461
2026-07-13,2495,普安,10186,164,75
2026-07-13,2496,卓越,44,1,0
2026-07-13,2497,怡利電,3554,-32,3
2026-07-13,2498,宏達電,30325,-285,809
2026-07-13,2501,國建,4746,-177,0
2026-07-13,2504,國產,4804,-39,13
2026-07-13,2505,國揚,3356,18,0
2026-07-13,2506,太設,1845,0,0
2026-07-13,2509,全坤建,652,0,1
2026-07-13,2511,太子,3213,-39,0
2026-07-13,2514,龍邦,18115,-6,0
2026-07-13,2515,中工,24646,-54,1
2026-07-13,2516,新建,0,0,0
2026-07-13,2520,冠德,3219,10,22
2026-07-13,2524,京城,3247,-9,0
2026-07-13,2527,宏璟,3864,174,6
2026-07-13,2528,皇普,6681,122,0
2026-07-13,2530,華建,6466,-27,3
2026-07-13,2534,宏盛,11999,3,52
2026-07-13,2535,達欣工,308,-12,11
2026-07-13,2536,宏普,7712,-335,4
2026-07-13,2537,聯上發,3768,96,1
2026-07-13,2538,基泰,2485,-1,0
2026-07-13,2539,櫻花建,2117,-5,5
2026-07-13,2540,愛山林,2790,-1,8
2026-07-13,2542,興富發,5767,61,221
2026-07-13,2543,皇昌,11364,80,41
2026-07-13,2545,皇翔,2783,-5,2
2026-07-13,2546,根基,63,4,0
2026-07-13,2547,日勝生,10323,-353,0
2026-07-13,2548,華固,2323,23,4
2026-07-13,2597,潤弘,180,-6,17
2026-07-13,2601,益航,415,-53,0
2026-07-13,2603,長榮,16898,-147,188
2026-07-13,2605,新興,13144,60,12
2026-07-13,2606,裕民,4101,106,34
2026-07-13,2607,榮運,880,-25,0
2026-07-13,2608,嘉里大榮,1418,21,1
2026-07-13,2609,陽明,35892,295,0
2026-07-13,2610,華航,48707,-919,24
2026-07-13,2611,志信,2086,41,2
2026-07-13,2612,中航,1898,23,0
2026-07-13,2613,中櫃,2115,-28,2
2026-07-13,2614,東森,5708,-1,0
2026-07-13,2615,萬海,18311,-2,177
2026-07-13,2616,山隆,481,16,2
2026-07-13,2617,台航,2330,52,0
2026-07-13,2618,長榮航,30664,-390,149
2026-07-13,2630,亞航,7248,236,105
2026-07-13,2633,台灣高鐵,1805,-5,0
2026-07-13,2634,漢翔,26497,4365,188
2026-07-13,2636,台驊控股,621,35,0
2026-07-13,2637,慧洋-KY,2188,-178,47
2026-07-13,2642,宅配通,585,0,3
2026-07-13,2645,長榮航太,4675,889,17
2026-07-13,2646,星宇航空,4364,-128,30
2026-07-13,2701,萬企,372,4,0
2026-07-13,2702,華園,419,1,0
2026-07-13,2704,國賓,126,-4,0
2026-07-13,2705,六福,573,-12,0
2026-07-13,2706,第一店,843,8,0
2026-07-13,2707,晶華,119,0,0
2026-07-13,2712,遠雄來,7,0,0
2026-07-13,2722,夏都,467,22,0
2026-07-13,2723,美食-KY,1749,-16,1
2026-07-13,2727,王品,341,-16,0
2026-07-13,2731,雄獅,1078,-34,18
2026-07-13,2739,寒舍,841,0,0
2026-07-13,2748,雲品,668,-11,0
2026-07-13,2753,八方雲集,571,0,2
2026-07-13,2762,世界健身-KY,140,-5,0
2026-07-13,2801,彰銀,8849,329,67
2026-07-13,2812,台中銀,4747,33,0
2026-07-13,2816,旺旺保,703,-15,2
2026-07-13,2820,華票,578,7,0
2026-07-13,2832,台產,515,-1,0
2026-07-13,2834,臺企銀,6404,16,8
2026-07-13,2836,高雄銀,6006,32,13
2026-07-13,2838,聯邦銀,2209,98,0
2026-07-13,2845,遠東銀,3661,-890,35
2026-07-13,2849,安泰銀,141,-15,0
2026-07-13,2850,新產,250,1,0
2026-07-13,2851,中再保,770,-6,0
2026-07-13,2852,第一保,1298,-6,0
2026-07-13,2855,統一證,7298,345,44
2026-07-13,2867,三商壽,2830,-93,1
2026-07-13,2880,華南金,489,-122,45
2026-07-13,2881,富邦金,7352,-127,47
2026-07-13,2882,國泰金,6568,-465,15
2026-07-13,2883,凱基金,16667,505,74
2026-07-13,2884,玉山金,5202,-11,82
2026-07-13,2885,元大金,2406,-547,35
2026-07-13,2886,兆豐金,537,-2,62
2026-07-13,2887,台新新光金,42030,399,697
2026-07-13,2889,國票金,2335,-42,2
2026-07-13,2890,永豐金,1725,2,379
2026-07-13,2891,中信金,4776,308,12
2026-07-13,2892,第一金,4631,-268,12
2026-07-13,2897,王道銀行,2029,0,0
2026-07-13,2901,欣欣,485,0,0
2026-07-13,2903,遠百,1506,1,0
2026-07-13,2904,匯僑,33,0,0
2026-07-13,2905,三商,8351,-107,1
2026-07-13,2906,高林,624,-72,0
2026-07-13,2908,特力,14381,-34,0
2026-07-13,2910,統領,2,0,0
2026-07-13,2911,麗嬰房,161,-75,0
2026-07-13,2912,統一超,480,-10,0
2026-07-13,2913,農林,7877,-185,2
2026-07-13,2915,潤泰全,8813,-46,0
2026-07-13,2929,淘帝-KY,1922,11,0
2026-07-13,2939,永邑-KY,243,0,0
2026-07-13,3002,歐格,2078,30,18
2026-07-13,3003,健和興,3500,-50,14
2026-07-13,3004,豐達科,2334,-80,12
2026-07-13,3005,神基,5219,-16,50
2026-07-13,3006,晶豪科,20918,-770,193
2026-07-13,3008,大立光,1860,-46,13
2026-07-13,3010,華立,1315,2,6
2026-07-13,3011,今皓,2938,11,40
2026-07-13,3013,晟銘電,11576,-392,0
2026-07-13,3014,聯陽,2534,-23,20
2026-07-13,3015,全漢,2792,116,0
2026-07-13,3016,嘉晶,10413,706,513
2026-07-13,3017,奇鋐,4543,78,53
2026-07-13,3018,隆銘綠能,0,0,0
2026-07-13,3019,亞光,12067,-130,33
2026-07-13,3021,鴻名,688,32,0
2026-07-13,3022,威強電,6010,-201,13
2026-07-13,3023,信邦,1162,83,15
2026-07-13,3024,憶聲,7105,891,0
2026-07-13,3025,星通,1871,-31,0
2026-07-13,3026,禾伸堂,9638,-766,354
2026-07-13,3027,盛達,4880,10,0
2026-07-13,3028,增你強,3821,37,0
2026-07-13,3029,零壹,3237,-123,11
2026-07-13,3030,德律,11991,-108,10
2026-07-13,3031,佰鴻,7530,42,19
2026-07-13,3032,偉訓,8240,-35,24
2026-07-13,3033,威健,9893,-463,615
2026-07-13,3034,聯詠,3037,251,38
2026-07-13,3035,智原,12354,142,273
2026-07-13,3036,文曄,14935,237,473
2026-07-13,3037,欣興,41574,21,173
2026-07-13,3038,全台,1257,20,2
2026-07-13,3040,遠見,12140,-35,5
2026-07-13,3041,揚智,3640,43,23
2026-07-13,3042,晶技,16995,-604,47
2026-07-13,3043,科風,1086,-16,0
2026-07-13,3044,健鼎,6183,5,2
2026-07-13,3045,台灣大,479,115,0
2026-07-13,3046,建碁,994,21,7
2026-07-13,3047,訊舟,6871,-9,7
2026-07-13,3048,益登,7384,-260,11
2026-07-13,3049,精金,0,0,0
2026-07-13,3050,鈺德,3332,29,0
2026-07-13,3051,力特,4305,-74,6
2026-07-13,3052,夆典,1763,-101,0
2026-07-13,3054,立萬利,1050,-25,0
2026-07-13,3055,蔚華科,7010,-105,12
2026-07-13,3056,富華新,5134,-4,123
2026-07-13,3057,喬鼎,0,0,0
2026-07-13,3058,立德,0,0,0
2026-07-13,3059,華晶科,13039,-146,50
2026-07-13,3060,銘異,9695,-3,13
2026-07-13,3062,建漢,12554,-288,39
2026-07-13,3090,日電貿,4608,79,122
2026-07-13,3092,鴻碩,3817,23,7
2026-07-13,3094,聯傑,3133,-32,26
2026-07-13,3130,一零四,10,0,0
2026-07-13,3135,凌航,2416,69,33
2026-07-13,3138,耀登,2831,-17,9
2026-07-13,3149,正達,22309,38,49
2026-07-13,3150,鈺寶-創,259,4,0
2026-07-13,3164,景岳,293,5,0
2026-07-13,3167,大量,11699,266,15
2026-07-13,3168,眾福科,35,-5,0
2026-07-13,3189,景碩,18489,-98,84
2026-07-13,3209,全科,5999,-58,10
2026-07-13,3229,晟鈦,0,0,0
2026-07-13,3231,緯創,49088,167,19
2026-07-13,3257,虹冠電,3085,-133,21
2026-07-13,3266,昇陽,385,0,0
2026-07-13,3296,勝德,1844,-18,2
2026-07-13,3305,昇貿,8383,-151,0
2026-07-13,3308,聯德,690,1,0
2026-07-13,3311,閎暉,2484,13,1
2026-07-13,3312,弘憶股,6017,-46,24
2026-07-13,3321,同泰,0,0,0
2026-07-13,3338,泰碩,3946,-14,4
2026-07-13,3346,麗清,2999,-11,10
2026-07-13,3356,奇偶,1867,-10,12
2026-07-13,3376,新日興,12810,-75,225
2026-07-13,3380,明泰,5434,28,0
2026-07-13,3406,玉晶光,2912,-16,13
2026-07-13,3413,京鼎,4798,-42,5
2026-07-13,3416,融程電,1346,-64,63
2026-07-13,3419,譁裕,1093,-2,0
2026-07-13,3432,台端,0,0,0
2026-07-13,3437,榮創,3564,34,1
2026-07-13,3443,創意,4392,-51,15
2026-07-13,3447,展達,2698,25,3
2026-07-13,3450,聯鈞,19320,162,114
2026-07-13,3481,群創,422572,-24602,12586
2026-07-13,3494,誠研,0,0,0
2026-07-13,3501,維熹,1195,1,0
2026-07-13,3504,揚明光,2903,146,64
2026-07-13,3515,華擎,1697,-13,4
2026-07-13,3518,柏騰,4403,-24,45
2026-07-13,3528,安馳,2404,-26,0
2026-07-13,3530,晶相光,1271,-34,0
2026-07-13,3532,台勝科,10372,-166,0
2026-07-13,3533,嘉澤,615,-2,0
2026-07-13,3535,晶彩科,6777,-216,98
2026-07-13,3543,州巧,5484,57,20
2026-07-13,3545,敦泰,4527,54,33
2026-07-13,3550,聯穎,14627,-242,86
2026-07-13,3557,嘉威,407,-7,0
2026-07-13,3563,牧德,5779,-40,3
2026-07-13,3576,聯合再生,0,0,0
2026-07-13,3583,辛耘,2205,35,49
2026-07-13,3588,通嘉,1792,-27,1
2026-07-13,3591,艾笛森,26438,-73,13
2026-07-13,3592,瑞鼎,911,-33,0
2026-07-13,3593,力銘,0,0,0
2026-07-13,3596,智易,1508,-55,16
2026-07-13,3605,宏致,9453,-625,142
2026-07-13,3607,谷崧,2019,-9,0
2026-07-13,3617,碩天,2653,85,3
2026-07-13,3622,洋華,2066,1,0
2026-07-13,3645,達邁,6976,-247,0
2026-07-13,3652,精聯,534,-4,0
2026-07-13,3653,健策,2428,-46,9
2026-07-13,3661,世芯-KY,6203,56,62
2026-07-13,3665,貿聯-KY,3419,-7,0
2026-07-13,3669,圓展,901,3,0
2026-07-13,3673,TPK-KY,18786,-160,0
2026-07-13,3679,新至陞,113,0,0
2026-07-13,3686,達能,0,0,0
2026-07-13,3694,海華,7835,24,32
2026-07-13,3701,大眾控,7605,-239,14
2026-07-13,3702,大聯大,6381,-255,2817
2026-07-13,3703,欣陸,1411,6,1
2026-07-13,3704,合勤控,7424,1035,33
2026-07-13,3705,永信,421,0,0
2026-07-13,3706,神達,33408,-166,142
2026-07-13,3708,上緯投控,3559,-7,6
2026-07-13,3711,日月光投控,11010,202,67
2026-07-13,3712,永崴投控,2955,-6,71
2026-07-13,3714,富采,30926,-30,108
2026-07-13,3715,定穎投控,26751,-272,207
2026-07-13,3716,中化控股,518,1,0
2026-07-13,3717,聯嘉投控,10572,167,0
2026-07-13,4104,佳醫,68,-3,0
2026-07-13,4106,雃博,795,39,0
2026-07-13,4108,懷特,0,0,0
2026-07-13,4119,旭富,634,-1,0
2026-07-13,4133,亞諾法,1012,-26,3
2026-07-13,4137,麗豐-KY,1115,4,0
2026-07-13,4142,國光生,6566,-43,0
2026-07-13,4148,全宇生技-KY,418,-8,0
2026-07-13,4155,訊映,803,191,0
2026-07-13,4164,承業醫,6984,-68,12
2026-07-13,4190,佐登-KY,301,-11,0
2026-07-13,4306,炎洲,4818,190,1
2026-07-13,4414,如興,743,2,0
2026-07-13,4426,利勤,923,15,0
2026-07-13,4438,廣越,981,0,0
2026-07-13,4439,冠星-KY,251,-4,0
2026-07-13,4440,宜新實業,132,1,0
2026-07-13,4441,振大環球,156,5,0
2026-07-13,4526,東台,7366,134,24
2026-07-13,4532,瑞智,3031,-9,43
2026-07-13,4536,拓凱,782,-4,0
2026-07-13,4540,全球傳動,5504,-70,26
2026-07-13,4545,銘鈺,1288,6,4
2026-07-13,4551,智伸科,3821,-341,64
2026-07-13,4552,力達-KY,2092,-2,0
2026-07-13,4555,氣立,3051,-39,32
2026-07-13,4557,永新-KY,339,0,0
2026-07-13,4560,強信-KY,264,2,0
2026-07-13,4562,穎漢,2129,-2,91
2026-07-13,4564,元翎,11292,-185,129
2026-07-13,4566,時碩工業,3998,-21,23
2026-07-13,4569,六方科-KY,756,-16,0
2026-07-13,4571,鈞興-KY,1210,-1,0
2026-07-13,4572,駐龍,323,6,0
2026-07-13,4576,大銀微系統,2898,-6,6
2026-07-13,4581,光隆精密-KY,28,0,0
2026-07-13,4583,台灣精銳,3619,-5,5
2026-07-13,4585,達明,647,16,59
2026-07-13,4588,玖鼎電力,444,12,0
2026-07-13,4720,德淵,4017,-72,0
2026-07-13,4722,國精化,13163,-64,49
2026-07-13,4736,泰博,230,-3,0
2026-07-13,4737,華廣,1317,10,0
2026-07-13,4739,康普,11606,-19,130
2026-07-13,4746,台耀,2173,3,1
2026-07-13,4755,三福化,1672,114,0
2026-07-13,4763,材料*-KY,42440,-174,19
2026-07-13,4764,雙鍵,7932,-174,88
2026-07-13,4766,南寶,1339,-22,6
2026-07-13,4770,上品,1015,9,11
2026-07-13,4771,望隼,544,31,0
2026-07-13,4807,日成-KY,1321,-129,11
2026-07-13,4904,遠傳,508,-81,7
2026-07-13,4906,正文,31701,-530,58
2026-07-13,4912,聯德控股-KY,3804,-52,0
2026-07-13,4915,致伸,4132,30,7
2026-07-13,4916,事欣科,10170,2143,228
2026-07-13,4919,新唐,18277,-132,1867
2026-07-13,4927,泰鼎-KY,31232,-124,1124
2026-07-13,4930,燦星網,3718,2,0
2026-07-13,4934,太極,0,0,0
2026-07-13,4935,茂林-KY,672,0,0
2026-07-13,4938,和碩,6135,-359,46
2026-07-13,4942,嘉彰,620,6,0
2026-07-13,4943,康控-KY,0,0,0
2026-07-13,4949,有成精密,3378,192,84
2026-07-13,4952,凌通,1493,-47,4
2026-07-13,4956,光鋐,7241,-52,8
2026-07-13,4958,臻鼎-KY,31075,-944,569
2026-07-13,4960,誠美材,17541,-162,83
2026-07-13,4961,天鈺,1618,44,5
2026-07-13,4967,十銓,8646,-20,742
2026-07-13,4968,立積,5990,2,0
2026-07-13,4976,佳凌,4880,-91,95
2026-07-13,4977,眾達-KY,7630,-86,26
2026-07-13,4989,榮科,19839,-1328,636
2026-07-13,4994,傳奇,2265,10,1
2026-07-13,4999,鑫禾,409,4,0
2026-07-13,5007,三星,9,0,0
2026-07-13,5203,訊連,1301,20,6
2026-07-13,5215,科嘉-KY,768,-11,0
2026-07-13,5222,全訊,1999,-72,25
2026-07-13,5225,東科-KY,1553,-8,5
2026-07-13,5234,達興材料,1597,54,17
2026-07-13,5243,乙盛-KY,11334,-64,24
2026-07-13,5244,弘凱,2869,-8,0
2026-07-13,5258,虹堡,4160,-33,5
2026-07-13,5269,祥碩,2155,-56,45
2026-07-13,5283,禾聯碩,129,6,0
2026-07-13,5284,jpp-KY,3941,-65,2
2026-07-13,5285,界霖,6194,27,6
2026-07-13,5288,豐祥-KY,2335,-20,2
2026-07-13,5292,華懋,1045,10,0
2026-07-13,5306,桂盟,472,6,0
2026-07-13,5388,中磊,5787,-92,11
2026-07-13,5434,崇越,900,39,0
2026-07-13,5469,瀚宇博,15003,34,25
2026-07-13,5471,松翰,4968,-430,0
2026-07-13,5484,慧友,0,0,0
2026-07-13,5515,建國,1753,-3,63
2026-07-13,5519,隆大,864,-36,48
2026-07-13,5521,工信,15373,67,0
2026-07-13,5522,遠雄,1043,-14,0
2026-07-13,5525,順天,372,-19,0
2026-07-13,5531,鄉林,3262,-1,12
2026-07-13,5533,皇鼎,535,27,0
2026-07-13,5534,長虹,4187,-24,14
2026-07-13,5538,東明-KY,13,1,0
2026-07-13,5546,永固-KY,23,-3,0
2026-07-13,5607,遠雄港,1452,17,0
2026-07-13,5608,四維航,4685,8,1
2026-07-13,5706,鳳凰,788,0,26
2026-07-13,5871,中租-KY,4704,-16,35
2026-07-13,5876,上海商銀,1245,-123,2
2026-07-13,5880,合庫金,2243,-622,28
2026-07-13,5906,台南-KY,26,0,0
2026-07-13,5907,大洋-KY,5493,1,0
2026-07-13,6005,群益證,5267,-243,17
2026-07-13,6024,群益期,150,11,0
2026-07-13,6108,競國,1557,18,0
2026-07-13,6112,邁達特,3359,-14,0
2026-07-13,6115,鎰勝,94,1,0
2026-07-13,6116,彩晶,41021,-1226,11763
2026-07-13,6117,迎廣,2630,15,22
2026-07-13,6120,達運,7231,3,3
2026-07-13,6128,上福,1195,18,0
2026-07-13,6133,金橋,3357,-79,35
2026-07-13,6136,富爾特,2752,6,0
2026-07-13,6139,亞翔,7241,105,101
2026-07-13,6141,柏承,46,0,0
2026-07-13,6142,友勁,0,0,0
2026-07-13,6152,百一,0,0,0
2026-07-13,6153,嘉聯益,14203,-70,193
2026-07-13,6155,鈞寶,3677,-228,32
2026-07-13,6164,華興,4060,-217,6
2026-07-13,6165,浪凡,8432,-130,1
2026-07-13,6166,凌華,3817,-182,1
2026-07-13,6168,宏齊,5463,-73,481
2026-07-13,6176,瑞儀,7084,25,12
2026-07-13,6177,達麗,2920,-160,3
2026-07-13,6183,關貿,9,0,0
2026-07-13,6184,大豐電,500,-28,0
2026-07-13,6189,豐藝,2498,-55,0
2026-07-13,6191,精成科,23169,-91,32
2026-07-13,6192,巨路,852,-22,0
2026-07-13,6196,帆宣,1623,-6,5
2026-07-13,6197,佳必琪,5180,-49,143
2026-07-13,6201,亞弘電,29,0,0
2026-07-13,6202,盛群,6122,-1218,57
2026-07-13,6205,詮欣,5314,-123,5
2026-07-13,6206,飛捷,1891,-27,0
2026-07-13,6209,今國光,14945,-68,162
2026-07-13,6213,聯茂,16210,-1307,244
2026-07-13,6214,精誠,1760,-2,3
2026-07-13,6215,和椿,5890,-32,0
2026-07-13,6216,居易,726,3,1
2026-07-13,6224,聚鼎,2269,-178,42
2026-07-13,6225,天瀚,0,0,0
2026-07-13,6226,光鼎,2333,-11,148
2026-07-13,6230,尼得科超眾,468,1,0
2026-07-13,6235,華孚,5343,-21,28
2026-07-13,6239,力成,26836,-78,73
2026-07-13,6243,迅杰,1466,7,36
2026-07-13,6257,矽格,9367,33,32
2026-07-13,6269,台郡,10743,10,324
2026-07-13,6271,同欣電,9417,-645,89
2026-07-13,6272,驊陞,3,0,0
2026-07-13,6277,宏正,198,4,0
2026-07-13,6278,台表科,11773,-255,270
2026-07-13,6281,全國電,73,10,0
2026-07-13,6282,康舒,32832,837,548
2026-07-13,6283,淳安,2563,-14,1
2026-07-13,6285,啟碁,17034,462,100
2026-07-13,6405,悅城,7216,54,115
2026-07-13,6409,旭隼,1128,-12,27
2026-07-13,6412,群電,3522,71,3
2026-07-13,6414,樺漢,1370,2,514
2026-07-13,6415,矽力*-KY,5551,-126,87
2026-07-13,6416,瑞祺電通,3517,47,11
2026-07-13,6426,統新,2684,25,7
2026-07-13,6431,光麗-KY,0,0,0
2026-07-13,6438,迅得,4189,9,16
2026-07-13,6442,光聖,4592,-336,0
2026-07-13,6443,元晶,15286,-185,505
2026-07-13,6446,藥華藥,8666,-24,6
2026-07-13,6449,鈺邦,3323,172,43
2026-07-13,6451,訊芯-KY,9305,-228,157
2026-07-13,6456,GIS-KY,12400,58,172
2026-07-13,6464,台數科,2,0,0
2026-07-13,6472,保瑞,3694,-35,4
2026-07-13,6477,安集,3786,465,243
2026-07-13,6491,晶碩,872,-38,2
2026-07-13,6504,南六,126,-1,0
2026-07-13,6505,台塑化,8301,-440,74
2026-07-13,6515,穎崴,431,-3,0
2026-07-13,6525,捷敏-KY,5399,-93,12
2026-07-13,6526,達發,1640,90,1
2026-07-13,6531,愛普*,9024,-213,32
2026-07-13,6533,晶心科,2433,106,27
2026-07-13,6534,正瀚-創,1835,-10,0
2026-07-13,6541,泰福-KY,3855,4,0
2026-07-13,6550,北極星藥業-KY,0,0,0
2026-07-13,6552,易華電,1142,-10,18
2026-07-13,6558,興能高,3798,-3,15
2026-07-13,6573,虹揚-KY,0,0,0
2026-07-13,6579,研揚,1607,-280,0
2026-07-13,6581,鋼聯,6,-1,0
2026-07-13,6582,申豐,365,1,0
2026-07-13,6585,鼎基,2585,-9,52
2026-07-13,6589,台康生技,3120,-42,75
2026-07-13,6591,動力-KY,2396,-27,20
2026-07-13,6592,和潤企業,718,6,1
2026-07-13,6598,ABC-KY,0,0,0
2026-07-13,6605,帝寶,2420,-23,0
2026-07-13,6606,建德工業,535,21,0
2026-07-13,6614,資拓宏宇,54,0,0
2026-07-13,6625,必應,946,-27,0
2026-07-13,6641,基士德-KY,100,-27,0
2026-07-13,6645,金萬林-創,12,0,0
2026-07-13,6655,科定,0,-1,0
2026-07-13,6657,華安,1442,0,0
2026-07-13,6658,聯策,1751,-10,13
2026-07-13,6666,羅麗芬-KY,342,3,0
2026-07-13,6668,中揚光,3022,-7,0
2026-07-13,6669,緯穎,1975,-67,9
2026-07-13,6670,復盛應用,426,-12,3
2026-07-13,6671,三能-KY,57,4,0
2026-07-13,6672,騰輝電子-KY,5587,-104,45
2026-07-13,6674,鋐寶科技,278,-5,0
2026-07-13,6689,伊雲谷,1449,12,0
2026-07-13,6691,洋基工程,1570,-34,23
2026-07-13,6695,芯鼎,3614,2,19
2026-07-13,6698,旭暉應材,2420,22,0
2026-07-13,6706,惠特,9988,-68,70
2026-07-13,6715,嘉基,6039,104,4
2026-07-13,6719,力智,4984,-323,5
2026-07-13,6742,澤米,2966,-85,71
2026-07-13,6743,安普新,608,-19,0
2026-07-13,6753,龍德造船,6019,247,137
2026-07-13,6754,匯僑設計,131,0,0
2026-07-13,6756,威鋒電子,760,4,4
2026-07-13,6757,台灣虎航,3659,-35,13
2026-07-13,6768,志強-KY,1305,-1,5
2026-07-13,6770,力積電,169736,-1443,3068
2026-07-13,6771,平和環保-創,80,0,0
2026-07-13,6776,展碁國際,988,-28,0
2026-07-13,6781,AES-KY,3004,-21,0
2026-07-13,6782,視陽,505,-39,0
2026-07-13,6789,采鈺,7468,159,14
2026-07-13,6790,永豐實,605,0,0
2026-07-13,6792,詠業,266,-35,0
2026-07-13,6794,向榮生技,267,-5,0
2026-07-13,6796,晉弘,531,6,0
2026-07-13,6799,來頡,2200,-24,0
2026-07-13,6805,富世達,2648,25,10
2026-07-13,6807,峰源-KY,138,0,0
2026-07-13,6830,汎銓,4045,-102,25
2026-07-13,6831,邁科,0,0,0
2026-07-13,6834,天二科技,5576,1149,407
2026-07-13,6835,圓裕,843,-4,0
2026-07-13,6838,台新藥,2633,-5,0
2026-07-13,6854,錼創科技-KY創,3556,-21,0
2026-07-13,6861,睿生光電,2772,-135,48
2026-07-13,6862,三集瑞-KY,1547,-25,1
2026-07-13,6863,永道-KY,941,-16,3
2026-07-13,6869,雲豹能源,3422,17,13
2026-07-13,6873,泓德能源,4080,109,31
2026-07-13,6885,全福生技,2405,-10,0
2026-07-13,6887,寶綠特-KY,1119,-1,0
2026-07-13,6890,來億-KY,882,13,27
2026-07-13,6901,鑽石投資,5717,31,79
2026-07-13,6902,GOGOLOOK,621,19,0
2026-07-13,6906,現觀科,550,7,0
2026-07-13,6909,創控,1759,21,14
2026-07-13,6914,阜爾運通,338,-1,0
2026-07-13,6916,華凌,419,11,0
2026-07-13,6918,愛派司,98,0,0
2026-07-13,6919,康霈*,0,0,0
2026-07-13,6923,中台,1954,-1,1
2026-07-13,6928,攸泰科技,849,-18,8
2026-07-13,6931,青松健康,143,0,0
2026-07-13,6933,AMAX-KY,683,-39,3
2026-07-13,6936,永鴻生技,242,0,0
2026-07-13,6937,天虹,1836,-52,0
2026-07-13,6944,兆聯實業,701,13,0
2026-07-13,6949,沛爾生醫-創,5242,11,3
2026-07-13,6951,青新-創,77,-2,0
2026-07-13,6952,大武山,42,0,0
2026-07-13,6957,裕慶-KY,1275,20,58
2026-07-13,6958,日盛台駿,173,0,0
2026-07-13,6962,奕力-KY,9185,216,11
2026-07-13,6965,中傑-KY,39,0,0
2026-07-13,6994,富威電力,3189,-20,11
2026-07-13,7705,三商餐飲,96,0,0
2026-07-13,7711,永擎,589,1,0
2026-07-13,7721,微程式,1281,-4,0
2026-07-13,7722,LINEPAY,811,-21,0
2026-07-13,7730,暉盛-創,616,25,3
2026-07-13,7732,金興精密,102,0,0
2026-07-13,7736,虎山,64,11,0
2026-07-13,7740,熙特爾-創,1820,31,13
2026-07-13,7749,意騰-KY,1221,-6,0
2026-07-13,7750,新代,679,36,0
2026-07-13,7765,中華資安,478,-2,0
2026-07-13,7769,鴻勁,257,-49,1
2026-07-13,7780,大研生醫*,110,94,0
2026-07-13,7786,東方風能,335,16,0
2026-07-13,7788,松川精密,2548,48,13
2026-07-13,7791,皇家可口,16,1,0
2026-07-13,7799,禾榮科,1141,63,1
2026-07-13,8011,台通,3800,109,5
2026-07-13,8016,矽創,1995,18,85
2026-07-13,8021,尖點,11646,-104,0
2026-07-13,8028,昇陽半導體,6205,-133,25
2026-07-13,8033,雷虎,9402,701,825
2026-07-13,8039,台虹,15774,1933,181
2026-07-13,8045,達運光電,4804,8,2
2026-07-13,8046,南電,10304,731,780
2026-07-13,8070,長華*,7876,-214,1
2026-07-13,8072,陞泰,1949,3,0
2026-07-13,8081,致新,1506,-36,2
2026-07-13,8101,華冠,0,0,0
2026-07-13,8103,瀚荃,4419,-35,2
2026-07-13,8104,錸寶,4830,13,91
2026-07-13,8105,凌巨,9514,14,568
2026-07-13,8110,華東,19298,87,34
2026-07-13,8112,至上,19153,-515,1050
2026-07-13,8114,振樺電,2151,-26,3
2026-07-13,8131,福懋科,6611,117,0
2026-07-13,8150,南茂,30144,-2212,567
2026-07-13,8162,微矽電子-創,2293,-117,2
2026-07-13,8163,達方,2642,-83,11
2026-07-13,8201,無敵,0,0,0
2026-07-13,8210,勤誠,2351,4,26
2026-07-13,8213,志超,4068,-8,4
2026-07-13,8215,明基材,3570,-7,33
2026-07-13,8222,寶一,3464,-23,0
2026-07-13,8249,菱光,4319,-17,1
2026-07-13,8261,富鼎,11373,-737,207
2026-07-13,8271,宇瞻,5249,-75,221
2026-07-13,8341,日友,366,6,0
2026-07-13,8367,建新國際,11,-1,0
2026-07-13,8374,羅昇,1865,-29,18
2026-07-13,8404,百和興業-KY,3976,-1,0
2026-07-13,8411,福貞-KY,24,0,0
2026-07-13,8422,可寧衛*,30122,118,112
2026-07-13,8429,金麗-KY,13538,-11,9
2026-07-13,8438,昶昕,6493,11,0
2026-07-13,8442,威宏-KY,850,0,1
2026-07-13,8443,阿瘦,28,0,0
2026-07-13,8454,富邦媒,1485,-7,173
2026-07-13,8462,柏文,1139,-3,1
2026-07-13,8463,潤泰材,126,0,0
2026-07-13,8464,億豐,67,-3,4
2026-07-13,8466,美吉吉-KY,1368,-10,0
2026-07-13,8467,波力-KY,261,-3,1
2026-07-13,8473,山林水,2604,2,112
2026-07-13,8476,台境*,17471,-337,411
2026-07-13,8478,東哥遊艇,1227,-10,0
2026-07-13,8481,政伸,4,0,0
2026-07-13,8482,商億-KY,160,-1,0
2026-07-13,8487,愛爾達-創,64,2,0
2026-07-13,8488,吉源-KY,22,1,0
2026-07-13,8499,鼎炫-KY,581,-5,0
2026-07-13,8926,台汽電,7932,-1445,64
2026-07-13,8940,新天地,121,-2,0
2026-07-13,8996,高力,4539,148,221
2026-07-13,9802,鈺齊-KY,2640,1,10
2026-07-13,9902,台火,3442,0,1
2026-07-13,9904,寶成,22242,-273,3
2026-07-13,9905,大華,24,0,0
2026-07-13,9906,欣巴巴,448,-1,4
2026-07-13,9907,統一實,4064,-51,5
2026-07-13,9908,大台北,182,18,0
2026-07-13,9910,豐泰,2587,-7,34
2026-07-13,9911,櫻花,393,50,0
2026-07-13,9912,偉聯,0,0,0
2026-07-13,9914,美利達,3510,3,65
2026-07-13,9917,中保科,161,7,0
2026-07-13,9918,欣天然,73,0,0
2026-07-13,9919,康那香,7848,-8,1
2026-07-13,9921,巨大,2441,473,67
2026-07-13,9924,福興,727,0,0
2026-07-13,9925,新保,3,0,0
2026-07-13,9926,新海,9,0,0
2026-07-13,9927,泰銘,57,-1,0
2026-07-13,9928,中視,450,-3,0
2026-07-13,9929,秋雨,0,0,0
2026-07-13,9930,中聯資源,22,-2,0
2026-07-13,9931,欣高,81,6,0
2026-07-13,9933,中鼎,4246,-2,11
2026-07-13,9934,成霖,5718,-58,5
2026-07-13,9935,慶豐富,1219,-14,0
2026-07-13,9937,全國,175,1,0
2026-07-13,9938,百和,3509,-61,5
2026-07-13,9939,宏全,1032,-6,0
2026-07-13,9940,信義,1254,0,0
2026-07-13,9941,裕融,1101,-13,6
2026-07-13,9942,茂順,48,-5,0
2026-07-13,9943,好樂迪,101,-11,0
2026-07-13,9944,新麗,5512,8,0
2026-07-13,9945,潤泰新,21807,-552,0
2026-07-13,9946,三發地產,1108,-49,0
2026-07-13,9955,佳龍,1412,8,1
2026-07-13,9958,世紀鋼,9461,-36,45
2026-07-14,1101,台泥,36178,-637,419
2026-07-14,1102,亞泥,1190,98,0
2026-07-14,1103,嘉泥,4124,-41,0
2026-07-14,1104,環泥,1553,-6,0
2026-07-14,1108,幸福,377,32,0
2026-07-14,1109,信大,287,2,0
2026-07-14,1110,東泥,2822,-53,0
2026-07-14,1201,味全,1657,-2,0
2026-07-14,1203,味王,2,1,0
2026-07-14,1210,大成,613,-56,5
2026-07-14,1213,大飲,0,0,0
2026-07-14,1215,卜蜂,371,9,1
2026-07-14,1216,統一,555,-9,11
2026-07-14,1217,愛之味,895,31,1
2026-07-14,1218,泰山,1457,-17,141
2026-07-14,1219,福壽,517,-40,5
2026-07-14,1220,台榮,863,-90,0
2026-07-14,1225,福懋油,6935,-8,12
2026-07-14,1227,佳格,880,-2,0
2026-07-14,1229,聯華,2910,-47,10
2026-07-14,1231,聯華食,265,0,0
2026-07-14,1232,大統益,90,12,0
2026-07-14,1233,天仁,19,0,0
2026-07-14,1234,黑松,15,0,0
2026-07-14,1235,興泰,1186,0,0
2026-07-14,1236,宏亞,227,0,0
2026-07-14,1256,鮮活果汁-KY,361,13,24
2026-07-14,1301,台塑,27380,937,682
2026-07-14,1303,南亞,48806,9062,897
2026-07-14,1304,台聚,12988,129,112
2026-07-14,1305,華夏,7524,-61,3
2026-07-14,1307,三芳,1329,-27,0
2026-07-14,1308,亞聚,7917,134,17
2026-07-14,1309,台達化,8581,226,87
2026-07-14,1310,台苯,14887,188,106
2026-07-14,1312,國喬,23941,1166,1347
2026-07-14,1313,聯成,10849,-63,142
2026-07-14,1314,中石化,80453,1543,534
2026-07-14,1315,達新,20,-7,0
2026-07-14,1316,上曜,10834,-72,25
2026-07-14,1319,東陽,6863,-122,33
2026-07-14,1321,大洋,7246,-1,0
2026-07-14,1323,永裕,85,1,0
2026-07-14,1324,地球,1368,1,0
2026-07-14,1325,恆大,2021,-3,10
2026-07-14,1326,台化,34159,-3054,593
2026-07-14,1337,再生-KY,21390,11,0
2026-07-14,1338,廣華-KY,3857,-4,0
2026-07-14,1339,昭輝,858,-2,0
2026-07-14,1340,勝悅-KY,1015,-6,0
2026-07-14,1342,八貫,701,37,0
2026-07-14,1402,遠東新,8279,-129,73
2026-07-14,1409,新纖,25299,-69,95
2026-07-14,1410,南染,310,-1,0
2026-07-14,1413,宏洲,0,0,0
2026-07-14,1414,東和,1237,-18,0
2026-07-14,1416,廣豐,3318,-31,0
2026-07-14,1417,嘉裕,1869,69,0
2026-07-14,1418,東華,759,2,0
2026-07-14,1419,新紡,1255,3,0
2026-07-14,1423,利華,87,-1,0
2026-07-14,1432,大魯閣,132,-10,38
2026-07-14,1434,福懋,6197,-113,0
2026-07-14,1435,中福,0,0,0
2026-07-14,1436,華友聯,994,-9,5
2026-07-14,1437,勤益控,2093,30,0
2026-07-14,1438,三地開發,172,-11,0
2026-07-14,1439,雋揚,1060,0,0
2026-07-14,1440,南紡,5584,-91,0
2026-07-14,1441,大東,0,0,0
2026-07-14,1442,名軒,2946,-39,8
2026-07-14,1443,立益物流,31,0,0
2026-07-14,1444,力麗,573,0,0
2026-07-14,1445,大宇,1408,2,1
2026-07-14,1446,宏和,1655,-33,30
2026-07-14,1447,力鵬,941,-45,0
2026-07-14,1449,佳和,3166,-17,0
2026-07-14,1451,年興,738,46,0
2026-07-14,1452,宏益,105,0,0
2026-07-14,1453,大將,1036,-18,0
2026-07-14,1454,台富,2177,0,0
2026-07-14,1455,集盛,3674,-125,2
2026-07-14,1456,怡華,798,-22,0
2026-07-14,1457,宜進,712,-10,1
2026-07-14,1459,聯發,482,-9,0
2026-07-14,1460,宏遠,0,0,0
2026-07-14,1463,強盛新,495,5,0
2026-07-14,1464,得力,1973,-48,0
2026-07-14,1465,偉全,3319,27,0
2026-07-14,1466,聚隆,3044,-25,46
2026-07-14,1467,南緯,6448,107,6
2026-07-14,1468,昶和,0,0,0
2026-07-14,1470,大統新創,6,0,0
2026-07-14,1471,首利,0,0,0
2026-07-14,1472,三洋實業,3888,-14,2
2026-07-14,1473,台南,858,2,0
2026-07-14,1474,弘裕,3384,9,0
2026-07-14,1475,業旺,451,0,0
2026-07-14,1476,儒鴻,933,-2,15
2026-07-14,1477,聚陽,1696,6,3
2026-07-14,1503,士電,3259,-165,37
2026-07-14,1504,東元,32681,-1,99
2026-07-14,1506,正道,0,0,0
2026-07-14,1512,瑞利,0,0,0
2026-07-14,1513,中興電,8501,-5,260
2026-07-14,1514,亞力,7059,330,102
2026-07-14,1515,力山,2919,-274,157
2026-07-14,1516,川飛,2,0,0
2026-07-14,1517,利奇,1673,7,0
2026-07-14,1519,華城,3598,-310,12
2026-07-14,1521,大億,444,3,0
2026-07-14,1522,堤維西,4362,-49,0
2026-07-14,1524,耿鼎,4373,-128,15
2026-07-14,1525,江申,232,-2,0
2026-07-14,1526,日馳,585,-2,0
2026-07-14,1527,鑽全,597,-8,0
2026-07-14,1528,恩德,7430,-101,50
2026-07-14,1529,樂事綠能,2978,0,0
2026-07-14,1530,亞崴,298,-2,0
2026-07-14,1531,高林股,1749,15,1
2026-07-14,1532,勤美,2807,11,0
2026-07-14,1533,車王電,508,-16,9
2026-07-14,1535,中宇,66,0,0
2026-07-14,1536,和大,8540,-180,247
2026-07-14,1537,廣隆,57,-2,0
2026-07-14,1538,正峰,0,0,0
2026-07-14,1539,巨庭,1320,4,0
2026-07-14,1540,喬福,1728,3,1
2026-07-14,1541,錩泰,116,-4,0
2026-07-14,1558,伸興,257,0,0
2026-07-14,1560,中砂,1535,9,0
2026-07-14,1563,巧新,7158,295,0
2026-07-14,1568,倉佑,2955,-2079,4
2026-07-14,1582,信錦,4649,-119,12
2026-07-14,1583,程泰,81,0,0
2026-07-14,1587,吉茂,1951,-84,23
2026-07-14,1589,永冠-KY,795,0,0
2026-07-14,1590,亞德客-KY,115,-11,0
2026-07-14,1597,直得,3784,-195,27
2026-07-14,1598,岱宇,2145,1,0
2026-07-14,1603,華電,2126,9,10
2026-07-14,1604,聲寶,248,0,0
2026-07-14,1605,華新,58260,348,592
2026-07-14,1608,華榮,8368,24,1
2026-07-14,1609,大亞,14156,128,24
2026-07-14,1611,中電,3339,12,5
2026-07-14,1612,宏泰,1905,20,3
2026-07-14,1614,三洋電,358,0,0
2026-07-14,1615,大山,148,-21,0
2026-07-14,1616,億泰,3225,-18,1
2026-07-14,1617,榮星,2907,62,4
2026-07-14,1618,合機,3800,20,39
2026-07-14,1626,艾美特-KY,1674,1,0
2026-07-14,1702,南僑,316,-3,1
2026-07-14,1707,葡萄王,362,6,20
2026-07-14,1708,東鹼,7880,56,154
2026-07-14,1709,和益,10223,-22,37
2026-07-14,1710,東聯,10132,981,60
2026-07-14,1711,永光,20205,-924,112
2026-07-14,1712,興農,461,2,0
2026-07-14,1713,國化,2984,0,2
2026-07-14,1714,和桐,16151,-3521,344
2026-07-14,1717,長興,22187,-489,90
2026-07-14,1718,中纖,17647,-1216,465
2026-07-14,1720,生達,332,-10,0
2026-07-14,1721,三晃,127,0,0
2026-07-14,1722,台肥,2608,-48,7
2026-07-14,1723,中碳,640,-9,0
2026-07-14,1725,元禎,284,-17,0
2026-07-14,1726,永記,28,-1,0
2026-07-14,1727,中華化,8453,-291,26
2026-07-14,1730,花仙子,8,0,0
2026-07-14,1731,美吾華,314,0,0
2026-07-14,1732,毛寶,613,14,0
2026-07-14,1733,五鼎,2616,-14,1
2026-07-14,1734,杏輝,538,-15,0
2026-07-14,1735,日勝化,797,-18,0
2026-07-14,1736,喬山,1958,-26,3
2026-07-14,1737,臺鹽,22,0,0
2026-07-14,1752,南光,330,-2,0
2026-07-14,1760,寶齡富錦,1088,0,5
2026-07-14,1762,中化生,697,10,2
2026-07-14,1773,勝一,1306,-5,1
2026-07-14,1776,展宇,842,3,1
2026-07-14,1783,和康生,588,-7,0
2026-07-14,1786,科妍,5115,-13,6
2026-07-14,1789,神隆,3481,-55,1
2026-07-14,1795,美時,8869,-7,104
2026-07-14,1802,台玻,51346,-1697,1533
2026-07-14,1805,寶徠,1420,7,0
2026-07-14,1806,冠軍,3093,5,0
2026-07-14,1808,潤隆,5838,-2,0
2026-07-14,1809,中釉,6777,-831,89
2026-07-14,1810,和成,23967,1258,906
2026-07-14,1817,凱撒衛,17,0,0
2026-07-14,1903,士紙,2551,-67,5
2026-07-14,1904,正隆,4648,-420,23
2026-07-14,1905,華紙,11204,277,441
2026-07-14,1906,寶隆,7299,-11,0
2026-07-14,1907,永豐餘,24260,-40,82
2026-07-14,1909,榮成,9068,-223,36
2026-07-14,2002,中鋼,46725,-458,51
2026-07-14,2006,東和鋼鐵,1129,19,12
2026-07-14,2007,燁興,5,0,0
2026-07-14,2008,高興昌,127,0,0
2026-07-14,2009,第一銅,6831,-68,2
2026-07-14,2010,春源,2119,-40,10
2026-07-14,2012,春雨,191,-2,0
2026-07-14,2013,中鋼構,1432,-8,3
2026-07-14,2014,中鴻,1849,-1,0
2026-07-14,2015,豐興,46,7,0
2026-07-14,2017,官田鋼,8308,-32,0
2026-07-14,2020,美亞,814,-2,0
2026-07-14,2022,聚亨,1096,37,1
2026-07-14,2023,燁輝,2434,-42,24
2026-07-14,2024,志聯,66,-1,0
2026-07-14,2025,千興,0,0,0
2026-07-14,2027,大成鋼,26042,-2799,24
2026-07-14,2028,威致,1224,7,0
2026-07-14,2029,盛餘,408,-4,0
2026-07-14,2030,彰源,4236,76,0
2026-07-14,2031,新光鋼,952,-73,6
2026-07-14,2032,新鋼,2651,9,0
2026-07-14,2033,佳大,2734,-1,0
2026-07-14,2034,允強,4055,-9,0
2026-07-14,2038,海光,4015,-30,0
2026-07-14,2049,上銀,3539,-154,19
2026-07-14,2059,川湖,493,2,0
2026-07-14,2062,橋椿,1401,3,2
2026-07-14,2069,運錩,524,-46,0
2026-07-14,2101,南港,22882,-224,15
2026-07-14,2102,泰豐,3903,14,0
2026-07-14,2103,台橡,17470,1740,149
2026-07-14,2104,國際中橡,20417,-45,50
2026-07-14,2105,正新,9042,-98,11
2026-07-14,2106,建大,2918,-8,0
2026-07-14,2107,厚生,124,19,0
2026-07-14,2108,南帝,2853,-26,36
2026-07-14,2109,華豐,648,-18,0
2026-07-14,2114,鑫永銓,6,-2,0
2026-07-14,2115,六暉-KY,557,-1,3
2026-07-14,2201,裕隆,10529,130,2
2026-07-14,2204,中華,1144,20,2
2026-07-14,2206,三陽工業,4579,0,4
2026-07-14,2207,和泰車,81,-1,0
2026-07-14,2208,台船,0,0,0
2026-07-14,2211,長榮鋼,406,-14,0
2026-07-14,2228,劍麟,1755,-27,0
2026-07-14,2231,為升,3111,16,714
2026-07-14,2233,宇隆,5777,-110,30
2026-07-14,2236,百達-KY,11426,46,36
2026-07-14,2239,英利-KY,1518,22,0
2026-07-14,2241,艾姆勒,8121,-15,51
2026-07-14,2243,宏旭-KY,1381,29,15
2026-07-14,2247,汎德永業,136,0,0
2026-07-14,2248,華勝-KY,468,142,4
2026-07-14,2250,IKKA-KY,1356,10,2
2026-07-14,2254,巨鎧精密-創,2518,0,0
2026-07-14,2301,光寶科,17021,-364,223
2026-07-14,2302,麗正,4431,-53,16
2026-07-14,2303,聯電,221982,-15037,359
2026-07-14,2305,全友,7213,34,135
2026-07-14,2308,台達電,7729,-236,13
2026-07-14,2312,金寶,51044,-425,1521
2026-07-14,2313,華通,44719,-322,576
2026-07-14,2314,台揚,0,0,0
2026-07-14,2316,楠梓電,3901,-589,0
2026-07-14,2317,鴻海,57187,155,153
2026-07-14,2321,東訊,0,0,0
2026-07-14,2323,中環,29524,189,80
2026-07-14,2324,仁寶,61304,-457,704
2026-07-14,2327,國巨*,44090,-264,156
2026-07-14,2328,廣宇,19119,-427,38
2026-07-14,2329,華泰,17385,-606,246
2026-07-14,2330,台積電,33187,312,60
2026-07-14,2331,精英,10379,53,57
2026-07-14,2332,友訊,25204,997,583
2026-07-14,2337,旺宏,97092,769,1510
2026-07-14,2338,光罩,6354,-185,55
2026-07-14,2340,台亞,9396,-144,65
2026-07-14,2342,茂矽,5643,-548,125
2026-07-14,2344,華邦電,136831,-1533,2138
2026-07-14,2345,智邦,1623,-227,10
2026-07-14,2347,聯強,811,-236,0
2026-07-14,2348,海悅,2372,77,1
2026-07-14,2349,錸德,0,0,0
2026-07-14,2351,順德,18177,-832,206
2026-07-14,2352,佳世達,15825,-575,27
2026-07-14,2353,宏碁,42945,-515,8591
2026-07-14,2354,鴻準,25911,-215,10
2026-07-14,2355,敬鵬,12076,-1299,25
2026-07-14,2356,英業達,31351,-2560,0
2026-07-14,2357,華碩,2457,-41,7
2026-07-14,2359,所羅門,6863,-469,27
2026-07-14,2360,致茂,1067,-99,1
2026-07-14,2362,藍天,2443,-5,1
2026-07-14,2363,矽統,19442,-1844,153
2026-07-14,2364,倫飛,756,1,0
2026-07-14,2365,昆盈,9551,-113,0
2026-07-14,2367,燿華,33043,-1949,843
2026-07-14,2368,金像電,4976,-306,130
2026-07-14,2369,菱生,14955,-1854,281
2026-07-14,2371,大同,51716,-206,320
2026-07-14,2373,震旦行,47,0,0
2026-07-14,2374,佳能,19924,-748,45
2026-07-14,2375,凱美,9059,-1455,284
2026-07-14,2376,技嘉,8022,28,454
2026-07-14,2377,微星,14391,468,519
2026-07-14,2379,瑞昱,3260,-56,57
2026-07-14,2380,虹光,0,0,0
2026-07-14,2382,廣達,11633,9,0
2026-07-14,2383,台光電,1765,-128,46
2026-07-14,2385,群光,3490,-46,16
2026-07-14,2387,精元,1365,2,1
2026-07-14,2388,威盛,11917,-131,140
2026-07-14,2390,云辰,1938,-263,15
2026-07-14,2392,正崴,4797,6,0
2026-07-14,2393,億光,2767,-96,14
2026-07-14,2395,研華,1901,-61,0
2026-07-14,2397,友通,1701,34,0
2026-07-14,2399,映泰,12396,-151,282
2026-07-14,2401,凌陽,8844,-376,172
2026-07-14,2402,毅嘉,14127,-126,240
2026-07-14,2404,漢唐,2260,-131,0
2026-07-14,2405,輔信,8066,-132,17
2026-07-14,2406,國碩,13491,-1115,399
2026-07-14,2408,南亞科,93089,5306,1478
2026-07-14,2409,友達,209316,-13807,12532
2026-07-14,2412,中華電,956,187,45
2026-07-14,2413,環科,4893,2,13
2026-07-14,2414,精技,757,-39,1
2026-07-14,2415,錩新,2405,-1,5
2026-07-14,2417,圓剛,4028,-45,4
2026-07-14,2419,仲琦,6886,-20,13
2026-07-14,2420,新巨,1025,-68,1
2026-07-14,2421,建準,5469,-151,24
2026-07-14,2423,固緯,667,18,0
2026-07-14,2424,隴華,0,0,0
2026-07-14,2425,承啟,3672,19,17
2026-07-14,2426,鼎元,15200,-3104,749
2026-07-14,2427,三商電,5729,78,87
2026-07-14,2428,興勤,2908,-236,5
2026-07-14,2429,銘旺科,2697,-113,0
2026-07-14,2430,燦坤,85,-24,2
2026-07-14,2431,聯昌,1659,-34,0
2026-07-14,2432,倚天酷碁-創,325,1,0
2026-07-14,2433,互盛電,47,0,0
2026-07-14,2434,統懋,466,23,58
2026-07-14,2436,偉詮電,6775,-365,1177
2026-07-14,2438,翔耀,0,0,0
2026-07-14,2439,美律,3768,-115,133
2026-07-14,2440,太空梭,1581,-32,0
2026-07-14,2441,超豐,9658,-152,312
2026-07-14,2442,新美齊,4252,-41,0
2026-07-14,2444,兆勁,0,0,0
2026-07-14,2449,京元電子,20942,-690,244
2026-07-14,2450,神腦,104,0,0
2026-07-14,2451,創見,5633,-180,277
2026-07-14,2453,凌群,2623,-65,10
2026-07-14,2454,聯發科,9859,-374,12
2026-07-14,2455,全新,9739,-535,141
2026-07-14,2457,飛宏,15407,-107,100
2026-07-14,2458,義隆,4032,-426,103
2026-07-14,2459,敦吉,108,-1,0
2026-07-14,2460,建通,293,-17,0
2026-07-14,2461,光群雷,9007,15,0
2026-07-14,2462,良得電,2504,3,0
2026-07-14,2464,盟立,14539,-633,946
2026-07-14,2465,麗臺,3310,-101,27
2026-07-14,2466,冠西電,6120,-68,331
2026-07-14,2467,志聖,2242,121,80
2026-07-14,2468,華經,3501,-48,2
2026-07-14,2471,資通,1360,-15,0
2026-07-14,2472,立隆電,7909,-1980,34
2026-07-14,2474,可成,11292,-823,4
2026-07-14,2476,鉅祥,39534,28,25
2026-07-14,2477,美隆電,1160,11,34
2026-07-14,2478,大毅,8478,-808,35
2026-07-14,2480,敦陽科,361,-7,0
2026-07-14,2481,強茂,13666,-581,658
2026-07-14,2482,連宇,1787,-9,0
2026-07-14,2483,百容,2604,25,200
2026-07-14,2484,希華,14616,-1065,856
2026-07-14,2485,兆赫,15534,-884,574
2026-07-14,2486,一詮,24278,-777,275
2026-07-14,2488,漢平,484,4,0
2026-07-14,2489,瑞軒,40233,-3186,475
2026-07-14,2491,吉祥全,2366,-100,5
2026-07-14,2492,華新科,9215,-22,121
2026-07-14,2493,揚博,12386,-1933,232
2026-07-14,2495,普安,9729,-457,32
2026-07-14,2496,卓越,44,0,0
2026-07-14,2497,怡利電,3495,-59,0
2026-07-14,2498,宏達電,30187,-138,1231
2026-07-14,2501,國建,4872,126,0
2026-07-14,2504,國產,4774,-30,102
2026-07-14,2505,國揚,3369,13,0
2026-07-14,2506,太設,1846,1,0
2026-07-14,2509,全坤建,650,-2,1
2026-07-14,2511,太子,3033,-180,0
2026-07-14,2514,龍邦,18112,-3,0
2026-07-14,2515,中工,24984,338,1
2026-07-14,2516,新建,0,0,0
2026-07-14,2520,冠德,3139,-80,5
2026-07-14,2524,京城,3234,-13,0
2026-07-14,2527,宏璟,3937,73,5
2026-07-14,2528,皇普,6648,-33,0
2026-07-14,2530,華建,6470,4,3
2026-07-14,2534,宏盛,12000,1,52
2026-07-14,2535,達欣工,311,3,11
2026-07-14,2536,宏普,7563,-149,4
2026-07-14,2537,聯上發,3765,-3,1
2026-07-14,2538,基泰,2487,2,0
2026-07-14,2539,櫻花建,2175,58,5
2026-07-14,2540,愛山林,2772,-18,8
2026-07-14,2542,興富發,5594,-173,211
2026-07-14,2543,皇昌,11204,-160,35
2026-07-14,2545,皇翔,2791,8,2
2026-07-14,2546,根基,67,4,0
2026-07-14,2547,日勝生,10153,-170,0
2026-07-14,2548,華固,2324,1,4
2026-07-14,2597,潤弘,171,-9,0
2026-07-14,2601,益航,415,0,0
2026-07-14,2603,長榮,16794,-104,183
2026-07-14,2605,新興,13098,-46,6
2026-07-14,2606,裕民,4144,43,25
2026-07-14,2607,榮運,895,15,0
2026-07-14,2608,嘉里大榮,1414,-4,1
2026-07-14,2609,陽明,36497,605,13
2026-07-14,2610,華航,50768,2061,1089
2026-07-14,2611,志信,2079,-7,1
2026-07-14,2612,中航,1898,0,0
2026-07-14,2613,中櫃,2068,-47,2
2026-07-14,2614,東森,5686,-22,1
2026-07-14,2615,萬海,18088,-223,175
2026-07-14,2616,山隆,490,9,2
2026-07-14,2617,台航,2405,75,0
2026-07-14,2618,長榮航,30610,-54,145
2026-07-14,2630,亞航,9206,1958,171
2026-07-14,2633,台灣高鐵,1811,6,52
2026-07-14,2634,漢翔,27496,999,387
2026-07-14,2636,台驊控股,647,26,0
2026-07-14,2637,慧洋-KY,2341,153,43
2026-07-14,2642,宅配通,584,-1,3
2026-07-14,2645,長榮航太,4365,-310,19
2026-07-14,2646,星宇航空,4293,-71,24
2026-07-14,2701,萬企,364,-8,0
2026-07-14,2702,華園,420,1,0
2026-07-14,2704,國賓,126,0,0
2026-07-14,2705,六福,563,-10,0
2026-07-14,2706,第一店,788,-55,0
2026-07-14,2707,晶華,118,-1,0
2026-07-14,2712,遠雄來,7,0,0
2026-07-14,2722,夏都,471,4,0
2026-07-14,2723,美食-KY,1721,-28,1
2026-07-14,2727,王品,340,-1,0
2026-07-14,2731,雄獅,1024,-54,10
2026-07-14,2739,寒舍,848,7,0
2026-07-14,2748,雲品,662,-6,0
2026-07-14,2753,八方雲集,567,-4,2
2026-07-14,2762,世界健身-KY,139,-1,0
2026-07-14,2801,彰銀,8858,9,54
2026-07-14,2812,台中銀,4707,-40,0
2026-07-14,2816,旺旺保,702,-1,2
2026-07-14,2820,華票,589,11,0
2026-07-14,2832,台產,522,7,0
2026-07-14,2834,臺企銀,6328,-76,14
2026-07-14,2836,高雄銀,5913,-93,13
2026-07-14,2838,聯邦銀,2591,382,0
2026-07-14,2845,遠東銀,3731,70,32
2026-07-14,2849,安泰銀,136,-5,0
2026-07-14,2850,新產,249,-1,0
2026-07-14,2851,中再保,803,33,0
2026-07-14,2852,第一保,1291,-7,0
2026-07-14,2855,統一證,7607,309,112
2026-07-14,2867,三商壽,1929,-901,1
2026-07-14,2880,華南金,523,34,42
2026-07-14,2881,富邦金,7524,172,43
2026-07-14,2882,國泰金,6490,-78,18
2026-07-14,2883,凱基金,16818,151,29
2026-07-14,2884,玉山金,4791,-411,107
2026-07-14,2885,元大金,2370,-36,0
2026-07-14,2886,兆豐金,565,28,53
2026-07-14,2887,台新新光金,41343,-687,47
2026-07-14,2889,國票金,2266,-69,2
2026-07-14,2890,永豐金,2081,356,346
2026-07-14,2891,中信金,3292,-1484,39
2026-07-14,2892,第一金,4544,-87,12
2026-07-14,2897,王道銀行,2074,45,0
2026-07-14,2901,欣欣,485,0,0
2026-07-14,2903,遠百,1498,-8,0
2026-07-14,2904,匯僑,33,0,0
2026-07-14,2905,三商,8456,105,1
2026-07-14,2906,高林,629,5,0
2026-07-14,2908,特力,14356,-25,0
2026-07-14,2910,統領,15,13,0
2026-07-14,2911,麗嬰房,163,2,0
2026-07-14,2912,統一超,461,-19,0
2026-07-14,2913,農林,7866,-11,1
2026-07-14,2915,潤泰全,8694,-119,0
2026-07-14,2929,淘帝-KY,1925,3,0
2026-07-14,2939,永邑-KY,243,0,0
2026-07-14,3002,歐格,2107,29,16
2026-07-14,3003,健和興,3557,57,17
2026-07-14,3004,豐達科,2127,-207,6
2026-07-14,3005,神基,5145,-74,51
2026-07-14,3006,晶豪科,20695,-223,172
2026-07-14,3008,大立光,1876,16,10
2026-07-14,3010,華立,1292,-23,4
2026-07-14,3011,今皓,2755,-183,40
2026-07-14,3013,晟銘電,11025,-551,16
2026-07-14,3014,聯陽,2417,-117,3
2026-07-14,3015,全漢,2589,-203,0
2026-07-14,3016,嘉晶,9361,-1052,249
2026-07-14,3017,奇鋐,4516,-27,38
2026-07-14,3018,隆銘綠能,0,0,0
2026-07-14,3019,亞光,12094,27,27
2026-07-14,3021,鴻名,685,-3,0
2026-07-14,3022,威強電,5883,-127,10
2026-07-14,3023,信邦,1168,6,12
2026-07-14,3024,憶聲,7217,112,7
2026-07-14,3025,星通,1862,-9,0
2026-07-14,3026,禾伸堂,9880,242,208
2026-07-14,3027,盛達,4753,-127,0
2026-07-14,3028,增你強,3623,-198,0
2026-07-14,3029,零壹,3171,-66,12
2026-07-14,3030,德律,11473,-518,4
2026-07-14,3031,佰鴻,7380,-150,0
2026-07-14,3032,偉訓,8235,-5,24
2026-07-14,3033,威健,10526,633,604
2026-07-14,3034,聯詠,3052,15,8
2026-07-14,3035,智原,12158,-196,151
2026-07-14,3036,文曄,14509,-426,533
2026-07-14,3037,欣興,41221,-353,168
2026-07-14,3038,全台,1273,16,1
2026-07-14,3040,遠見,12130,-10,15
2026-07-14,3041,揚智,3688,48,20
2026-07-14,3042,晶技,15800,-1195,59
2026-07-14,3043,科風,1072,-14,0
2026-07-14,3044,健鼎,6157,-26,5
2026-07-14,3045,台灣大,1073,594,0
2026-07-14,3046,建碁,995,1,3
2026-07-14,3047,訊舟,6824,-47,7
2026-07-14,3048,益登,6759,-625,40
2026-07-14,3049,精金,0,0,0
2026-07-14,3050,鈺德,3418,86,0
2026-07-14,3051,力特,4264,-41,6
2026-07-14,3052,夆典,1749,-14,0
2026-07-14,3054,立萬利,1038,-12,0
2026-07-14,3055,蔚華科,7003,-7,17
2026-07-14,3056,富華新,4648,-486,123
2026-07-14,3057,喬鼎,0,0,0
2026-07-14,3058,立德,0,0,0
2026-07-14,3059,華晶科,12599,-440,30
2026-07-14,3060,銘異,9563,-132,15
2026-07-14,3062,建漢,12373,-181,30
2026-07-14,3090,日電貿,4547,-61,66
2026-07-14,3092,鴻碩,3838,21,5
2026-07-14,3094,聯傑,2865,-268,11
2026-07-14,3130,一零四,10,0,0
2026-07-14,3135,凌航,2336,-80,38
2026-07-14,3138,耀登,2707,-124,3
2026-07-14,3149,正達,21747,-562,0
2026-07-14,3150,鈺寶-創,264,5,0
2026-07-14,3164,景岳,293,0,0
2026-07-14,3167,大量,12084,385,32
2026-07-14,3168,眾福科,35,0,0
2026-07-14,3189,景碩,18254,-235,62
2026-07-14,3209,全科,6010,11,12
2026-07-14,3229,晟鈦,0,0,0
2026-07-14,3231,緯創,48388,-700,39
2026-07-14,3257,虹冠電,2964,-121,21
2026-07-14,3266,昇陽,380,-5,0
2026-07-14,3296,勝德,1828,-16,2
2026-07-14,3305,昇貿,7820,-563,0
2026-07-14,3308,聯德,695,5,0
2026-07-14,3311,閎暉,2540,56,0
2026-07-14,3312,弘憶股,5788,-229,33
2026-07-14,3321,同泰,0,0,0
2026-07-14,3338,泰碩,3951,5,3
2026-07-14,3346,麗清,2983,-16,5
2026-07-14,3356,奇偶,1872,5,2
2026-07-14,3376,新日興,12645,-165,168
2026-07-14,3380,明泰,5447,13,0
2026-07-14,3406,玉晶光,2810,-102,14
2026-07-14,3413,京鼎,4605,-193,3
2026-07-14,3416,融程電,1306,-40,52
2026-07-14,3419,譁裕,1093,0,0
2026-07-14,3432,台端,0,0,0
2026-07-14,3437,榮創,3431,-133,11
2026-07-14,3443,創意,4331,-61,8
2026-07-14,3447,展達,2637,-61,22
2026-07-14,3450,聯鈞,19357,37,74
2026-07-14,3481,群創,388657,-33915,10323
2026-07-14,3494,誠研,0,0,0
2026-07-14,3501,維熹,1189,-6,0
2026-07-14,3504,揚明光,2845,-58,53
2026-07-14,3515,華擎,1717,20,1
2026-07-14,3518,柏騰,4254,-149,40
2026-07-14,3528,安馳,2321,-83,0
2026-07-14,3530,晶相光,1271,0,0
2026-07-14,3532,台勝科,9563,-809,305
2026-07-14,3533,嘉澤,630,15,2
2026-07-14,3535,晶彩科,6311,-466,75
2026-07-14,3543,州巧,5314,-170,20
2026-07-14,3545,敦泰,4531,4,32
2026-07-14,3550,聯穎,14205,-422,67
2026-07-14,3557,嘉威,422,15,0
2026-07-14,3563,牧德,5567,-212,1
2026-07-14,3576,聯合再生,0,0,0
2026-07-14,3583,辛耘,2115,-90,44
2026-07-14,3588,通嘉,1727,-65,0
2026-07-14,3591,艾笛森,26436,-2,12
2026-07-14,3592,瑞鼎,918,7,0
2026-07-14,3593,力銘,0,0,0
2026-07-14,3596,智易,1488,-20,17
2026-07-14,3605,宏致,8707,-746,70
2026-07-14,3607,谷崧,1892,-127,0
2026-07-14,3617,碩天,2615,-38,3
2026-07-14,3622,洋華,1978,-88,0
2026-07-14,3645,達邁,6588,-388,9
2026-07-14,3652,精聯,530,-4,0
2026-07-14,3653,健策,2393,-35,17
2026-07-14,3661,世芯-KY,6092,-111,88
2026-07-14,3665,貿聯-KY,3291,-128,0
2026-07-14,3669,圓展,923,22,0
2026-07-14,3673,TPK-KY,18237,-549,0
2026-07-14,3679,新至陞,122,9,0
2026-07-14,3686,達能,0,0,0
2026-07-14,3694,海華,7740,-95,51
2026-07-14,3701,大眾控,7423,-182,9
2026-07-14,3702,大聯大,6371,-10,2698
2026-07-14,3703,欣陸,1409,-2,1
2026-07-14,3704,合勤控,6778,-646,23
2026-07-14,3705,永信,420,-1,0
2026-07-14,3706,神達,32967,-441,156
2026-07-14,3708,上緯投控,3109,-450,4
2026-07-14,3711,日月光投控,10807,-203,40
2026-07-14,3712,永崴投控,2970,15,80
2026-07-14,3714,富采,29692,-1234,83
2026-07-14,3715,定穎投控,25426,-1325,260
2026-07-14,3716,中化控股,493,-25,0
2026-07-14,3717,聯嘉投控,10434,-138,367
2026-07-14,4104,佳醫,65,-3,0
2026-07-14,4106,雃博,790,-5,0
2026-07-14,4108,懷特,0,0,0
2026-07-14,4119,旭富,621,-13,0
2026-07-14,4133,亞諾法,1023,11,2
2026-07-14,4137,麗豐-KY,1081,-34,0
2026-07-14,4142,國光生,6589,23,0
2026-07-14,4148,全宇生技-KY,413,-5,0
2026-07-14,4155,訊映,824,21,0
2026-07-14,4164,承業醫,7013,29,0
2026-07-14,4190,佐登-KY,301,0,0
2026-07-14,4306,炎洲,5441,623,1
2026-07-14,4414,如興,749,6,0
2026-07-14,4426,利勤,924,1,0
2026-07-14,4438,廣越,982,1,0
2026-07-14,4439,冠星-KY,256,5,0
2026-07-14,4440,宜新實業,142,10,0
2026-07-14,4441,振大環球,157,1,1
2026-07-14,4526,東台,6941,-425,7
2026-07-14,4532,瑞智,2811,-220,22
2026-07-14,4536,拓凱,675,-107,0
2026-07-14,4540,全球傳動,4377,-1127,15
2026-07-14,4545,銘鈺,1290,2,0
2026-07-14,4551,智伸科,3722,-99,57
2026-07-14,4552,力達-KY,2093,1,0
2026-07-14,4555,氣立,2972,-79,36
2026-07-14,4557,永新-KY,339,0,0
2026-07-14,4560,強信-KY,266,2,0
2026-07-14,4562,穎漢,2100,-29,88
2026-07-14,4564,元翎,12240,948,373
2026-07-14,4566,時碩工業,3978,-20,24
2026-07-14,4569,六方科-KY,746,-10,0
2026-07-14,4571,鈞興-KY,1140,-70,0
2026-07-14,4572,駐龍,316,-7,0
2026-07-14,4576,大銀微系統,2601,-297,12
2026-07-14,4581,光隆精密-KY,27,-1,0
2026-07-14,4583,台灣精銳,3608,-11,4
2026-07-14,4585,達明,661,14,59
2026-07-14,4588,玖鼎電力,440,-4,0
2026-07-14,4720,德淵,3997,-20,0
2026-07-14,4722,國精化,12870,-293,230
2026-07-14,4736,泰博,223,-7,0
2026-07-14,4737,華廣,1441,124,1
2026-07-14,4739,康普,11385,-221,100
2026-07-14,4746,台耀,2210,37,0
2026-07-14,4755,三福化,1409,-263,0
2026-07-14,4763,材料*-KY,42261,-179,13
2026-07-14,4764,雙鍵,7696,-236,81
2026-07-14,4766,南寶,1255,-84,0
2026-07-14,4770,上品,996,-19,11
2026-07-14,4771,望隼,566,22,0
2026-07-14,4807,日成-KY,1338,17,11
2026-07-14,4904,遠傳,451,-57,6
2026-07-14,4906,正文,31207,-494,36
2026-07-14,4912,聯德控股-KY,3768,-36,0
2026-07-14,4915,致伸,4133,1,7
2026-07-14,4916,事欣科,8339,-1831,272
2026-07-14,4919,新唐,17580,-697,1980
2026-07-14,4927,泰鼎-KY,30099,-1133,1025
2026-07-14,4930,燦星網,3720,2,0
2026-07-14,4934,太極,0,0,0
2026-07-14,4935,茂林-KY,676,4,0
2026-07-14,4938,和碩,5233,-902,48
2026-07-14,4942,嘉彰,615,-5,0
2026-07-14,4943,康控-KY,0,0,0
2026-07-14,4949,有成精密,3398,20,81
2026-07-14,4952,凌通,1485,-8,4
2026-07-14,4956,光鋐,6981,-260,19
2026-07-14,4958,臻鼎-KY,30421,-654,366
2026-07-14,4960,誠美材,17097,-444,82
2026-07-14,4961,天鈺,1620,2,4
2026-07-14,4967,十銓,8448,-198,789
2026-07-14,4968,立積,5998,8,18
2026-07-14,4976,佳凌,4817,-63,87
2026-07-14,4977,眾達-KY,7437,-193,20
2026-07-14,4989,榮科,19606,-233,304
2026-07-14,4994,傳奇,2268,3,2
2026-07-14,4999,鑫禾,411,2,0
2026-07-14,5007,三星,9,0,0
2026-07-14,5203,訊連,1291,-10,6
2026-07-14,5215,科嘉-KY,734,-34,0
2026-07-14,5222,全訊,1993,-6,11
2026-07-14,5225,東科-KY,1514,-39,2
2026-07-14,5234,達興材料,1582,-15,17
2026-07-14,5243,乙盛-KY,11018,-316,14
2026-07-14,5244,弘凱,2828,-41,20
2026-07-14,5258,虹堡,4077,-83,1
2026-07-14,5269,祥碩,2161,6,108
2026-07-14,5283,禾聯碩,133,4,0
2026-07-14,5284,jpp-KY,3805,-136,3
2026-07-14,5285,界霖,5572,-622,18
2026-07-14,5288,豐祥-KY,2332,-3,2
2026-07-14,5292,華懋,1028,-17,0
2026-07-14,5306,桂盟,467,-5,0
2026-07-14,5388,中磊,5808,21,11
2026-07-14,5434,崇越,911,11,0
2026-07-14,5469,瀚宇博,14742,-261,25
2026-07-14,5471,松翰,4696,-272,5
2026-07-14,5484,慧友,0,0,0
2026-07-14,5515,建國,1807,54,63
2026-07-14,5519,隆大,855,-9,56
2026-07-14,5521,工信,15291,-82,0
2026-07-14,5522,遠雄,996,-47,2
2026-07-14,5525,順天,357,-15,0
2026-07-14,5531,鄉林,3265,3,12
2026-07-14,5533,皇鼎,531,-4,0
2026-07-14,5534,長虹,4145,-42,0
2026-07-14,5538,東明-KY,9,-4,0
2026-07-14,5546,永固-KY,21,-2,0
2026-07-14,5607,遠雄港,1487,35,0
2026-07-14,5608,四維航,4701,16,1
2026-07-14,5706,鳳凰,768,-20,25
2026-07-14,5871,中租-KY,4485,-219,12
2026-07-14,5876,上海商銀,1123,-122,1
2026-07-14,5880,合庫金,2281,38,26
2026-07-14,5906,台南-KY,26,0,0
2026-07-14,5907,大洋-KY,5492,-1,0
2026-07-14,6005,群益證,5310,43,28
2026-07-14,6024,群益期,135,-15,0
2026-07-14,6108,競國,1501,-56,0
2026-07-14,6112,邁達特,3341,-18,0
2026-07-14,6115,鎰勝,94,0,0
2026-07-14,6116,彩晶,39077,-1944,11034
2026-07-14,6117,迎廣,2613,-17,22
2026-07-14,6120,達運,7435,204,3
2026-07-14,6128,上福,1201,6,0
2026-07-14,6133,金橋,3277,-80,33
2026-07-14,6136,富爾特,2749,-3,0
2026-07-14,6139,亞翔,7379,138,74
2026-07-14,6141,柏承,46,0,0
2026-07-14,6142,友勁,0,0,0
2026-07-14,6152,百一,0,0,0
2026-07-14,6153,嘉聯益,14093,-110,121
2026-07-14,6155,鈞寶,3497,-180,10
2026-07-14,6164,華興,3604,-456,5
2026-07-14,6165,浪凡,8379,-53,1
2026-07-14,6166,凌華,3659,-158,4
2026-07-14,6168,宏齊,5082,-381,426
2026-07-14,6176,瑞儀,7382,298,10
2026-07-14,6177,達麗,2763,-157,0
2026-07-14,6183,關貿,9,0,0
2026-07-14,6184,大豐電,498,-2,0
2026-07-14,6189,豐藝,2476,-22,0
2026-07-14,6191,精成科,22513,-656,7
2026-07-14,6192,巨路,806,-46,0
2026-07-14,6196,帆宣,1517,-106,4
2026-07-14,6197,佳必琪,5137,-43,68
2026-07-14,6201,亞弘電,29,0,0
2026-07-14,6202,盛群,5924,-198,41
2026-07-14,6205,詮欣,4867,-447,2
2026-07-14,6206,飛捷,1807,-84,0
2026-07-14,6209,今國光,14700,-245,163
2026-07-14,6213,聯茂,15041,-1169,255
2026-07-14,6214,精誠,1707,-53,2
2026-07-14,6215,和椿,5662,-228,0
2026-07-14,6216,居易,717,-9,1
2026-07-14,6224,聚鼎,2177,-92,26
2026-07-14,6225,天瀚,0,0,0
2026-07-14,6226,光鼎,1763,-570,142
2026-07-14,6230,尼得科超眾,468,0,1
2026-07-14,6235,華孚,5235,-108,24
2026-07-14,6239,力成,23849,-2987,64
2026-07-14,6243,迅杰,1378,-88,72
2026-07-14,6257,矽格,9443,76,11
2026-07-14,6269,台郡,10317,-426,291
2026-07-14,6271,同欣電,8454,-963,60
2026-07-14,6272,驊陞,9,6,0
2026-07-14,6277,宏正,188,-10,0
2026-07-14,6278,台表科,11011,-762,130
2026-07-14,6281,全國電,73,0,0
2026-07-14,6282,康舒,32741,-91,510
2026-07-14,6283,淳安,2555,-8,1
2026-07-14,6285,啟碁,16637,-397,86
2026-07-14,6405,悅城,7094,-122,102
2026-07-14,6409,旭隼,1184,56,24
2026-07-14,6412,群電,3419,-103,0
2026-07-14,6414,樺漢,1354,-16,510
2026-07-14,6415,矽力*-KY,5128,-423,89
2026-07-14,6416,瑞祺電通,3484,-33,4
2026-07-14,6426,統新,2356,-328,10
2026-07-14,6431,光麗-KY,0,0,0
2026-07-14,6438,迅得,4156,-33,15
2026-07-14,6442,光聖,4351,-241,0
2026-07-14,6443,元晶,14504,-782,501
2026-07-14,6446,藥華藥,8093,-573,7
2026-07-14,6449,鈺邦,3169,-154,9
2026-07-14,6451,訊芯-KY,8490,-815,101
2026-07-14,6456,GIS-KY,12297,-103,169
2026-07-14,6464,台數科,1,-1,0
2026-07-14,6472,保瑞,3638,-56,6
2026-07-14,6477,安集,4288,502,704
2026-07-14,6491,晶碩,560,-312,2
2026-07-14,6504,南六,126,0,0
2026-07-14,6505,台塑化,9055,754,126
2026-07-14,6515,穎崴,407,-24,0
2026-07-14,6525,捷敏-KY,4485,-914,8
2026-07-14,6526,達發,1646,6,0
2026-07-14,6531,愛普*,8288,-736,18
2026-07-14,6533,晶心科,2478,45,24
2026-07-14,6534,正瀚-創,1824,-11,0
2026-07-14,6541,泰福-KY,3828,-27,0
2026-07-14,6550,北極星藥業-KY,0,0,0
2026-07-14,6552,易華電,1142,0,19
2026-07-14,6558,興能高,3762,-36,16
2026-07-14,6573,虹揚-KY,0,0,0
2026-07-14,6579,研揚,1440,-167,0
2026-07-14,6581,鋼聯,5,-1,0
2026-07-14,6582,申豐,367,2,0
2026-07-14,6585,鼎基,2578,-7,61
2026-07-14,6589,台康生技,3191,71,42
2026-07-14,6591,動力-KY,2344,-52,35
2026-07-14,6592,和潤企業,728,10,1
2026-07-14,6598,ABC-KY,0,0,0
2026-07-14,6605,帝寶,2396,-24,0
2026-07-14,6606,建德工業,536,1,0
2026-07-14,6614,資拓宏宇,54,0,0
2026-07-14,6625,必應,909,-37,5
2026-07-14,6641,基士德-KY,102,2,0
2026-07-14,6645,金萬林-創,12,0,0
2026-07-14,6655,科定,0,0,0
2026-07-14,6657,華安,1430,-12,0
2026-07-14,6658,聯策,1673,-78,14
2026-07-14,6666,羅麗芬-KY,347,5,0
2026-07-14,6668,中揚光,2931,-91,1
2026-07-14,6669,緯穎,1943,-32,8
2026-07-14,6670,復盛應用,415,-11,3
2026-07-14,6671,三能-KY,55,-2,0
2026-07-14,6672,騰輝電子-KY,5413,-174,34
2026-07-14,6674,鋐寶科技,278,0,0
2026-07-14,6689,伊雲谷,1437,-12,0
2026-07-14,6691,洋基工程,1568,-2,23
2026-07-14,6695,芯鼎,3620,6,18
2026-07-14,6698,旭暉應材,2396,-24,0
2026-07-14,6706,惠特,9350,-638,53
2026-07-14,6715,嘉基,6009,-30,6
2026-07-14,6719,力智,4693,-291,0
2026-07-14,6742,澤米,2437,-529,30
2026-07-14,6743,安普新,581,-27,0
2026-07-14,6753,龍德造船,6111,92,255
2026-07-14,6754,匯僑設計,131,0,0
2026-07-14,6756,威鋒電子,697,-63,2
2026-07-14,6757,台灣虎航,3521,-138,28
2026-07-14,6768,志強-KY,1280,-25,1
2026-07-14,6770,力積電,166656,-3080,3150
2026-07-14,6771,平和環保-創,80,0,0
2026-07-14,6776,展碁國際,973,-15,0
2026-07-14,6781,AES-KY,2875,-129,0
2026-07-14,6782,視陽,469,-36,0
2026-07-14,6789,采鈺,6412,-1056,102
2026-07-14,6790,永豐實,603,-2,0
2026-07-14,6792,詠業,269,3,0
2026-07-14,6794,向榮生技,267,0,0
2026-07-14,6796,晉弘,541,10,0
2026-07-14,6799,來頡,2228,28,0
2026-07-14,6805,富世達,2560,-88,9
2026-07-14,6807,峰源-KY,138,0,0
2026-07-14,6830,汎銓,3869,-176,18
2026-07-14,6831,邁科,75,75,0
2026-07-14,6834,天二科技,5195,-381,216
2026-07-14,6835,圓裕,845,2,4
2026-07-14,6838,台新藥,2625,-8,0
2026-07-14,6854,錼創科技-KY創,3535,-21,0
2026-07-14,6861,睿生光電,2540,-232,46
2026-07-14,6862,三集瑞-KY,1403,-144,1
2026-07-14,6863,永道-KY,982,41,4
2026-07-14,6869,雲豹能源,3395,-27,24
2026-07-14,6873,泓德能源,4033,-47,27
2026-07-14,6885,全福生技,2319,-86,0
2026-07-14,6887,寶綠特-KY,865,-254,0
2026-07-14,6890,來億-KY,844,-38,5
2026-07-14,6901,鑽石投資,5847,130,138
2026-07-14,6902,GOGOLOOK,637,16,0
2026-07-14,6906,現觀科,513,-37,0
2026-07-14,6909,創控,1728,-31,15
2026-07-14,6914,阜爾運通,338,0,0
2026-07-14,6916,華凌,414,-5,0
2026-07-14,6918,愛派司,98,0,0
2026-07-14,6919,康霈*,0,0,0
2026-07-14,6923,中台,1956,2,0
2026-07-14,6928,攸泰科技,886,37,9
2026-07-14,6931,青松健康,142,-1,0
2026-07-14,6933,AMAX-KY,842,159,0
2026-07-14,6936,永鴻生技,242,0,0
2026-07-14,6937,天虹,1784,-52,1
2026-07-14,6944,兆聯實業,683,-18,0
2026-07-14,6949,沛爾生醫-創,5273,31,2
2026-07-14,6951,青新-創,77,0,0
2026-07-14,6952,大武山,42,0,0
2026-07-14,6957,裕慶-KY,1414,139,62
2026-07-14,6958,日盛台駿,173,0,0
2026-07-14,6962,奕力-KY,9180,-5,2
2026-07-14,6965,中傑-KY,39,0,0
2026-07-14,6994,富威電力,3181,-8,11
2026-07-14,7705,三商餐飲,94,-2,0
2026-07-14,7711,永擎,594,5,0
2026-07-14,7721,微程式,1241,-40,0
2026-07-14,7722,LINEPAY,802,-9,0
2026-07-14,7730,暉盛-創,617,1,3
2026-07-14,7732,金興精密,102,0,0
2026-07-14,7736,虎山,65,1,0
2026-07-14,7740,熙特爾-創,1810,-10,13
2026-07-14,7749,意騰-KY,1185,-36,0
2026-07-14,7750,新代,668,-11,3
2026-07-14,7765,中華資安,479,1,0
2026-07-14,7769,鴻勁,266,9,0
2026-07-14,7780,大研生醫*,174,64,0
2026-07-14,7786,東方風能,295,-40,0
2026-07-14,7788,松川精密,2351,-197,14
2026-07-14,7791,皇家可口,16,0,0
2026-07-14,7799,禾榮科,1081,-60,2
2026-07-14,8011,台通,3669,-131,8
2026-07-14,8016,矽創,1768,-227,3
2026-07-14,8021,尖點,11292,-354,0
2026-07-14,8028,昇陽半導體,5737,-468,29
2026-07-14,8033,雷虎,9175,-227,817
2026-07-14,8039,台虹,16095,321,741
2026-07-14,8045,達運光電,4816,12,7
2026-07-14,8046,南電,11092,788,768
2026-07-14,8070,長華*,7585,-291,6
2026-07-14,8072,陞泰,1941,-8,0
2026-07-14,8081,致新,1543,37,2
2026-07-14,8101,華冠,0,0,0
2026-07-14,8103,瀚荃,3739,-680,1
2026-07-14,8104,錸寶,4720,-110,27
2026-07-14,8105,凌巨,9275,-239,471
2026-07-14,8110,華東,18772,-526,26
2026-07-14,8112,至上,19221,68,1127
2026-07-14,8114,振樺電,2112,-39,1
2026-07-14,8131,福懋科,6345,-266,0
2026-07-14,8150,南茂,28499,-1645,344
2026-07-14,8162,微矽電子-創,2217,-76,0
2026-07-14,8163,達方,2566,-76,17
2026-07-14,8201,無敵,0,0,0
2026-07-14,8210,勤誠,2312,-39,22
2026-07-14,8213,志超,4040,-28,0
2026-07-14,8215,明基材,3521,-49,0
2026-07-14,8222,寶一,3580,116,0
2026-07-14,8249,菱光,4285,-34,3
2026-07-14,8261,富鼎,10733,-640,111
2026-07-14,8271,宇瞻,5101,-148,253
2026-07-14,8341,日友,377,11,0
2026-07-14,8367,建新國際,11,0,0
2026-07-14,8374,羅昇,1807,-58,0
2026-07-14,8404,百和興業-KY,3940,-36,0
2026-07-14,8411,福貞-KY,27,3,0
2026-07-14,8422,可寧衛*,29163,-959,111
2026-07-14,8429,金麗-KY,13562,24,9
2026-07-14,8438,昶昕,6497,4,0
2026-07-14,8442,威宏-KY,854,4,1
2026-07-14,8443,阿瘦,28,0,0
2026-07-14,8454,富邦媒,1486,1,169
2026-07-14,8462,柏文,1059,-80,4
2026-07-14,8463,潤泰材,125,-1,0
2026-07-14,8464,億豐,67,0,0
2026-07-14,8466,美吉吉-KY,1358,-10,0
2026-07-14,8467,波力-KY,260,-1,2
2026-07-14,8473,山林水,2571,-33,110
2026-07-14,8476,台境*,17603,132,456
2026-07-14,8478,東哥遊艇,1186,-41,0
2026-07-14,8481,政伸,4,0,0
2026-07-14,8482,商億-KY,160,0,0
2026-07-14,8487,愛爾達-創,45,-19,0
2026-07-14,8488,吉源-KY,22,0,0
2026-07-14,8499,鼎炫-KY,595,14,0
2026-07-14,8926,台汽電,7604,-328,50
2026-07-14,8940,新天地,125,4,0
2026-07-14,8996,高力,4503,-36,175
2026-07-14,9802,鈺齊-KY,2583,-57,6
2026-07-14,9902,台火,3425,-17,1
2026-07-14,9904,寶成,22457,215,8
2026-07-14,9905,大華,24,0,0
2026-07-14,9906,欣巴巴,446,-2,4
2026-07-14,9907,統一實,4049,-15,5
2026-07-14,9908,大台北,189,7,0
2026-07-14,9910,豐泰,2591,4,7
2026-07-14,9911,櫻花,383,-10,0
2026-07-14,9912,偉聯,0,0,0
2026-07-14,9914,美利達,3301,-209,63
2026-07-14,9917,中保科,138,-23,0
2026-07-14,9918,欣天然,71,-2,0
2026-07-14,9919,康那香,7875,27,0
2026-07-14,9921,巨大,2035,-406,76
2026-07-14,9924,福興,727,0,0
2026-07-14,9925,新保,3,0,0
2026-07-14,9926,新海,8,-1,0
2026-07-14,9927,泰銘,57,0,0
2026-07-14,9928,中視,454,4,0
2026-07-14,9929,秋雨,0,0,0
2026-07-14,9930,中聯資源,21,-1,0
2026-07-14,9931,欣高,81,0,0
2026-07-14,9933,中鼎,4206,-40,8
2026-07-14,9934,成霖,5785,67,8
2026-07-14,9935,慶豐富,1159,-60,0
2026-07-14,9937,全國,159,-16,0
2026-07-14,9938,百和,3482,-27,3
2026-07-14,9939,宏全,1002,-30,0
2026-07-14,9940,信義,1255,1,0
2026-07-14,9941,裕融,1097,-4,3
2026-07-14,9942,茂順,47,-1,0
2026-07-14,9943,好樂迪,96,-5,0
2026-07-14,9944,新麗,5512,0,0
2026-07-14,9945,潤泰新,21705,-102,9
2026-07-14,9946,三發地產,1051,-57,0
2026-07-14,9955,佳龍,1376,-36,1
2026-07-14,9958,世紀鋼,9318,-143,10
2026-07-15,1101,台泥,35215,-963,26
2026-07-15,1102,亞泥,1255,65,0
2026-07-15,1103,嘉泥,4125,1,0
2026-07-15,1104,環泥,1553,0,0
2026-07-15,1108,幸福,408,31,0
2026-07-15,1109,信大,292,5,0
2026-07-15,1110,東泥,2758,-64,0
2026-07-15,1201,味全,1654,-3,0
2026-07-15,1203,味王,1,-1,0
2026-07-15,1210,大成,619,6,5
2026-07-15,1213,大飲,0,0,0
2026-07-15,1215,卜蜂,372,1,1
2026-07-15,1216,統一,563,8,13
2026-07-15,1217,愛之味,919,24,1
2026-07-15,1218,泰山,1457,0,135
2026-07-15,1219,福壽,532,15,5
2026-07-15,1220,台榮,863,0,0
2026-07-15,1225,福懋油,6935,0,10
2026-07-15,1227,佳格,904,24,0
2026-07-15,1229,聯華,2919,9,10
2026-07-15,1231,聯華食,255,-10,0
2026-07-15,1232,大統益,97,7,0
2026-07-15,1233,天仁,19,0,0
2026-07-15,1234,黑松,15,0,0
2026-07-15,1235,興泰,1185,-1,0
2026-07-15,1236,宏亞,246,19,0
2026-07-15,1256,鮮活果汁-KY,362,1,24
2026-07-15,1301,台塑,27691,311,982
2026-07-15,1303,南亞,51854,3048,1403
2026-07-15,1304,台聚,12812,-176,92
2026-07-15,1305,華夏,7338,-186,6
2026-07-15,1307,三芳,1333,4,0
2026-07-15,1308,亞聚,7935,18,13
2026-07-15,1309,台達化,8516,-65,14
2026-07-15,1310,台苯,14693,-194,109
2026-07-15,1312,國喬,24665,724,138
2026-07-15,1313,聯成,10914,65,142
2026-07-15,1314,中石化,81774,1321,417
2026-07-15,1315,達新,21,1,0
2026-07-15,1316,上曜,10735,-99,35
2026-07-15,1319,東陽,6962,99,33
2026-07-15,1321,大洋,7246,0,0
2026-07-15,1323,永裕,80,-5,0
2026-07-15,1324,地球,1369,1,0
2026-07-15,1325,恆大,2015,-6,17
2026-07-15,1326,台化,34807,648,725
2026-07-15,1337,再生-KY,21369,-21,0
2026-07-15,1338,廣華-KY,3857,0,0
2026-07-15,1339,昭輝,852,-6,0
2026-07-15,1340,勝悅-KY,1027,12,0
2026-07-15,1342,八貫,754,53,0
2026-07-15,1402,遠東新,7793,-486,102
2026-07-15,1409,新纖,25499,200,78
2026-07-15,1410,南染,308,-2,0
2026-07-15,1413,宏洲,0,0,0
2026-07-15,1414,東和,1283,46,0
2026-07-15,1416,廣豐,3304,-14,0
2026-07-15,1417,嘉裕,1846,-23,0
2026-07-15,1418,東華,759,0,0
2026-07-15,1419,新紡,1260,5,0
2026-07-15,1423,利華,87,0,0
2026-07-15,1432,大魯閣,135,3,38
2026-07-15,1434,福懋,6564,367,0
2026-07-15,1435,中福,0,0,0
2026-07-15,1436,華友聯,986,-8,0
2026-07-15,1437,勤益控,2093,0,0
2026-07-15,1438,三地開發,152,-20,0
2026-07-15,1439,雋揚,1060,0,0
2026-07-15,1440,南紡,5637,53,0
2026-07-15,1441,大東,0,0,0
2026-07-15,1442,名軒,2951,5,8
2026-07-15,1443,立益物流,31,0,0
2026-07-15,1444,力麗,570,-3,0
2026-07-15,1445,大宇,1407,-1,1
2026-07-15,1446,宏和,1660,5,10
2026-07-15,1447,力鵬,941,0,0
2026-07-15,1449,佳和,3140,-26,1
2026-07-15,1451,年興,750,12,0
2026-07-15,1452,宏益,105,0,0
2026-07-15,1453,大將,1026,-10,0
2026-07-15,1454,台富,2177,0,0
2026-07-15,1455,集盛,3583,-91,5
2026-07-15,1456,怡華,803,5,0
2026-07-15,1457,宜進,712,0,1
2026-07-15,1459,聯發,478,-4,0
2026-07-15,1460,宏遠,0,0,0
2026-07-15,1463,強盛新,495,0,0
2026-07-15,1464,得力,2059,86,0
2026-07-15,1465,偉全,3302,-17,0
2026-07-15,1466,聚隆,3112,68,35
2026-07-15,1467,南緯,6410,-38,8
2026-07-15,1468,昶和,0,0,0
2026-07-15,1470,大統新創,6,0,0
2026-07-15,1471,首利,0,0,0
2026-07-15,1472,三洋實業,3888,0,2
2026-07-15,1473,台南,853,-5,0
2026-07-15,1474,弘裕,3390,6,0
2026-07-15,1475,業旺,452,1,0
2026-07-15,1476,儒鴻,1019,86,15
2026-07-15,1477,聚陽,1661,-35,1
2026-07-15,1503,士電,3276,17,23
2026-07-15,1504,東元,31665,-1016,142
2026-07-15,1506,正道,0,0,0
2026-07-15,1512,瑞利,0,0,0
2026-07-15,1513,中興電,8150,-351,159
2026-07-15,1514,亞力,7206,147,118
2026-07-15,1515,力山,3003,84,157
2026-07-15,1516,川飛,2,0,0
2026-07-15,1517,利奇,1697,24,0
2026-07-15,1519,華城,3564,-34,13
2026-07-15,1521,大億,444,0,0
2026-07-15,1522,堤維西,4360,-2,0
2026-07-15,1524,耿鼎,4371,-2,15
2026-07-15,1525,江申,232,0,0
2026-07-15,1526,日馳,588,3,0
2026-07-15,1527,鑽全,580,-17,0
2026-07-15,1528,恩德,7441,11,58
2026-07-15,1529,樂事綠能,3030,52,0
2026-07-15,1530,亞崴,289,-9,0
2026-07-15,1531,高林股,1750,1,1
2026-07-15,1532,勤美,2767,-40,1
2026-07-15,1533,車王電,511,3,9
2026-07-15,1535,中宇,67,1,0
2026-07-15,1536,和大,8642,102,217
2026-07-15,1537,廣隆,57,0,0
2026-07-15,1538,正峰,0,0,0
2026-07-15,1539,巨庭,1330,10,0
2026-07-15,1540,喬福,1792,64,1
2026-07-15,1541,錩泰,116,0,0
2026-07-15,1558,伸興,257,0,0
2026-07-15,1560,中砂,1638,103,0
2026-07-15,1563,巧新,7287,129,0
2026-07-15,1568,倉佑,2736,-219,3
2026-07-15,1582,信錦,4653,4,9
2026-07-15,1583,程泰,81,0,0
2026-07-15,1587,吉茂,1954,3,23
2026-07-15,1589,永冠-KY,793,-2,0
2026-07-15,1590,亞德客-KY,114,-1,0
2026-07-15,1597,直得,3477,-307,28
2026-07-15,1598,岱宇,2145,0,0
2026-07-15,1603,華電,2122,-4,10
2026-07-15,1604,聲寶,228,-20,0
2026-07-15,1605,華新,56921,-1339,690
2026-07-15,1608,華榮,8158,-210,1
2026-07-15,1609,大亞,14153,-3,23
2026-07-15,1611,中電,3336,-3,5
2026-07-15,1612,宏泰,1917,12,2
2026-07-15,1614,三洋電,343,-15,0
2026-07-15,1615,大山,149,1,0
2026-07-15,1616,億泰,3261,36,0
2026-07-15,1617,榮星,2873,-34,4
2026-07-15,1618,合機,3747,-53,38
2026-07-15,1626,艾美特-KY,1675,1,0
2026-07-15,1702,南僑,315,-1,0
2026-07-15,1707,葡萄王,360,-2,20
2026-07-15,1708,東鹼,7989,109,148
2026-07-15,1709,和益,12206,1983,33
2026-07-15,1710,東聯,10628,496,64
2026-07-15,1711,永光,20407,202,240
2026-07-15,1712,興農,460,-1,0
2026-07-15,1713,國化,3023,39,2
2026-07-15,1714,和桐,16674,523,313
2026-07-15,1717,長興,22092,-95,149
2026-07-15,1718,中纖,17513,-134,455
2026-07-15,1720,生達,332,0,0
2026-07-15,1721,三晃,127,0,0
2026-07-15,1722,台肥,2589,-19,0
2026-07-15,1723,中碳,674,34,0
2026-07-15,1725,元禎,286,2,0
2026-07-15,1726,永記,28,0,0
2026-07-15,1727,中華化,8622,169,54
2026-07-15,1730,花仙子,8,0,0
2026-07-15,1731,美吾華,312,-2,0
2026-07-15,1732,毛寶,609,-4,0
2026-07-15,1733,五鼎,2603,-13,1
2026-07-15,1734,杏輝,537,-1,0
2026-07-15,1735,日勝化,798,1,0
2026-07-15,1736,喬山,1984,26,3
2026-07-15,1737,臺鹽,22,0,0
2026-07-15,1752,南光,328,-2,0
2026-07-15,1760,寶齡富錦,1057,-31,0
2026-07-15,1762,中化生,699,2,2
2026-07-15,1773,勝一,1318,12,3
2026-07-15,1776,展宇,855,13,1
2026-07-15,1783,和康生,588,0,0
2026-07-15,1786,科妍,5123,8,1
2026-07-15,1789,神隆,3311,-170,5
2026-07-15,1795,美時,8875,6,23
2026-07-15,1802,台玻,51773,427,1120
2026-07-15,1805,寶徠,1415,-5,0
2026-07-15,1806,冠軍,3055,-38,0
2026-07-15,1808,潤隆,5829,-9,0
2026-07-15,1809,中釉,6866,89,74
2026-07-15,1810,和成,25327,1360,1366
2026-07-15,1817,凱撒衛,17,0,0
2026-07-15,1903,士紙,2543,-8,5
2026-07-15,1904,正隆,4689,41,23
2026-07-15,1905,華紙,11387,183,379
2026-07-15,1906,寶隆,7299,0,0
2026-07-15,1907,永豐餘,24246,-14,8
2026-07-15,1909,榮成,9695,627,36
2026-07-15,2002,中鋼,46685,-40,53
2026-07-15,2006,東和鋼鐵,1160,31,1
2026-07-15,2007,燁興,5,0,0
2026-07-15,2008,高興昌,127,0,0
2026-07-15,2009,第一銅,6851,20,3
2026-07-15,2010,春源,2128,9,10
2026-07-15,2012,春雨,191,0,0
2026-07-15,2013,中鋼構,1418,-14,3
2026-07-15,2014,中鴻,1727,-122,0
2026-07-15,2015,豐興,42,-4,0
2026-07-15,2017,官田鋼,8261,-47,0
2026-07-15,2020,美亞,814,0,0
2026-07-15,2022,聚亨,1102,6,1
2026-07-15,2023,燁輝,2525,91,24
2026-07-15,2024,志聯,64,-2,0
2026-07-15,2025,千興,0,0,0
2026-07-15,2027,大成鋼,25345,-697,71
2026-07-15,2028,威致,1228,4,0
2026-07-15,2029,盛餘,394,-14,0
2026-07-15,2030,彰源,4222,-14,0
2026-07-15,2031,新光鋼,960,8,8
2026-07-15,2032,新鋼,2688,37,0
2026-07-15,2033,佳大,2735,1,0
2026-07-15,2034,允強,3799,-256,0
2026-07-15,2038,海光,3998,-17,0
2026-07-15,2049,上銀,3547,8,13
2026-07-15,2059,川湖,480,-13,2
2026-07-15,2062,橋椿,1402,1,2
2026-07-15,2069,運錩,494,-30,0
2026-07-15,2101,南港,22727,-155,15
2026-07-15,2102,泰豐,3894,-9,0
2026-07-15,2103,台橡,17937,467,159
2026-07-15,2104,國際中橡,20363,-54,48
2026-07-15,2105,正新,9124,82,13
2026-07-15,2106,建大,2916,-2,0
2026-07-15,2107,厚生,125,1,0
2026-07-15,2108,南帝,2854,1,36
2026-07-15,2109,華豐,649,1,0
2026-07-15,2114,鑫永銓,6,0,0
2026-07-15,2115,六暉-KY,557,0,3
2026-07-15,2201,裕隆,10454,-75,1
2026-07-15,2204,中華,1148,4,0
2026-07-15,2206,三陽工業,4577,-2,4
2026-07-15,2207,和泰車,84,3,0
2026-07-15,2208,台船,0,0,0
2026-07-15,2211,長榮鋼,414,8,0
2026-07-15,2228,劍麟,1756,1,0
2026-07-15,2231,為升,3225,114,383
2026-07-15,2233,宇隆,5740,-37,8
2026-07-15,2236,百達-KY,11433,7,37
2026-07-15,2239,英利-KY,1521,3,0
2026-07-15,2241,艾姆勒,8133,12,43
2026-07-15,2243,宏旭-KY,1406,25,12
2026-07-15,2247,汎德永業,137,1,0
2026-07-15,2248,華勝-KY,571,103,5
2026-07-15,2250,IKKA-KY,1353,-3,2
2026-07-15,2254,巨鎧精密-創,2518,0,0
2026-07-15,2301,光寶科,17135,114,244
2026-07-15,2302,麗正,4591,160,33
2026-07-15,2303,聯電,232167,10185,294
2026-07-15,2305,全友,7654,441,170
2026-07-15,2308,台達電,7792,63,21
2026-07-15,2312,金寶,50484,-560,1552
2026-07-15,2313,華通,44769,50,2303
2026-07-15,2314,台揚,0,0,0
2026-07-15,2316,楠梓電,3964,63,4
2026-07-15,2317,鴻海,57181,-6,207
2026-07-15,2321,東訊,0,0,0
2026-07-15,2323,中環,29213,-311,105
2026-07-15,2324,仁寶,61757,453,796
2026-07-15,2327,國巨*,46893,2803,187
2026-07-15,2328,廣宇,19016,-103,48
2026-07-15,2329,華泰,17256,-129,272
2026-07-15,2330,台積電,33293,106,19
2026-07-15,2331,精英,10309,-70,32
2026-07-15,2332,友訊,26529,1325,542
2026-07-15,2337,旺宏,99958,2866,1623
2026-07-15,2338,光罩,6383,29,21
2026-07-15,2340,台亞,9377,-19,51
2026-07-15,2342,茂矽,5726,83,157
2026-07-15,2344,華邦電,148287,11456,3317
2026-07-15,2345,智邦,1609,-14,6
2026-07-15,2347,聯強,739,-72,0
2026-07-15,2348,海悅,2323,-49,1
2026-07-15,2349,錸德,0,0,0
2026-07-15,2351,順德,17617,-560,119
2026-07-15,2352,佳世達,16963,1138,27
2026-07-15,2353,宏碁,42413,-532,4978
2026-07-15,2354,鴻準,25878,-33,14
2026-07-15,2355,敬鵬,12239,163,0
2026-07-15,2356,英業達,33067,1716,25
2026-07-15,2357,華碩,2429,-28,8
2026-07-15,2359,所羅門,7191,328,37
2026-07-15,2360,致茂,1166,99,0
2026-07-15,2362,藍天,2394,-49,1
2026-07-15,2363,矽統,18438,-1004,186
2026-07-15,2364,倫飛,719,-37,0
2026-07-15,2365,昆盈,9522,-29,0
2026-07-15,2367,燿華,33881,838,931
2026-07-15,2368,金像電,5040,64,132
2026-07-15,2369,菱生,15020,65,318
2026-07-15,2371,大同,51800,85,317
2026-07-15,2373,震旦行,47,0,0
2026-07-15,2374,佳能,19916,-8,45
2026-07-15,2375,凱美,9240,181,271
2026-07-15,2376,技嘉,8107,85,427
2026-07-15,2377,微星,14161,-230,505
2026-07-15,2379,瑞昱,3258,-2,56
2026-07-15,2380,虹光,0,0,0
2026-07-15,2382,廣達,11460,-173,0
2026-07-15,2383,台光電,1765,0,41
2026-07-15,2385,群光,3479,-11,16
2026-07-15,2387,精元,1366,1,1
2026-07-15,2388,威盛,12075,158,150
2026-07-15,2390,云辰,1863,-75,15
2026-07-15,2392,正崴,4738,-59,0
2026-07-15,2393,億光,2722,-45,12
2026-07-15,2395,研華,1923,22,0
2026-07-15,2397,友通,1688,-13,0
2026-07-15,2399,映泰,12501,105,240
2026-07-15,2401,凌陽,8905,61,155
2026-07-15,2402,毅嘉,14139,12,212
2026-07-15,2404,漢唐,2563,303,0
2026-07-15,2405,輔信,8086,20,32
2026-07-15,2406,國碩,13646,155,406
2026-07-15,2408,南亞科,94481,1392,1259
2026-07-15,2409,友達,213562,4246,12268
2026-07-15,2412,中華電,876,-80,46
2026-07-15,2413,環科,4842,-51,15
2026-07-15,2414,精技,665,-92,1
2026-07-15,2415,錩新,2415,10,5
2026-07-15,2417,圓剛,3996,-32,5
2026-07-15,2419,仲琦,6883,-3,15
2026-07-15,2420,新巨,1029,4,1
2026-07-15,2421,建準,5430,-39,35
2026-07-15,2423,固緯,736,69,0
2026-07-15,2424,隴華,0,0,0
2026-07-15,2425,承啟,3840,168,3
2026-07-15,2426,鼎元,15421,221,725
2026-07-15,2427,三商電,5778,49,90
2026-07-15,2428,興勤,2992,84,5
2026-07-15,2429,銘旺科,2676,-21,0
2026-07-15,2430,燦坤,85,0,2
2026-07-15,2431,聯昌,1659,0,0
2026-07-15,2432,倚天酷碁-創,325,0,0
2026-07-15,2433,互盛電,47,0,0
2026-07-15,2434,統懋,548,82,92
2026-07-15,2436,偉詮電,6809,34,584
2026-07-15,2438,翔耀,0,0,0
2026-07-15,2439,美律,3811,43,133
2026-07-15,2440,太空梭,1581,0,0
2026-07-15,2441,超豐,9543,-115,304
2026-07-15,2442,新美齊,4154,-98,0
2026-07-15,2444,兆勁,0,0,0
2026-07-15,2449,京元電子,20828,-114,255
2026-07-15,2450,神腦,103,-1,0
2026-07-15,2451,創見,6077,444,190
2026-07-15,2453,凌群,2624,1,1
2026-07-15,2454,聯發科,9927,68,8
2026-07-15,2455,全新,10210,471,134
2026-07-15,2457,飛宏,15434,27,86
2026-07-15,2458,義隆,4100,68,115
2026-07-15,2459,敦吉,109,1,0
2026-07-15,2460,建通,293,0,0
2026-07-15,2461,光群雷,9000,-7,0
2026-07-15,2462,良得電,2510,6,0
2026-07-15,2464,盟立,14893,354,987
2026-07-15,2465,麗臺,3333,23,14
2026-07-15,2466,冠西電,6360,240,349
2026-07-15,2467,志聖,2278,36,28
2026-07-15,2468,華經,3491,-10,5
2026-07-15,2471,資通,1346,-14,0
2026-07-15,2472,立隆電,8086,177,37
2026-07-15,2474,可成,11166,-126,12
2026-07-15,2476,鉅祥,39843,309,41
2026-07-15,2477,美隆電,1165,5,43
2026-07-15,2478,大毅,9176,698,203
2026-07-15,2480,敦陽科,361,0,0
2026-07-15,2481,強茂,14811,1145,646
2026-07-15,2482,連宇,1782,-5,25
2026-07-15,2483,百容,2438,-166,95
2026-07-15,2484,希華,16168,1552,937
2026-07-15,2485,兆赫,15600,66,593
2026-07-15,2486,一詮,24297,19,212
2026-07-15,2488,漢平,497,13,0
2026-07-15,2489,瑞軒,40298,65,489
2026-07-15,2491,吉祥全,2370,4,2
2026-07-15,2492,華新科,9822,607,198
2026-07-15,2493,揚博,12567,181,224
2026-07-15,2495,普安,9700,-29,33
2026-07-15,2496,卓越,45,1,0
2026-07-15,2497,怡利電,3519,24,3
2026-07-15,2498,宏達電,29998,-189,1079
2026-07-15,2501,國建,4704,-168,2
2026-07-15,2504,國產,4686,-88,100
2026-07-15,2505,國揚,3295,-74,0
2026-07-15,2506,太設,1834,-12,0
2026-07-15,2509,全坤建,548,-102,1
2026-07-15,2511,太子,3024,-9,0
2026-07-15,2514,龍邦,18108,-4,0
2026-07-15,2515,中工,24791,-193,1
2026-07-15,2516,新建,0,0,0
2026-07-15,2520,冠德,3121,-18,7
2026-07-15,2524,京城,3234,0,0
2026-07-15,2527,宏璟,4170,233,15
2026-07-15,2528,皇普,6614,-34,10
2026-07-15,2530,華建,6494,24,3
2026-07-15,2534,宏盛,11982,-18,62
2026-07-15,2535,達欣工,311,0,11
2026-07-15,2536,宏普,7545,-18,0
2026-07-15,2537,聯上發,3769,4,1
2026-07-15,2538,基泰,2422,-65,0
2026-07-15,2539,櫻花建,2209,34,5
2026-07-15,2540,愛山林,2774,2,8
2026-07-15,2542,興富發,5667,73,231
2026-07-15,2543,皇昌,11205,1,33
2026-07-15,2545,皇翔,2777,-14,2
2026-07-15,2546,根基,66,-1,0
2026-07-15,2547,日勝生,9495,-658,0
2026-07-15,2548,華固,2314,-10,4
2026-07-15,2597,潤弘,169,-2,0
2026-07-15,2601,益航,415,0,0
2026-07-15,2603,長榮,16340,-454,196
2026-07-15,2605,新興,12501,-597,20
2026-07-15,2606,裕民,3935,-209,39
2026-07-15,2607,榮運,883,-12,0
2026-07-15,2608,嘉里大榮,1414,0,1
2026-07-15,2609,陽明,35577,-920,329
2026-07-15,2610,華航,50207,-561,211
2026-07-15,2611,志信,2082,3,1
2026-07-15,2612,中航,1901,3,0
2026-07-15,2613,中櫃,2056,-12,2
2026-07-15,2614,東森,5692,6,1
2026-07-15,2615,萬海,18071,-17,202
2026-07-15,2616,山隆,487,-3,2
2026-07-15,2617,台航,2430,25,5
2026-07-15,2618,長榮航,29723,-887,197
2026-07-15,2630,亞航,7654,-1552,134
2026-07-15,2633,台灣高鐵,1762,-49,92
2026-07-15,2634,漢翔,27511,15,476
2026-07-15,2636,台驊控股,651,4,23
2026-07-15,2637,慧洋-KY,2443,102,40
2026-07-15,2642,宅配通,584,0,3
2026-07-15,2645,長榮航太,4363,-2,34
2026-07-15,2646,星宇航空,4272,-21,24
2026-07-15,2701,萬企,360,-4,0
2026-07-15,2702,華園,419,-1,0
2026-07-15,2704,國賓,124,-2,0
2026-07-15,2705,六福,564,1,0
2026-07-15,2706,第一店,806,18,0
2026-07-15,2707,晶華,122,4,0
2026-07-15,2712,遠雄來,7,0,0
2026-07-15,2722,夏都,454,-17,0
2026-07-15,2723,美食-KY,1715,-6,1
2026-07-15,2727,王品,360,20,0
2026-07-15,2731,雄獅,1018,-6,12
2026-07-15,2739,寒舍,856,8,0
2026-07-15,2748,雲品,660,-2,0
2026-07-15,2753,八方雲集,560,-7,2
2026-07-15,2762,世界健身-KY,123,-16,0
2026-07-15,2801,彰銀,8959,101,52
2026-07-15,2812,台中銀,4633,-74,15
2026-07-15,2816,旺旺保,681,-21,2
2026-07-15,2820,華票,588,-1,0
2026-07-15,2832,台產,515,-7,0
2026-07-15,2834,臺企銀,6374,46,35
2026-07-15,2836,高雄銀,5919,6,13
2026-07-15,2838,聯邦銀,2434,-157,7
2026-07-15,2845,遠東銀,3727,-4,34
2026-07-15,2849,安泰銀,136,0,0
2026-07-15,2850,新產,245,-4,0
2026-07-15,2851,中再保,811,8,0
2026-07-15,2852,第一保,1289,-2,0
2026-07-15,2855,統一證,7272,-335,111
2026-07-15,2867,三商壽,1889,-40,1
2026-07-15,2880,華南金,511,-12,42
2026-07-15,2881,富邦金,7466,-58,78
2026-07-15,2882,國泰金,6394,-96,16
2026-07-15,2883,凱基金,17130,312,26
2026-07-15,2884,玉山金,5002,211,108
2026-07-15,2885,元大金,2664,294,0
2026-07-15,2886,兆豐金,552,-13,50
2026-07-15,2887,台新新光金,41249,-94,0
2026-07-15,2889,國票金,2266,0,2
2026-07-15,2890,永豐金,2077,-4,346
2026-07-15,2891,中信金,3957,665,24
2026-07-15,2892,第一金,4762,218,11
2026-07-15,2897,王道銀行,2236,162,0
2026-07-15,2901,欣欣,485,0,0
2026-07-15,2903,遠百,1460,-38,0
2026-07-15,2904,匯僑,33,0,0
2026-07-15,2905,三商,8522,66,1
2026-07-15,2906,高林,617,-12,0
2026-07-15,2908,特力,14310,-46,0
2026-07-15,2910,統領,95,80,0
2026-07-15,2911,麗嬰房,161,-2,0
2026-07-15,2912,統一超,476,15,0
2026-07-15,2913,農林,7709,-157,1
2026-07-15,2915,潤泰全,8721,27,0
2026-07-15,2929,淘帝-KY,1925,0,0
2026-07-15,2939,永邑-KY,243,0,0
2026-07-15,3002,歐格,2119,12,19
2026-07-15,3003,健和興,3552,-5,15
2026-07-15,3004,豐達科,2128,1,8
2026-07-15,3005,神基,5308,163,51
2026-07-15,3006,晶豪科,20350,-345,307
2026-07-15,3008,大立光,1999,123,10
2026-07-15,3010,華立,1287,-5,4
2026-07-15,3011,今皓,2670,-85,40
2026-07-15,3013,晟銘電,11069,44,19
2026-07-15,3014,聯陽,2480,63,3
2026-07-15,3015,全漢,2597,8,1
2026-07-15,3016,嘉晶,9562,201,210
2026-07-15,3017,奇鋐,4597,81,17
2026-07-15,3018,隆銘綠能,0,0,0
2026-07-15,3019,亞光,12090,-4,17
2026-07-15,3021,鴻名,688,3,1
2026-07-15,3022,威強電,5910,27,7
2026-07-15,3023,信邦,1162,-6,12
2026-07-15,3024,憶聲,7013,-204,8
2026-07-15,3025,星通,1859,-3,0
2026-07-15,3026,禾伸堂,10884,1004,147
2026-07-15,3027,盛達,4769,16,0
2026-07-15,3028,增你強,3731,108,0
2026-07-15,3029,零壹,3140,-31,12
2026-07-15,3030,德律,11444,-29,1
2026-07-15,3031,佰鴻,7315,-65,0
2026-07-15,3032,偉訓,8220,-15,24
2026-07-15,3033,威健,13814,3288,1116
2026-07-15,3034,聯詠,3058,6,10
2026-07-15,3035,智原,12055,-103,128
2026-07-15,3036,文曄,14669,160,668
2026-07-15,3037,欣興,42463,1242,284
2026-07-15,3038,全台,1216,-57,0
2026-07-15,3040,遠見,12022,-108,16
2026-07-15,3041,揚智,3765,77,30
2026-07-15,3042,晶技,16100,300,63
2026-07-15,3043,科風,1072,0,0
2026-07-15,3044,健鼎,6194,37,4
2026-07-15,3045,台灣大,616,-457,28
2026-07-15,3046,建碁,992,-3,3
2026-07-15,3047,訊舟,6814,-10,10
2026-07-15,3048,益登,6739,-20,42
2026-07-15,3049,精金,0,0,0
2026-07-15,3050,鈺德,3367,-51,0
2026-07-15,3051,力特,4251,-13,4
2026-07-15,3052,夆典,1752,3,0
2026-07-15,3054,立萬利,1036,-2,0
2026-07-15,3055,蔚華科,7095,92,28
2026-07-15,3056,富華新,4415,-233,123
2026-07-15,3057,喬鼎,0,0,0
2026-07-15,3058,立德,0,0,0
2026-07-15,3059,華晶科,12609,10,28
2026-07-15,3060,銘異,9609,46,15
2026-07-15,3062,建漢,12441,68,29
2026-07-15,3090,日電貿,5440,893,6
2026-07-15,3092,鴻碩,3843,5,1
2026-07-15,3094,聯傑,2950,85,84
2026-07-15,3130,一零四,11,1,0
2026-07-15,3135,凌航,2366,30,74
2026-07-15,3138,耀登,2676,-31,3
2026-07-15,3149,正達,22091,344,0
2026-07-15,3150,鈺寶-創,259,-5,0
2026-07-15,3164,景岳,293,0,0
2026-07-15,3167,大量,12276,192,60
2026-07-15,3168,眾福科,35,0,0
2026-07-15,3189,景碩,18331,77,37
2026-07-15,3209,全科,5993,-17,14
2026-07-15,3229,晟鈦,0,0,0
2026-07-15,3231,緯創,49188,800,50
2026-07-15,3257,虹冠電,2998,34,15
2026-07-15,3266,昇陽,368,-12,0
2026-07-15,3296,勝德,1845,17,3
2026-07-15,3305,昇貿,8002,182,1
2026-07-15,3308,聯德,695,0,0
2026-07-15,3311,閎暉,2589,49,0
2026-07-15,3312,弘憶股,5773,-15,24
2026-07-15,3321,同泰,0,0,0
2026-07-15,3338,泰碩,3878,-73,4
2026-07-15,3346,麗清,2954,-29,5
2026-07-15,3356,奇偶,1879,7,5
2026-07-15,3376,新日興,12798,153,168
2026-07-15,3380,明泰,5484,37,0
2026-07-15,3406,玉晶光,2920,110,18
2026-07-15,3413,京鼎,4663,58,3
2026-07-15,3416,融程電,1024,-282,34
2026-07-15,3419,譁裕,1092,-1,0
2026-07-15,3432,台端,0,0,0
2026-07-15,3437,榮創,3454,23,7
2026-07-15,3443,創意,4365,34,9
2026-07-15,3447,展達,2625,-12,3
2026-07-15,3450,聯鈞,19659,302,68
2026-07-15,3481,群創,392918,4261,10386
2026-07-15,3494,誠研,0,0,0
2026-07-15,3501,維熹,1186,-3,0
2026-07-15,3504,揚明光,2926,81,46
2026-07-15,3515,華擎,1737,20,1
2026-07-15,3518,柏騰,4240,-14,42
2026-07-15,3528,安馳,2285,-36,1
2026-07-15,3530,晶相光,1286,15,0
2026-07-15,3532,台勝科,9590,27,415
2026-07-15,3533,嘉澤,585,-45,1
2026-07-15,3535,晶彩科,6433,122,74
2026-07-15,3543,州巧,5331,17,13
2026-07-15,3545,敦泰,4506,-25,31
2026-07-15,3550,聯穎,14306,101,69
2026-07-15,3557,嘉威,431,9,0
2026-07-15,3563,牧德,5566,-1,3
2026-07-15,3576,聯合再生,0,0,0
2026-07-15,3583,辛耘,2071,-44,56
2026-07-15,3588,通嘉,1725,-2,0
2026-07-15,3591,艾笛森,26439,3,12
2026-07-15,3592,瑞鼎,927,9,0
2026-07-15,3593,力銘,0,0,0
2026-07-15,3596,智易,1492,4,16
2026-07-15,3605,宏致,8809,102,63
2026-07-15,3607,谷崧,1878,-14,0
2026-07-15,3617,碩天,2640,25,3
2026-07-15,3622,洋華,1998,20,0
2026-07-15,3645,達邁,6599,11,17
2026-07-15,3652,精聯,542,12,0
2026-07-15,3653,健策,2461,68,10
2026-07-15,3661,世芯-KY,6041,-51,62
2026-07-15,3665,貿聯-KY,3278,-13,3
2026-07-15,3669,圓展,910,-13,0
2026-07-15,3673,TPK-KY,18265,28,0
2026-07-15,3679,新至陞,120,-2,0
2026-07-15,3686,達能,0,0,0
2026-07-15,3694,海華,7692,-48,38
2026-07-15,3701,大眾控,7412,-11,15
2026-07-15,3702,大聯大,7533,1162,2303
2026-07-15,3703,欣陸,1399,-10,1
2026-07-15,3704,合勤控,6327,-451,30
2026-07-15,3705,永信,417,-3,0
2026-07-15,3706,神達,32834,-133,145
2026-07-15,3708,上緯投控,3101,-8,3
2026-07-15,3711,日月光投控,10907,100,73
2026-07-15,3712,永崴投控,2994,24,133
2026-07-15,3714,富采,29798,106,113
2026-07-15,3715,定穎投控,25347,-79,263
2026-07-15,3716,中化控股,502,9,0
2026-07-15,3717,聯嘉投控,10625,191,404
2026-07-15,4104,佳醫,63,-2,0
2026-07-15,4106,雃博,786,-4,0
2026-07-15,4108,懷特,0,0,0
2026-07-15,4119,旭富,624,3,0
2026-07-15,4133,亞諾法,1027,4,2
2026-07-15,4137,麗豐-KY,1078,-3,0
2026-07-15,4142,國光生,6535,-54,5
2026-07-15,4148,全宇生技-KY,413,0,0
2026-07-15,4155,訊映,832,8,1
2026-07-15,4164,承業醫,7011,-2,0
2026-07-15,4190,佐登-KY,300,-1,0
2026-07-15,4306,炎洲,4538,-903,1
2026-07-15,4414,如興,748,-1,0
2026-07-15,4426,利勤,921,-3,0
2026-07-15,4438,廣越,981,-1,0
2026-07-15,4439,冠星-KY,254,-2,0
2026-07-15,4440,宜新實業,143,1,0
2026-07-15,4441,振大環球,156,-1,1
2026-07-15,4526,東台,6995,54,8
2026-07-15,4532,瑞智,2821,10,3
2026-07-15,4536,拓凱,729,54,0
2026-07-15,4540,全球傳動,4357,-20,19
2026-07-15,4545,銘鈺,1306,16,0
2026-07-15,4551,智伸科,3873,151,57
2026-07-15,4552,力達-KY,2091,-2,0
2026-07-15,4555,氣立,2972,0,33
2026-07-15,4557,永新-KY,339,0,0
2026-07-15,4560,強信-KY,266,0,0
2026-07-15,4562,穎漢,2099,-1,88
2026-07-15,4564,元翎,11655,-585,408
2026-07-15,4566,時碩工業,4318,340,26
2026-07-15,4569,六方科-KY,743,-3,0
2026-07-15,4571,鈞興-KY,1131,-9,0
2026-07-15,4572,駐龍,311,-5,0
2026-07-15,4576,大銀微系統,2591,-10,6
2026-07-15,4581,光隆精密-KY,27,0,0
2026-07-15,4583,台灣精銳,3606,-2,4
2026-07-15,4585,達明,660,-1,59
2026-07-15,4588,玖鼎電力,439,-1,0
2026-07-15,4720,德淵,3941,-56,0
2026-07-15,4722,國精化,13192,322,229
2026-07-15,4736,泰博,231,8,0
2026-07-15,4737,華廣,1494,53,1
2026-07-15,4739,康普,11326,-59,114
2026-07-15,4746,台耀,2171,-39,1
2026-07-15,4755,三福化,1393,-16,0
2026-07-15,4763,材料*-KY,42245,-16,42
2026-07-15,4764,雙鍵,8378,682,131
2026-07-15,4766,南寶,1259,4,0
2026-07-15,4770,上品,994,-2,5
2026-07-15,4771,望隼,569,3,0
2026-07-15,4807,日成-KY,1385,47,9
2026-07-15,4904,遠傳,455,4,5
2026-07-15,4906,正文,31182,-25,46
2026-07-15,4912,聯德控股-KY,3742,-26,0
2026-07-15,4915,致伸,4199,66,9
2026-07-15,4916,事欣科,8374,35,258
2026-07-15,4919,新唐,17915,335,1789
2026-07-15,4927,泰鼎-KY,30201,102,1032
2026-07-15,4930,燦星網,3721,1,0
2026-07-15,4934,太極,0,0,0
2026-07-15,4935,茂林-KY,681,5,0
2026-07-15,4938,和碩,5226,-7,42
2026-07-15,4942,嘉彰,613,-2,0
2026-07-15,4943,康控-KY,0,0,0
2026-07-15,4949,有成精密,3449,51,77
2026-07-15,4952,凌通,1489,4,3
2026-07-15,4956,光鋐,6983,2,18
2026-07-15,4958,臻鼎-KY,33408,2987,349
2026-07-15,4960,誠美材,17123,26,81
2026-07-15,4961,天鈺,1659,39,4
2026-07-15,4967,十銓,8616,168,813
2026-07-15,4968,立積,6003,5,18
2026-07-15,4976,佳凌,4835,18,74
2026-07-15,4977,眾達-KY,7454,17,20
2026-07-15,4989,榮科,19752,146,337
2026-07-15,4994,傳奇,2273,5,2
2026-07-15,4999,鑫禾,410,-1,0
2026-07-15,5007,三星,9,0,0
2026-07-15,5203,訊連,1292,1,6
2026-07-15,5215,科嘉-KY,727,-7,0
2026-07-15,5222,全訊,1985,-8,12
2026-07-15,5225,東科-KY,1516,2,2
2026-07-15,5234,達興材料,1562,-20,17
2026-07-15,5243,乙盛-KY,11244,226,21
2026-07-15,5244,弘凱,2826,-2,20
2026-07-15,5258,虹堡,4055,-22,1
2026-07-15,5269,祥碩,2173,12,0
2026-07-15,5283,禾聯碩,132,-1,0
2026-07-15,5284,jpp-KY,3839,34,5
2026-07-15,5285,界霖,5560,-12,20
2026-07-15,5288,豐祥-KY,2412,80,2
2026-07-15,5292,華懋,1038,10,0
2026-07-15,5306,桂盟,511,44,0
2026-07-15,5388,中磊,5889,81,14
2026-07-15,5434,崇越,998,87,0
2026-07-15,5469,瀚宇博,14880,138,24
2026-07-15,5471,松翰,4769,73,8
2026-07-15,5484,慧友,0,0,0
2026-07-15,5515,建國,1851,44,68
2026-07-15,5519,隆大,855,0,60
2026-07-15,5521,工信,15307,16,0
2026-07-15,5522,遠雄,1006,10,2
2026-07-15,5525,順天,357,0,0
2026-07-15,5531,鄉林,3262,-3,12
2026-07-15,5533,皇鼎,498,-33,0
2026-07-15,5534,長虹,4033,-112,0
2026-07-15,5538,東明-KY,9,0,0
2026-07-15,5546,永固-KY,19,-2,0
2026-07-15,5607,遠雄港,1480,-7,0
2026-07-15,5608,四維航,4702,1,2
2026-07-15,5706,鳳凰,769,1,25
2026-07-15,5871,中租-KY,4345,-140,13
2026-07-15,5876,上海商銀,1110,-13,1
2026-07-15,5880,合庫金,2066,-215,26
2026-07-15,5906,台南-KY,26,0,0
2026-07-15,5907,大洋-KY,5493,1,0
2026-07-15,6005,群益證,5315,5,19
2026-07-15,6024,群益期,133,-2,0
2026-07-15,6108,競國,1499,-2,0
2026-07-15,6112,邁達特,3335,-6,0
2026-07-15,6115,鎰勝,92,-2,0
2026-07-15,6116,彩晶,39131,54,5249
2026-07-15,6117,迎廣,2599,-14,22
2026-07-15,6120,達運,7353,-82,3
2026-07-15,6128,上福,1197,-4,0
2026-07-15,6133,金橋,3283,6,33
2026-07-15,6136,富爾特,2741,-8,0
2026-07-15,6139,亞翔,7537,158,82
2026-07-15,6141,柏承,46,0,0
2026-07-15,6142,友勁,0,0,0
2026-07-15,6152,百一,0,0,0
2026-07-15,6153,嘉聯益,14060,-33,120
2026-07-15,6155,鈞寶,3592,95,12
2026-07-15,6164,華興,3642,38,2
2026-07-15,6165,浪凡,8298,-81,1
2026-07-15,6166,凌華,3640,-19,3
2026-07-15,6168,宏齊,5289,207,546
2026-07-15,6176,瑞儀,7333,-49,20
2026-07-15,6177,達麗,2697,-66,0
2026-07-15,6183,關貿,9,0,0
2026-07-15,6184,大豐電,500,2,0
2026-07-15,6189,豐藝,2461,-15,0
2026-07-15,6191,精成科,22655,142,7
2026-07-15,6192,巨路,802,-4,0
2026-07-15,6196,帆宣,1672,155,8
2026-07-15,6197,佳必琪,5266,129,54
2026-07-15,6201,亞弘電,29,0,0
2026-07-15,6202,盛群,6267,343,38
2026-07-15,6205,詮欣,4847,-20,3
2026-07-15,6206,飛捷,1828,21,0
2026-07-15,6209,今國光,14848,148,141
2026-07-15,6213,聯茂,16639,1598,120
2026-07-15,6214,精誠,1712,5,1
2026-07-15,6215,和椿,5682,20,8
2026-07-15,6216,居易,718,1,1
2026-07-15,6224,聚鼎,2225,48,24
2026-07-15,6225,天瀚,0,0,0
2026-07-15,6226,光鼎,2141,378,136
2026-07-15,6230,尼得科超眾,466,-2,1
2026-07-15,6235,華孚,5130,-105,25
2026-07-15,6239,力成,23988,139,69
2026-07-15,6243,迅杰,1432,54,122
2026-07-15,6257,矽格,9298,-145,19
2026-07-15,6269,台郡,10561,244,287
2026-07-15,6271,同欣電,8472,18,37
2026-07-15,6272,驊陞,19,10,0
2026-07-15,6277,宏正,188,0,0
2026-07-15,6278,台表科,11405,394,137
2026-07-15,6281,全國電,73,0,0
2026-07-15,6282,康舒,31806,-935,517
2026-07-15,6283,淳安,2560,5,1
2026-07-15,6285,啟碁,16843,206,106
2026-07-15,6405,悅城,7069,-25,97
2026-07-15,6409,旭隼,1226,42,24
2026-07-15,6412,群電,3431,12,1
2026-07-15,6414,樺漢,1360,6,528
2026-07-15,6415,矽力*-KY,5092,-36,92
2026-07-15,6416,瑞祺電通,3512,28,5
2026-07-15,6426,統新,2372,16,10
2026-07-15,6431,光麗-KY,0,0,0
2026-07-15,6438,迅得,4185,29,16
2026-07-15,6442,光聖,4539,188,6
2026-07-15,6443,元晶,14468,-36,501
2026-07-15,6446,藥華藥,8620,527,38
2026-07-15,6449,鈺邦,3233,64,11
2026-07-15,6451,訊芯-KY,8654,164,71
2026-07-15,6456,GIS-KY,12358,61,189
2026-07-15,6464,台數科,2,1,0
2026-07-15,6472,保瑞,3604,-34,7
2026-07-15,6477,安集,3887,-401,546
2026-07-15,6491,晶碩,565,5,0
2026-07-15,6504,南六,122,-4,0
2026-07-15,6505,台塑化,11666,2611,244
2026-07-15,6515,穎崴,412,5,0
2026-07-15,6525,捷敏-KY,4737,252,9
2026-07-15,6526,達發,1646,0,0
2026-07-15,6531,愛普*,8280,-8,64
2026-07-15,6533,晶心科,2465,-13,27
2026-07-15,6534,正瀚-創,1796,-28,0
2026-07-15,6541,泰福-KY,3836,8,0
2026-07-15,6550,北極星藥業-KY,0,0,0
2026-07-15,6552,易華電,1148,6,18
2026-07-15,6558,興能高,3758,-4,16
2026-07-15,6573,虹揚-KY,0,0,0
2026-07-15,6579,研揚,1149,-291,0
2026-07-15,6581,鋼聯,5,0,0
2026-07-15,6582,申豐,366,-1,0
2026-07-15,6585,鼎基,2570,-8,69
2026-07-15,6589,台康生技,3165,-26,41
2026-07-15,6591,動力-KY,2326,-18,30
2026-07-15,6592,和潤企業,723,-5,1
2026-07-15,6598,ABC-KY,0,0,0
2026-07-15,6605,帝寶,2385,-11,0
2026-07-15,6606,建德工業,570,34,0
2026-07-15,6614,資拓宏宇,54,0,0
2026-07-15,6625,必應,911,2,5
2026-07-15,6641,基士德-KY,102,0,0
2026-07-15,6645,金萬林-創,12,0,0
2026-07-15,6655,科定,0,0,0
2026-07-15,6657,華安,1430,0,0
2026-07-15,6658,聯策,1671,-2,13
2026-07-15,6666,羅麗芬-KY,347,0,0
2026-07-15,6668,中揚光,2920,-11,0
2026-07-15,6669,緯穎,1928,-15,8
2026-07-15,6670,復盛應用,407,-8,3
2026-07-15,6671,三能-KY,63,8,0
2026-07-15,6672,騰輝電子-KY,5520,107,37
2026-07-15,6674,鋐寶科技,278,0,0
2026-07-15,6689,伊雲谷,1436,-1,0
2026-07-15,6691,洋基工程,1523,-45,23
2026-07-15,6695,芯鼎,3709,89,32
2026-07-15,6698,旭暉應材,2424,28,0
2026-07-15,6706,惠特,9374,24,90
2026-07-15,6715,嘉基,6035,26,3
2026-07-15,6719,力智,4821,128,0
2026-07-15,6742,澤米,2416,-21,28
2026-07-15,6743,安普新,614,33,0
2026-07-15,6753,龍德造船,6075,-36,249
2026-07-15,6754,匯僑設計,131,0,0
2026-07-15,6756,威鋒電子,692,-5,2
2026-07-15,6757,台灣虎航,3575,54,17
2026-07-15,6768,志強-KY,1251,-29,1
2026-07-15,6770,力積電,173502,6846,4162
2026-07-15,6771,平和環保-創,80,0,0
2026-07-15,6776,展碁國際,951,-22,0
2026-07-15,6781,AES-KY,2938,63,1
2026-07-15,6782,視陽,468,-1,0
2026-07-15,6789,采鈺,6287,-125,98
2026-07-15,6790,永豐實,606,3,0
2026-07-15,6792,詠業,283,14,0
2026-07-15,6794,向榮生技,270,3,0
2026-07-15,6796,晉弘,540,-1,0
2026-07-15,6799,來頡,2209,-19,0
2026-07-15,6805,富世達,2592,32,10
2026-07-15,6807,峰源-KY,139,1,0
2026-07-15,6830,汎銓,3902,33,21
2026-07-15,6831,邁科,100,25,0
2026-07-15,6834,天二科技,5107,-88,138
2026-07-15,6835,圓裕,844,-1,4
2026-07-15,6838,台新藥,2623,-2,0
2026-07-15,6854,錼創科技-KY創,3558,23,0
2026-07-15,6861,睿生光電,2356,-184,4
2026-07-15,6862,三集瑞-KY,1413,10,1
2026-07-15,6863,永道-KY,998,16,4
2026-07-15,6869,雲豹能源,3385,-10,84
2026-07-15,6873,泓德能源,4048,15,28
2026-07-15,6885,全福生技,2324,5,0
2026-07-15,6887,寶綠特-KY,860,-5,0
2026-07-15,6890,來億-KY,882,38,4
2026-07-15,6901,鑽石投資,5884,37,149
2026-07-15,6902,GOGOLOOK,630,-7,0
2026-07-15,6906,現觀科,523,10,0
2026-07-15,6909,創控,1732,4,15
2026-07-15,6914,阜爾運通,334,-4,0
2026-07-15,6916,華凌,405,-9,0
2026-07-15,6918,愛派司,98,0,0
2026-07-15,6919,康霈*,0,0,0
2026-07-15,6923,中台,1906,-50,0
2026-07-15,6928,攸泰科技,858,-28,11
2026-07-15,6931,青松健康,122,-20,0
2026-07-15,6933,AMAX-KY,836,-6,0
2026-07-15,6936,永鴻生技,242,0,0
2026-07-15,6937,天虹,1764,-20,1
2026-07-15,6944,兆聯實業,687,4,0
2026-07-15,6949,沛爾生醫-創,5483,210,4
2026-07-15,6951,青新-創,77,0,0
2026-07-15,6952,大武山,42,0,0
2026-07-15,6957,裕慶-KY,1480,66,60
2026-07-15,6958,日盛台駿,171,-2,0
2026-07-15,6962,奕力-KY,8957,-223,2
2026-07-15,6965,中傑-KY,39,0,0
2026-07-15,6994,富威電力,3167,-14,12
2026-07-15,7705,三商餐飲,94,0,0
2026-07-15,7711,永擎,597,3,0
2026-07-15,7721,微程式,1244,3,0
2026-07-15,7722,LINEPAY,797,-5,0
2026-07-15,7730,暉盛-創,637,20,3
2026-07-15,7732,金興精密,103,1,0
2026-07-15,7736,虎山,65,0,0
2026-07-15,7740,熙特爾-創,1805,-5,0
2026-07-15,7749,意騰-KY,1178,-7,0
2026-07-15,7750,新代,665,-3,3
2026-07-15,7765,中華資安,479,0,0
2026-07-15,7769,鴻勁,269,3,0
2026-07-15,7780,大研生醫*,171,-3,0
2026-07-15,7786,東方風能,297,2,0
2026-07-15,7788,松川精密,2518,167,9
2026-07-15,7791,皇家可口,16,0,0
2026-07-15,7799,禾榮科,1080,-1,2
2026-07-15,8011,台通,3652,-17,3
2026-07-15,8016,矽創,1869,101,2
2026-07-15,8021,尖點,11257,-35,23
2026-07-15,8028,昇陽半導體,6681,944,71
2026-07-15,8033,雷虎,9007,-168,797
2026-07-15,8039,台虹,16740,645,660
2026-07-15,8045,達運光電,4812,-4,7
2026-07-15,8046,南電,10186,-906,889
2026-07-15,8070,長華*,7556,-29,8
2026-07-15,8072,陞泰,1935,-6,0
2026-07-15,8081,致新,1585,42,2
2026-07-15,8101,華冠,0,0,0
2026-07-15,8103,瀚荃,3807,68,1
2026-07-15,8104,錸寶,4677,-43,30
2026-07-15,8105,凌巨,9421,146,431
2026-07-15,8110,華東,19006,234,65
2026-07-15,8112,至上,19041,-180,1365
2026-07-15,8114,振樺電,2120,8,1
2026-07-15,8131,福懋科,6455,110,29
2026-07-15,8150,南茂,28413,-86,509
2026-07-15,8162,微矽電子-創,2203,-14,0
2026-07-15,8163,達方,2737,171,15
2026-07-15,8201,無敵,0,0,0
2026-07-15,8210,勤誠,2364,52,22
2026-07-15,8213,志超,3950,-90,0
2026-07-15,8215,明基材,3542,21,0
2026-07-15,8222,寶一,3489,-91,0
2026-07-15,8249,菱光,4290,5,3
2026-07-15,8261,富鼎,11008,275,89
2026-07-15,8271,宇瞻,5121,20,237
2026-07-15,8341,日友,380,3,0
2026-07-15,8367,建新國際,11,0,0
2026-07-15,8374,羅昇,1776,-31,3
2026-07-15,8404,百和興業-KY,3949,9,0
2026-07-15,8411,福貞-KY,22,-5,0
2026-07-15,8422,可寧衛*,29005,-158,138
2026-07-15,8429,金麗-KY,13559,-3,9
2026-07-15,8438,昶昕,6539,42,0
2026-07-15,8442,威宏-KY,841,-13,21
2026-07-15,8443,阿瘦,28,0,0
2026-07-15,8454,富邦媒,1544,58,170
2026-07-15,8462,柏文,1075,16,3
2026-07-15,8463,潤泰材,125,0,0
2026-07-15,8464,億豐,76,9,0
2026-07-15,8466,美吉吉-KY,1354,-4,0
2026-07-15,8467,波力-KY,260,0,2
2026-07-15,8473,山林水,2568,-3,69
2026-07-15,8476,台境*,17608,5,466
2026-07-15,8478,東哥遊艇,1154,-32,0
2026-07-15,8481,政伸,4,0,0
2026-07-15,8482,商億-KY,160,0,0
2026-07-15,8487,愛爾達-創,44,-1,0
2026-07-15,8488,吉源-KY,22,0,0
2026-07-15,8499,鼎炫-KY,590,-5,0
2026-07-15,8926,台汽電,7708,104,50
2026-07-15,8940,新天地,124,-1,0
2026-07-15,8996,高力,4544,41,181
2026-07-15,9802,鈺齊-KY,2551,-32,6
2026-07-15,9902,台火,3426,1,1
2026-07-15,9904,寶成,22915,458,8
2026-07-15,9905,大華,24,0,0
2026-07-15,9906,欣巴巴,442,-4,4
2026-07-15,9907,統一實,4005,-44,5
2026-07-15,9908,大台北,162,-27,0
2026-07-15,9910,豐泰,2576,-15,8
2026-07-15,9911,櫻花,382,-1,0
2026-07-15,9912,偉聯,0,0,0
2026-07-15,9914,美利達,3209,-92,63
2026-07-15,9917,中保科,137,-1,0
2026-07-15,9918,欣天然,71,0,0
2026-07-15,9919,康那香,7789,-86,0
2026-07-15,9921,巨大,1955,-80,79
2026-07-15,9924,福興,727,0,0
2026-07-15,9925,新保,3,0,0
2026-07-15,9926,新海,8,0,0
2026-07-15,9927,泰銘,59,2,0
2026-07-15,9928,中視,454,0,0
2026-07-15,9929,秋雨,0,0,0
2026-07-15,9930,中聯資源,21,0,0
2026-07-15,9931,欣高,75,-6,0
2026-07-15,9933,中鼎,4209,3,8
2026-07-15,9934,成霖,5820,35,5
2026-07-15,9935,慶豐富,1159,0,0
2026-07-15,9937,全國,149,-10,0
2026-07-15,9938,百和,3494,12,3
2026-07-15,9939,宏全,1012,10,0
2026-07-15,9940,信義,1248,-7,0
2026-07-15,9941,裕融,1070,-27,3
2026-07-15,9942,茂順,49,2,0
2026-07-15,9943,好樂迪,96,0,0
2026-07-15,9944,新麗,5520,8,0
2026-07-15,9945,潤泰新,21441,-264,9
2026-07-15,9946,三發地產,1055,4,0
2026-07-15,9955,佳龍,1378,2,2
2026-07-15,9958,世紀鋼,9237,-81,9
2026-07-16,1101,台泥,34408,-807,68
2026-07-16,1102,亞泥,1615,360,0
2026-07-16,1103,嘉泥,4119,-6,0
2026-07-16,1104,環泥,1555,2,0
2026-07-16,1108,幸福,387,-21,0
2026-07-16,1109,信大,266,-26,0
2026-07-16,1110,東泥,2754,-4,0
2026-07-16,1201,味全,1565,-89,0
2026-07-16,1203,味王,1,0,0
2026-07-16,1210,大成,602,-17,5
2026-07-16,1213,大飲,0,0,0
2026-07-16,1215,卜蜂,416,44,1
2026-07-16,1216,統一,543,-20,6
2026-07-16,1217,愛之味,940,21,1
2026-07-16,1218,泰山,1459,2,128
2026-07-16,1219,福壽,535,3,5
2026-07-16,1220,台榮,863,0,0
2026-07-16,1225,福懋油,6934,-1,10
2026-07-16,1227,佳格,897,-7,0
2026-07-16,1229,聯華,3001,82,10
2026-07-16,1231,聯華食,251,-4,0
2026-07-16,1232,大統益,124,27,0
2026-07-16,1233,天仁,19,0,0
2026-07-16,1234,黑松,15,0,0
2026-07-16,1235,興泰,1185,0,0
2026-07-16,1236,宏亞,246,0,0
2026-07-16,1256,鮮活果汁-KY,359,-3,18
2026-07-16,1301,台塑,27150,-541,1118
2026-07-16,1303,南亞,49012,-2842,1485
2026-07-16,1304,台聚,12662,-150,93
2026-07-16,1305,華夏,7144,-194,5
2026-07-16,1307,三芳,1325,-8,0
2026-07-16,1308,亞聚,7913,-22,13
2026-07-16,1309,台達化,8402,-114,4
2026-07-16,1310,台苯,14693,0,118
2026-07-16,1312,國喬,25874,1209,117
2026-07-16,1313,聯成,11053,139,146
2026-07-16,1314,中石化,84043,2269,386
2026-07-16,1315,達新,21,0,0
2026-07-16,1316,上曜,10879,144,36
2026-07-16,1319,東陽,6951,-11,21
2026-07-16,1321,大洋,7240,-6,0
2026-07-16,1323,永裕,81,1,0
2026-07-16,1324,地球,1370,1,0
2026-07-16,1325,恆大,2082,67,16
2026-07-16,1326,台化,34840,33,745
2026-07-16,1337,再生-KY,21370,1,0
2026-07-16,1338,廣華-KY,3886,29,0
2026-07-16,1339,昭輝,854,2,0
2026-07-16,1340,勝悅-KY,1027,0,0
2026-07-16,1342,八貫,747,-7,0
2026-07-16,1402,遠東新,7894,101,118
2026-07-16,1409,新纖,26693,1194,73
2026-07-16,1410,南染,308,0,0
2026-07-16,1413,宏洲,0,0,0
2026-07-16,1414,東和,1283,0,0
2026-07-16,1416,廣豐,3311,7,0
2026-07-16,1417,嘉裕,1812,-34,0
2026-07-16,1418,東華,759,0,0
2026-07-16,1419,新紡,1247,-13,0
2026-07-16,1423,利華,87,0,0
2026-07-16,1432,大魯閣,133,-2,38
2026-07-16,1434,福懋,7394,830,8
2026-07-16,1435,中福,0,0,0
2026-07-16,1436,華友聯,1004,18,0
2026-07-16,1437,勤益控,2163,70,0
2026-07-16,1438,三地開發,152,0,0
2026-07-16,1439,雋揚,1057,-3,0
2026-07-16,1440,南紡,5816,179,0
2026-07-16,1441,大東,0,0,0
2026-07-16,1442,名軒,2929,-22,8
2026-07-16,1443,立益物流,31,0,0
2026-07-16,1444,力麗,570,0,0
2026-07-16,1445,大宇,1406,-1,1
2026-07-16,1446,宏和,1671,11,10
2026-07-16,1447,力鵬,931,-10,0
2026-07-16,1449,佳和,3138,-2,1
2026-07-16,1451,年興,750,0,0
2026-07-16,1452,宏益,106,1,0
2026-07-16,1453,大將,1024,-2,0
2026-07-16,1454,台富,2180,3,0
2026-07-16,1455,集盛,3571,-12,4
2026-07-16,1456,怡華,799,-4,0
2026-07-16,1457,宜進,713,1,1
2026-07-16,1459,聯發,478,0,0
2026-07-16,1460,宏遠,0,0,0
2026-07-16,1463,強盛新,489,-6,0
2026-07-16,1464,得力,2059,0,0
2026-07-16,1465,偉全,3303,1,0
2026-07-16,1466,聚隆,3016,-96,66
2026-07-16,1467,南緯,6457,47,7
2026-07-16,1468,昶和,0,0,0
2026-07-16,1470,大統新創,6,0,0
2026-07-16,1471,首利,0,0,0
2026-07-16,1472,三洋實業,3888,0,2
2026-07-16,1473,台南,845,-8,0
2026-07-16,1474,弘裕,3386,-4,0
2026-07-16,1475,業旺,452,0,0
2026-07-16,1476,儒鴻,983,-36,16
2026-07-16,1477,聚陽,1649,-12,1
2026-07-16,1503,士電,3243,-33,22
2026-07-16,1504,東元,31477,-188,170
2026-07-16,1506,正道,0,0,0
2026-07-16,1512,瑞利,0,0,0
2026-07-16,1513,中興電,8168,18,14
2026-07-16,1514,亞力,7186,-20,106
2026-07-16,1515,力山,3500,497,138
2026-07-16,1516,川飛,2,0,0
2026-07-16,1517,利奇,2200,503,4
2026-07-16,1519,華城,3561,-3,13
2026-07-16,1521,大億,444,0,0
2026-07-16,1522,堤維西,4346,-14,0
2026-07-16,1524,耿鼎,4292,-79,15
2026-07-16,1525,江申,232,0,0
2026-07-16,1526,日馳,568,-20,0
2026-07-16,1527,鑽全,574,-6,0
2026-07-16,1528,恩德,7434,-7,63
2026-07-16,1529,樂事綠能,3016,-14,0
2026-07-16,1530,亞崴,290,1,0
2026-07-16,1531,高林股,1749,-1,1
2026-07-16,1532,勤美,2773,6,0
2026-07-16,1533,車王電,496,-15,9
2026-07-16,1535,中宇,58,-9,0
2026-07-16,1536,和大,8567,-75,181
2026-07-16,1537,廣隆,57,0,0
2026-07-16,1538,正峰,0,0,0
2026-07-16,1539,巨庭,1294,-36,0
2026-07-16,1540,喬福,1798,6,1
2026-07-16,1541,錩泰,117,1,0
2026-07-16,1558,伸興,245,-12,0
2026-07-16,1560,中砂,1577,-61,93
2026-07-16,1563,巧新,7334,47,0
2026-07-16,1568,倉佑,2734,-2,3
2026-07-16,1582,信錦,4673,20,8
2026-07-16,1583,程泰,81,0,0
2026-07-16,1587,吉茂,1930,-24,23
2026-07-16,1589,永冠-KY,793,0,0
2026-07-16,1590,亞德客-KY,123,9,0
2026-07-16,1597,直得,3475,-2,32
2026-07-16,1598,岱宇,2127,-18,0
2026-07-16,1603,華電,2120,-2,10
2026-07-16,1604,聲寶,229,1,0
2026-07-16,1605,華新,57008,87,650
2026-07-16,1608,華榮,8149,-9,0
2026-07-16,1609,大亞,14096,-57,29
2026-07-16,1611,中電,3341,5,5
2026-07-16,1612,宏泰,1928,11,2
2026-07-16,1614,三洋電,343,0,0
2026-07-16,1615,大山,163,14,0
2026-07-16,1616,億泰,3291,30,1
2026-07-16,1617,榮星,2902,29,4
2026-07-16,1618,合機,3733,-14,32
2026-07-16,1626,艾美特-KY,1678,3,0
2026-07-16,1702,南僑,308,-7,0
2026-07-16,1707,葡萄王,364,4,24
2026-07-16,1708,東鹼,7922,-67,144
2026-07-16,1709,和益,13553,1347,34
2026-07-16,1710,東聯,12677,2049,137
2026-07-16,1711,永光,20611,204,155
2026-07-16,1712,興農,460,0,0
2026-07-16,1713,國化,3023,0,2
2026-07-16,1714,和桐,16401,-273,289
2026-07-16,1717,長興,22275,183,189
2026-07-16,1718,中纖,17233,-280,442
2026-07-16,1720,生達,332,0,0
2026-07-16,1721,三晃,127,0,0
2026-07-16,1722,台肥,2574,-15,0
2026-07-16,1723,中碳,780,106,3
2026-07-16,1725,元禎,289,3,0
2026-07-16,1726,永記,28,0,0
2026-07-16,1727,中華化,8579,-43,39
2026-07-16,1730,花仙子,8,0,0
2026-07-16,1731,美吾華,310,-2,0
2026-07-16,1732,毛寶,605,-4,0
2026-07-16,1733,五鼎,2632,29,1
2026-07-16,1734,杏輝,541,4,0
2026-07-16,1735,日勝化,793,-5,0
2026-07-16,1736,喬山,1986,2,3
2026-07-16,1737,臺鹽,22,0,0
2026-07-16,1752,南光,328,0,0
2026-07-16,1760,寶齡富錦,1073,16,0
2026-07-16,1762,中化生,722,23,2
2026-07-16,1773,勝一,1322,4,3
2026-07-16,1776,展宇,856,1,1
2026-07-16,1783,和康生,587,-1,0
2026-07-16,1786,科妍,5137,14,1
2026-07-16,1789,神隆,3283,-28,5
2026-07-16,1795,美時,8929,54,27
2026-07-16,1802,台玻,51575,-198,1158
2026-07-16,1805,寶徠,1415,0,0
2026-07-16,1806,冠軍,3079,24,0
2026-07-16,1808,潤隆,5772,-56,0
2026-07-16,1809,中釉,6836,-30,26
2026-07-16,1810,和成,24091,-1236,1277
2026-07-16,1817,凱撒衛,17,0,0
2026-07-16,1903,士紙,2542,-1,5
2026-07-16,1904,正隆,4680,-9,23
2026-07-16,1905,華紙,11874,487,368
2026-07-16,1906,寶隆,7302,3,0
2026-07-16,1907,永豐餘,24275,29,7
2026-07-16,1909,榮成,9696,1,36
2026-07-16,2002,中鋼,45932,-753,33
2026-07-16,2006,東和鋼鐵,1145,-15,1
2026-07-16,2007,燁興,5,0,0
2026-07-16,2008,高興昌,127,0,0
2026-07-16,2009,第一銅,6863,12,2
2026-07-16,2010,春源,2062,-66,10
2026-07-16,2012,春雨,192,1,0
2026-07-16,2013,中鋼構,1419,1,3
2026-07-16,2014,中鴻,1725,-2,0
2026-07-16,2015,豐興,40,-2,0
2026-07-16,2017,官田鋼,8242,-19,0
2026-07-16,2020,美亞,813,-1,0
2026-07-16,2022,聚亨,1084,-18,1
2026-07-16,2023,燁輝,2743,218,28
2026-07-16,2024,志聯,61,-3,0
2026-07-16,2025,千興,0,0,0
2026-07-16,2027,大成鋼,25338,-7,48
2026-07-16,2028,威致,1235,7,0
2026-07-16,2029,盛餘,394,0,0
2026-07-16,2030,彰源,4202,-20,0
2026-07-16,2031,新光鋼,934,-26,8
2026-07-16,2032,新鋼,2728,40,3
2026-07-16,2033,佳大,2724,-11,0
2026-07-16,2034,允強,3764,-35,0
2026-07-16,2038,海光,3990,-8,0
2026-07-16,2049,上銀,3581,34,19
2026-07-16,2059,川湖,492,12,3
2026-07-16,2062,橋椿,1383,-19,2
2026-07-16,2069,運錩,490,-4,0
2026-07-16,2101,南港,22575,-151,18
2026-07-16,2102,泰豐,3887,-7,0
2026-07-16,2103,台橡,17632,-305,150
2026-07-16,2104,國際中橡,20104,-259,51
2026-07-16,2105,正新,9389,265,11
2026-07-16,2106,建大,2868,-48,0
2026-07-16,2107,厚生,122,-3,0
2026-07-16,2108,南帝,2868,14,36
2026-07-16,2109,華豐,651,2,0
2026-07-16,2114,鑫永銓,6,0,0
2026-07-16,2115,六暉-KY,547,-10,3
2026-07-16,2201,裕隆,10277,-177,9
2026-07-16,2204,中華,1054,-94,0
2026-07-16,2206,三陽工業,4516,-61,0
2026-07-16,2207,和泰車,81,-3,0
2026-07-16,2208,台船,0,0,0
2026-07-16,2211,長榮鋼,408,-6,0
2026-07-16,2228,劍麟,1752,-4,0
2026-07-16,2231,為升,3011,-214,111
2026-07-16,2233,宇隆,5694,-46,2
2026-07-16,2236,百達-KY,11454,21,34
2026-07-16,2239,英利-KY,1523,2,0
2026-07-16,2241,艾姆勒,8137,4,39
2026-07-16,2243,宏旭-KY,1464,58,17
2026-07-16,2247,汎德永業,138,1,1
2026-07-16,2248,華勝-KY,654,83,5
2026-07-16,2250,IKKA-KY,1347,-6,2
2026-07-16,2254,巨鎧精密-創,2518,0,0
2026-07-16,2301,光寶科,17973,838,260
2026-07-16,2302,麗正,4510,-81,60
2026-07-16,2303,聯電,235810,3643,506
2026-07-16,2305,全友,7421,-233,178
2026-07-16,2308,台達電,7831,39,15
2026-07-16,2312,金寶,50349,-135,1516
2026-07-16,2313,華通,45828,1059,3087
2026-07-16,2314,台揚,0,0,0
2026-07-16,2316,楠梓電,3961,-3,8
2026-07-16,2317,鴻海,57196,15,212
2026-07-16,2321,東訊,0,0,0
2026-07-16,2323,中環,29133,-80,98
2026-07-16,2324,仁寶,62032,275,714
2026-07-16,2327,國巨*,45895,-998,442
2026-07-16,2328,廣宇,19058,42,47
2026-07-16,2329,華泰,17458,202,269
2026-07-16,2330,台積電,32918,-375,38
2026-07-16,2331,精英,10345,36,26
2026-07-16,2332,友訊,26080,-449,505
2026-07-16,2337,旺宏,102313,2355,1520
2026-07-16,2338,光罩,6418,35,19
2026-07-16,2340,台亞,9475,98,51
2026-07-16,2342,茂矽,5626,-100,116
2026-07-16,2344,華邦電,146456,-1831,2479
2026-07-16,2345,智邦,1606,-3,5
2026-07-16,2347,聯強,752,13,0
2026-07-16,2348,海悅,2307,-16,1
2026-07-16,2349,錸德,0,0,0
2026-07-16,2351,順德,17231,-386,80
2026-07-16,2352,佳世達,16865,-97,21
2026-07-16,2353,宏碁,42608,195,3695
2026-07-16,2354,鴻準,25829,-49,16
2026-07-16,2355,敬鵬,12070,-169,0
2026-07-16,2356,英業達,32625,-442,23
2026-07-16,2357,華碩,2368,-61,10
2026-07-16,2359,所羅門,7106,-85,29
2026-07-16,2360,致茂,1195,29,4
2026-07-16,2362,藍天,2381,-13,2
2026-07-16,2363,矽統,18641,203,150
2026-07-16,2364,倫飛,740,21,0
2026-07-16,2365,昆盈,9457,-65,31
2026-07-16,2367,燿華,34118,237,832
2026-07-16,2368,金像電,4959,-81,155
2026-07-16,2369,菱生,15020,0,287
2026-07-16,2371,大同,51420,-380,314
2026-07-16,2373,震旦行,47,0,0
2026-07-16,2374,佳能,19895,-21,47
2026-07-16,2375,凱美,8793,-447,258
2026-07-16,2376,技嘉,8438,331,423
2026-07-16,2377,微星,13892,-269,493
2026-07-16,2379,瑞昱,2964,-294,56
2026-07-16,2380,虹光,0,0,0
2026-07-16,2382,廣達,12480,1020,499
2026-07-16,2383,台光電,1758,-7,45
2026-07-16,2385,群光,3482,3,8
2026-07-16,2387,精元,1357,-9,0
2026-07-16,2388,威盛,12572,497,125
2026-07-16,2390,云辰,1902,39,12
2026-07-16,2392,正崴,4717,-21,0
2026-07-16,2393,億光,2727,5,13
2026-07-16,2395,研華,1909,-14,0
2026-07-16,2397,友通,1685,-3,0
2026-07-16,2399,映泰,12575,74,175
2026-07-16,2401,凌陽,8922,17,152
2026-07-16,2402,毅嘉,14207,68,197
2026-07-16,2404,漢唐,2738,175,4
2026-07-16,2405,輔信,8176,90,28
2026-07-16,2406,國碩,13793,147,422
2026-07-16,2408,南亞科,94666,185,855
2026-07-16,2409,友達,216799,3237,11987
2026-07-16,2412,中華電,684,-192,51
2026-07-16,2413,環科,4820,-22,9
2026-07-16,2414,精技,651,-14,1
2026-07-16,2415,錩新,2417,2,4
2026-07-16,2417,圓剛,3932,-64,6
2026-07-16,2419,仲琦,6885,2,13
2026-07-16,2420,新巨,1029,0,1
2026-07-16,2421,建準,5524,94,30
2026-07-16,2423,固緯,732,-4,0
2026-07-16,2424,隴華,0,0,0
2026-07-16,2425,承啟,3861,21,3
2026-07-16,2426,鼎元,15177,-244,404
2026-07-16,2427,三商電,5770,-8,74
2026-07-16,2428,興勤,3048,56,5
2026-07-16,2429,銘旺科,2626,-50,0
2026-07-16,2430,燦坤,85,0,2
2026-07-16,2431,聯昌,1658,-1,0
2026-07-16,2432,倚天酷碁-創,324,-1,0
2026-07-16,2433,互盛電,47,0,0
2026-07-16,2434,統懋,461,-87,209
2026-07-16,2436,偉詮電,6794,-15,307
2026-07-16,2438,翔耀,0,0,0
2026-07-16,2439,美律,3803,-8,133
2026-07-16,2440,太空梭,1590,9,0
2026-07-16,2441,超豐,9468,-75,334
2026-07-16,2442,新美齊,4237,83,1
2026-07-16,2444,兆勁,0,0,0
2026-07-16,2449,京元電子,21080,252,299
2026-07-16,2450,神腦,104,1,0
2026-07-16,2451,創見,6512,435,100
2026-07-16,2453,凌群,2622,-2,1
2026-07-16,2454,聯發科,9868,-59,25
2026-07-16,2455,全新,10080,-130,157
2026-07-16,2457,飛宏,15584,150,46
2026-07-16,2458,義隆,3897,-203,109
2026-07-16,2459,敦吉,142,33,0
2026-07-16,2460,建通,293,0,0
2026-07-16,2461,光群雷,9012,12,0
2026-07-16,2462,良得電,2508,-2,0
2026-07-16,2464,盟立,14806,-87,888
2026-07-16,2465,麗臺,3403,70,12
2026-07-16,2466,冠西電,6172,-188,394
2026-07-16,2467,志聖,2137,-141,82
2026-07-16,2468,華經,3500,9,5
2026-07-16,2471,資通,1336,-10,0
2026-07-16,2472,立隆電,7911,-175,30
2026-07-16,2474,可成,11259,93,4
2026-07-16,2476,鉅祥,39906,63,45
2026-07-16,2477,美隆電,1178,13,43
2026-07-16,2478,大毅,9453,277,43
2026-07-16,2480,敦陽科,362,1,0
2026-07-16,2481,強茂,14311,-500,646
2026-07-16,2482,連宇,1893,111,10
2026-07-16,2483,百容,2414,-24,45
2026-07-16,2484,希華,17175,1007,1353
2026-07-16,2485,兆赫,15569,-31,300
2026-07-16,2486,一詮,24896,599,234
2026-07-16,2488,漢平,479,-18,0
2026-07-16,2489,瑞軒,39660,-638,281
2026-07-16,2491,吉祥全,2366,-4,2
2026-07-16,2492,華新科,9802,-20,25
2026-07-16,2493,揚博,12257,-310,394
2026-07-16,2495,普安,9686,-14,38
2026-07-16,2496,卓越,45,0,0
2026-07-16,2497,怡利電,3534,15,3
2026-07-16,2498,宏達電,30072,74,941
2026-07-16,2501,國建,4573,-131,2
2026-07-16,2504,國產,4606,-80,100
2026-07-16,2505,國揚,3425,130,0
2026-07-16,2506,太設,1835,1,0
2026-07-16,2509,全坤建,546,-2,1
2026-07-16,2511,太子,3081,57,0
2026-07-16,2514,龍邦,18103,-5,0
2026-07-16,2515,中工,25478,687,2
2026-07-16,2516,新建,0,0,0
2026-07-16,2520,冠德,3185,64,11
2026-07-16,2524,京城,3222,-12,0
2026-07-16,2527,宏璟,4178,8,18
2026-07-16,2528,皇普,6605,-9,10
2026-07-16,2530,華建,6525,31,3
2026-07-16,2534,宏盛,11966,-16,52
2026-07-16,2535,達欣工,309,-2,11
2026-07-16,2536,宏普,7576,31,0
2026-07-16,2537,聯上發,3764,-5,1
2026-07-16,2538,基泰,2417,-5,0
2026-07-16,2539,櫻花建,2244,35,1
2026-07-16,2540,愛山林,2750,-24,8
2026-07-16,2542,興富發,5558,-109,230
2026-07-16,2543,皇昌,11168,-37,29
2026-07-16,2545,皇翔,2778,1,2
2026-07-16,2546,根基,71,5,0
2026-07-16,2547,日勝生,9883,388,0
2026-07-16,2548,華固,2249,-65,0
2026-07-16,2597,潤弘,168,-1,0
2026-07-16,2601,益航,415,0,0
2026-07-16,2603,長榮,16286,-54,196
2026-07-16,2605,新興,12494,-7,17
2026-07-16,2606,裕民,3843,-92,5
2026-07-16,2607,榮運,881,-2,0
2026-07-16,2608,嘉里大榮,1414,0,1
2026-07-16,2609,陽明,35341,-236,330
2026-07-16,2610,華航,50194,-13,114
2026-07-16,2611,志信,2092,10,1
2026-07-16,2612,中航,1884,-17,0
2026-07-16,2613,中櫃,2053,-3,2
2026-07-16,2614,東森,5679,-13,1
2026-07-16,2615,萬海,18082,11,197
2026-07-16,2616,山隆,493,6,2
2026-07-16,2617,台航,2465,35,5
2026-07-16,2618,長榮航,29519,-204,225
2026-07-16,2630,亞航,7508,-146,227
2026-07-16,2633,台灣高鐵,1751,-11,104
2026-07-16,2634,漢翔,26818,-693,470
2026-07-16,2636,台驊控股,649,-2,24
2026-07-16,2637,慧洋-KY,2465,22,44
2026-07-16,2642,宅配通,584,0,3
2026-07-16,2645,長榮航太,4405,42,23
2026-07-16,2646,星宇航空,4392,120,24
2026-07-16,2701,萬企,376,16,0
2026-07-16,2702,華園,421,2,0
2026-07-16,2704,國賓,118,-6,0
2026-07-16,2705,六福,570,6,0
2026-07-16,2706,第一店,824,18,0
2026-07-16,2707,晶華,124,2,0
2026-07-16,2712,遠雄來,7,0,0
2026-07-16,2722,夏都,370,-84,0
2026-07-16,2723,美食-KY,1714,-1,1
2026-07-16,2727,王品,373,13,5
2026-07-16,2731,雄獅,1019,1,12
2026-07-16,2739,寒舍,842,-14,0
2026-07-16,2748,雲品,638,-22,0
2026-07-16,2753,八方雲集,560,0,2
2026-07-16,2762,世界健身-KY,172,49,0
2026-07-16,2801,彰銀,9049,90,52
2026-07-16,2812,台中銀,4494,-139,16
2026-07-16,2816,旺旺保,686,5,2
2026-07-16,2820,華票,572,-16,0
2026-07-16,2832,台產,516,1,0
2026-07-16,2834,臺企銀,6071,-303,30
2026-07-16,2836,高雄銀,5789,-130,13
2026-07-16,2838,聯邦銀,2417,-17,7
2026-07-16,2845,遠東銀,3720,-7,34
2026-07-16,2849,安泰銀,138,2,0
2026-07-16,2850,新產,247,2,0
2026-07-16,2851,中再保,803,-8,0
2026-07-16,2852,第一保,1289,0,0
2026-07-16,2855,統一證,7396,124,115
2026-07-16,2867,三商壽,2041,152,1
2026-07-16,2880,華南金,500,-11,46
2026-07-16,2881,富邦金,8134,668,51
2026-07-16,2882,國泰金,6416,22,26
2026-07-16,2883,凱基金,16776,-354,27
2026-07-16,2884,玉山金,4925,-77,108
2026-07-16,2885,元大金,2715,51,0
2026-07-16,2886,兆豐金,488,-64,49
2026-07-16,2887,台新新光金,42518,1269,0
2026-07-16,2889,國票金,2253,-13,2
2026-07-16,2890,永豐金,2095,18,312
2026-07-16,2891,中信金,3993,36,22
2026-07-16,2892,第一金,4705,-57,13
2026-07-16,2897,王道銀行,1972,-264,0
2026-07-16,2901,欣欣,484,-1,0
2026-07-16,2903,遠百,1410,-50,0
2026-07-16,2904,匯僑,33,0,0
2026-07-16,2905,三商,8241,-281,10
2026-07-16,2906,高林,623,6,0
2026-07-16,2908,特力,14253,-57,0
2026-07-16,2910,統領,28,-67,0
2026-07-16,2911,麗嬰房,158,-3,0
2026-07-16,2912,統一超,517,41,0
2026-07-16,2913,農林,7450,-259,2
2026-07-16,2915,潤泰全,8652,-69,0
2026-07-16,2929,淘帝-KY,1927,2,0
2026-07-16,2939,永邑-KY,243,0,0
2026-07-16,3002,歐格,2111,-8,17
2026-07-16,3003,健和興,3519,-33,17
2026-07-16,3004,豐達科,2128,0,7
2026-07-16,3005,神基,5298,-10,50
2026-07-16,3006,晶豪科,20717,367,84
2026-07-16,3008,大立光,1923,-76,17
2026-07-16,3010,華立,1272,-15,4
2026-07-16,3011,今皓,2662,-8,40
2026-07-16,3013,晟銘電,11049,-20,18
2026-07-16,3014,聯陽,2473,-7,37
2026-07-16,3015,全漢,2573,-24,0
2026-07-16,3016,嘉晶,9190,-372,382
2026-07-16,3017,奇鋐,4825,228,21
2026-07-16,3018,隆銘綠能,0,0,0
2026-07-16,3019,亞光,12075,-15,17
2026-07-16,3021,鴻名,695,7,1
2026-07-16,3022,威強電,5889,-21,11
2026-07-16,3023,信邦,1167,5,12
2026-07-16,3024,憶聲,7273,260,19
2026-07-16,3025,星通,1856,-3,0
2026-07-16,3026,禾伸堂,9855,-1029,284
2026-07-16,3027,盛達,4766,-3,0
2026-07-16,3028,增你強,3577,-154,0
2026-07-16,3029,零壹,3208,68,13
2026-07-16,3030,德律,11456,12,14
2026-07-16,3031,佰鴻,7292,-23,0
2026-07-16,3032,偉訓,8227,7,21
2026-07-16,3033,威健,13869,55,1061
2026-07-16,3034,聯詠,3039,-19,7
2026-07-16,3035,智原,12015,-40,124
2026-07-16,3036,文曄,14568,-101,776
2026-07-16,3037,欣興,42975,512,248
2026-07-16,3038,全台,1244,28,0
2026-07-16,3040,遠見,12016,-6,21
2026-07-16,3041,揚智,3805,40,13
2026-07-16,3042,晶技,17074,974,32
2026-07-16,3043,科風,1065,-7,0
2026-07-16,3044,健鼎,6208,14,5
2026-07-16,3045,台灣大,428,-188,88
2026-07-16,3046,建碁,979,-13,3
2026-07-16,3047,訊舟,6793,-21,7
2026-07-16,3048,益登,6820,81,41
2026-07-16,3049,精金,0,0,0
2026-07-16,3050,鈺德,3325,-42,1
2026-07-16,3051,力特,4244,-7,4
2026-07-16,3052,夆典,1767,15,0
2026-07-16,3054,立萬利,1034,-2,0
2026-07-16,3055,蔚華科,6921,-174,27
2026-07-16,3056,富華新,3865,-550,1
2026-07-16,3057,喬鼎,0,0,0
2026-07-16,3058,立德,0,0,0
2026-07-16,3059,華晶科,12419,-190,38
2026-07-16,3060,銘異,9569,-40,17
2026-07-16,3062,建漢,12430,-11,28
2026-07-16,3090,日電貿,5281,-159,40
2026-07-16,3092,鴻碩,3800,-43,3
2026-07-16,3094,聯傑,2899,-51,95
2026-07-16,3130,一零四,13,2,0
2026-07-16,3135,凌航,2361,-5,75
2026-07-16,3138,耀登,2674,-2,0
2026-07-16,3149,正達,22860,769,0
2026-07-16,3150,鈺寶-創,258,-1,0
2026-07-16,3164,景岳,293,0,0
2026-07-16,3167,大量,12467,191,125
2026-07-16,3168,眾福科,35,0,0
2026-07-16,3189,景碩,18233,-98,30
2026-07-16,3209,全科,5961,-32,12
2026-07-16,3229,晟鈦,0,0,0
2026-07-16,3231,緯創,48582,-606,53
2026-07-16,3257,虹冠電,3007,9,14
2026-07-16,3266,昇陽,373,5,0
2026-07-16,3296,勝德,1855,10,2
2026-07-16,3305,昇貿,8055,53,5
2026-07-16,3308,聯德,695,0,0
2026-07-16,3311,閎暉,2623,34,0
2026-07-16,3312,弘憶股,5802,29,24
2026-07-16,3321,同泰,0,0,0
2026-07-16,3338,泰碩,3901,23,6
2026-07-16,3346,麗清,3024,70,7
2026-07-16,3356,奇偶,1891,12,5
2026-07-16,3376,新日興,12895,97,132
2026-07-16,3380,明泰,5527,43,3
2026-07-16,3406,玉晶光,2872,-48,19
2026-07-16,3413,京鼎,5662,999,74
2026-07-16,3416,融程電,1002,-22,32
2026-07-16,3419,譁裕,1092,0,0
2026-07-16,3432,台端,0,0,0
2026-07-16,3437,榮創,3427,-27,6
2026-07-16,3443,創意,4386,21,10
2026-07-16,3447,展達,2613,-12,2
2026-07-16,3450,聯鈞,19617,-42,74
2026-07-16,3481,群創,390829,-2089,10369
2026-07-16,3494,誠研,0,0,0
2026-07-16,3501,維熹,1185,-1,0
2026-07-16,3504,揚明光,2931,5,45
2026-07-16,3515,華擎,1738,1,1
2026-07-16,3518,柏騰,4247,7,41
2026-07-16,3528,安馳,2289,4,0
2026-07-16,3530,晶相光,1288,2,0
2026-07-16,3532,台勝科,9520,-70,451
2026-07-16,3533,嘉澤,592,7,1
2026-07-16,3535,晶彩科,6416,-17,91
2026-07-16,3543,州巧,5355,24,6
2026-07-16,3545,敦泰,4568,62,35
2026-07-16,3550,聯穎,14252,-54,60
2026-07-16,3557,嘉威,426,-5,0
2026-07-16,3563,牧德,5631,65,2
2026-07-16,3576,聯合再生,0,0,0
2026-07-16,3583,辛耘,2080,9,44
2026-07-16,3588,通嘉,1737,12,1
2026-07-16,3591,艾笛森,26862,423,10
2026-07-16,3592,瑞鼎,940,13,2
2026-07-16,3593,力銘,0,0,0
2026-07-16,3596,智易,1489,-3,26
2026-07-16,3605,宏致,8881,72,72
2026-07-16,3607,谷崧,1892,14,0
2026-07-16,3617,碩天,1998,-642,0
2026-07-16,3622,洋華,1947,-51,0
2026-07-16,3645,達邁,6641,42,20
2026-07-16,3652,精聯,552,10,0
2026-07-16,3653,健策,2467,6,0
2026-07-16,3661,世芯-KY,6054,13,50
2026-07-16,3665,貿聯-KY,3226,-52,6
2026-07-16,3669,圓展,910,0,0
2026-07-16,3673,TPK-KY,18395,130,27
2026-07-16,3679,新至陞,120,0,0
2026-07-16,3686,達能,0,0,0
2026-07-16,3694,海華,7720,28,38
2026-07-16,3701,大眾控,7439,27,18
2026-07-16,3702,大聯大,7101,-432,1725
2026-07-16,3703,欣陸,1394,-5,0
2026-07-16,3704,合勤控,6258,-69,17
2026-07-16,3705,永信,397,-20,0
2026-07-16,3706,神達,32755,-79,137
2026-07-16,3708,上緯投控,3083,-18,3
2026-07-16,3711,日月光投控,11215,308,108
2026-07-16,3712,永崴投控,2886,-108,143
2026-07-16,3714,富采,29914,116,105
2026-07-16,3715,定穎投控,25211,-136,267
2026-07-16,3716,中化控股,501,-1,0
2026-07-16,3717,聯嘉投控,11063,438,411
2026-07-16,4104,佳醫,75,12,0
2026-07-16,4106,雃博,704,-82,0
2026-07-16,4108,懷特,0,0,0
2026-07-16,4119,旭富,599,-25,0
2026-07-16,4133,亞諾法,1027,0,2
2026-07-16,4137,麗豐-KY,1078,0,0
2026-07-16,4142,國光生,6529,-6,5
2026-07-16,4148,全宇生技-KY,409,-4,0
2026-07-16,4155,訊映,896,64,1
2026-07-16,4164,承業醫,7012,1,0
2026-07-16,4190,佐登-KY,300,0,0
2026-07-16,4306,炎洲,4698,160,0
2026-07-16,4414,如興,758,10,0
2026-07-16,4426,利勤,904,-17,0
2026-07-16,4438,廣越,982,1,0
2026-07-16,4439,冠星-KY,246,-8,1
2026-07-16,4440,宜新實業,143,0,0
2026-07-16,4441,振大環球,148,-8,1
2026-07-16,4526,東台,7039,44,5
2026-07-16,4532,瑞智,2795,-26,2
2026-07-16,4536,拓凱,736,7,6
2026-07-16,4540,全球傳動,4370,13,14
2026-07-16,4545,銘鈺,1302,-4,0
2026-07-16,4551,智伸科,3697,-176,56
2026-07-16,4552,力達-KY,2091,0,0
2026-07-16,4555,氣立,3019,47,29
2026-07-16,4557,永新-KY,340,1,0
2026-07-16,4560,強信-KY,270,4,0
2026-07-16,4562,穎漢,2103,4,89
2026-07-16,4564,元翎,11533,-122,146
2026-07-16,4566,時碩工業,4231,-87,24
2026-07-16,4569,六方科-KY,743,0,0
2026-07-16,4571,鈞興-KY,1135,4,0
2026-07-16,4572,駐龍,314,3,1
2026-07-16,4576,大銀微系統,2552,-39,10
2026-07-16,4581,光隆精密-KY,28,1,0
2026-07-16,4583,台灣精銳,3605,-1,5
2026-07-16,4585,達明,677,17,59
2026-07-16,4588,玖鼎電力,436,-3,0
2026-07-16,4720,德淵,3957,16,0
2026-07-16,4722,國精化,13033,-159,198
2026-07-16,4736,泰博,224,-7,0
2026-07-16,4737,華廣,1523,29,1
2026-07-16,4739,康普,11235,-91,114
2026-07-16,4746,台耀,2159,-12,1
2026-07-16,4755,三福化,1385,-8,0
2026-07-16,4763,材料*-KY,42195,-50,37
2026-07-16,4764,雙鍵,7788,-590,107
2026-07-16,4766,南寶,1248,-11,0
2026-07-16,4770,上品,1075,81,8
2026-07-16,4771,望隼,570,1,0
2026-07-16,4807,日成-KY,1483,98,10
2026-07-16,4904,遠傳,262,-193,25
2026-07-16,4906,正文,31236,54,64
2026-07-16,4912,聯德控股-KY,3780,38,0
2026-07-16,4915,致伸,4232,33,9
2026-07-16,4916,事欣科,8297,-77,204
2026-07-16,4919,新唐,18225,310,2135
2026-07-16,4927,泰鼎-KY,30252,51,917
2026-07-16,4930,燦星網,3722,1,0
2026-07-16,4934,太極,0,0,0
2026-07-16,4935,茂林-KY,686,5,0
2026-07-16,4938,和碩,5128,-98,27
2026-07-16,4942,嘉彰,612,-1,0
2026-07-16,4943,康控-KY,0,0,0
2026-07-16,4949,有成精密,3468,19,82
2026-07-16,4952,凌通,1475,-14,5
2026-07-16,4956,光鋐,6964,-19,9
2026-07-16,4958,臻鼎-KY,32153,-1255,341
2026-07-16,4960,誠美材,17075,-48,70
2026-07-16,4961,天鈺,1674,15,4
2026-07-16,4967,十銓,8495,-121,698
2026-07-16,4968,立積,6023,20,17
2026-07-16,4976,佳凌,4863,28,71
2026-07-16,4977,眾達-KY,7425,-29,1
2026-07-16,4989,榮科,19430,-322,422
2026-07-16,4994,傳奇,2276,3,2
2026-07-16,4999,鑫禾,405,-5,0
2026-07-16,5007,三星,8,-1,0
2026-07-16,5203,訊連,1283,-9,6
2026-07-16,5215,科嘉-KY,710,-17,0
2026-07-16,5222,全訊,1978,-7,11
2026-07-16,5225,東科-KY,1516,0,2
2026-07-16,5234,達興材料,1589,27,16
2026-07-16,5236,凌陽創新,213,-3,2
2026-07-16,5243,乙盛-KY,11124,-120,24
2026-07-16,5244,弘凱,2827,1,20
2026-07-16,5258,虹堡,4051,-4,1
2026-07-16,5269,祥碩,2167,-6,0
2026-07-16,5283,禾聯碩,115,-17,0
2026-07-16,5284,jpp-KY,3905,66,6
2026-07-16,5285,界霖,5628,68,23
2026-07-16,5288,豐祥-KY,2434,22,2
2026-07-16,5292,華懋,1035,-3,0
2026-07-16,5306,桂盟,650,139,0
2026-07-16,5388,中磊,5874,-15,12
2026-07-16,5434,崇越,1035,37,1
2026-07-16,5469,瀚宇博,14816,-64,30
2026-07-16,5471,松翰,4605,-164,15
2026-07-16,5484,慧友,0,0,0
2026-07-16,5515,建國,1839,-12,63
2026-07-16,5519,隆大,853,-2,60
2026-07-16,5521,工信,15271,-36,0
2026-07-16,5522,遠雄,998,-8,2
2026-07-16,5525,順天,357,0,0
2026-07-16,5531,鄉林,3262,0,12
2026-07-16,5533,皇鼎,489,-9,0
2026-07-16,5534,長虹,3873,-160,0
2026-07-16,5538,東明-KY,11,2,0
2026-07-16,5546,永固-KY,19,0,0
2026-07-16,5607,遠雄港,1459,-21,0
2026-07-16,5608,四維航,4737,35,2
2026-07-16,5706,鳳凰,768,-1,26
2026-07-16,5871,中租-KY,4368,23,19
2026-07-16,5876,上海商銀,1031,-79,1
2026-07-16,5880,合庫金,2048,-18,26
2026-07-16,5906,台南-KY,26,0,0
2026-07-16,5907,大洋-KY,5496,3,1
2026-07-16,6005,群益證,5357,42,14
2026-07-16,6024,群益期,167,34,0
2026-07-16,6108,競國,1467,-32,0
2026-07-16,6112,邁達特,3380,45,0
2026-07-16,6115,鎰勝,92,0,0
2026-07-16,6116,彩晶,39457,326,4976
2026-07-16,6117,迎廣,2595,-4,22
2026-07-16,6120,達運,7537,184,3
2026-07-16,6128,上福,1194,-3,0
2026-07-16,6133,金橋,3265,-18,33
2026-07-16,6136,富爾特,2735,-6,0
2026-07-16,6139,亞翔,7759,222,77
2026-07-16,6141,柏承,36,-10,0
2026-07-16,6142,友勁,0,0,0
2026-07-16,6152,百一,0,0,0
2026-07-16,6153,嘉聯益,14217,157,117
2026-07-16,6155,鈞寶,3619,27,12
2026-07-16,6164,華興,3620,-22,2
2026-07-16,6165,浪凡,8252,-46,1
2026-07-16,6166,凌華,3537,-103,6
2026-07-16,6168,宏齊,5245,-44,391
2026-07-16,6176,瑞儀,7151,-182,13
2026-07-16,6177,達麗,2795,98,1
2026-07-16,6183,關貿,9,0,0
2026-07-16,6184,大豐電,499,-1,0
2026-07-16,6189,豐藝,2489,28,0
2026-07-16,6191,精成科,22721,66,28
2026-07-16,6192,巨路,792,-10,0
2026-07-16,6196,帆宣,1632,-40,10
2026-07-16,6197,佳必琪,5307,41,42
2026-07-16,6201,亞弘電,29,0,0
2026-07-16,6202,盛群,6511,244,53
2026-07-16,6205,詮欣,4827,-20,5
2026-07-16,6206,飛捷,1844,16,0
2026-07-16,6209,今國光,14844,-4,141
2026-07-16,6213,聯茂,15632,-1007,128
2026-07-16,6214,精誠,1708,-4,2
2026-07-16,6215,和椿,5708,26,17
2026-07-16,6216,居易,723,5,1
2026-07-16,6224,聚鼎,2193,-32,23
2026-07-16,6225,天瀚,0,0,0
2026-07-16,6226,光鼎,1671,-470,106
2026-07-16,6230,尼得科超眾,469,3,1
2026-07-16,6235,華孚,5139,9,24
2026-07-16,6239,力成,24432,444,108
2026-07-16,6243,迅杰,1574,142,159
2026-07-16,6257,矽格,9354,56,16
2026-07-16,6269,台郡,10691,130,286
2026-07-16,6271,同欣電,8459,-13,23
2026-07-16,6272,驊陞,18,-1,0
2026-07-16,6277,宏正,182,-6,0
2026-07-16,6278,台表科,11351,-54,85
2026-07-16,6281,全國電,73,0,0
2026-07-16,6282,康舒,32587,781,497
2026-07-16,6283,淳安,2558,-2,1
2026-07-16,6285,啟碁,17090,247,71
2026-07-16,6405,悅城,6998,-71,85
2026-07-16,6409,旭隼,1207,-19,23
2026-07-16,6412,群電,3451,20,1
2026-07-16,6414,樺漢,1389,29,586
2026-07-16,6415,矽力*-KY,5085,-7,76
2026-07-16,6416,瑞祺電通,3557,45,2
2026-07-16,6426,統新,2365,-7,10
2026-07-16,6431,光麗-KY,0,0,0
2026-07-16,6438,迅得,4187,2,15
2026-07-16,6442,光聖,4503,-36,6
2026-07-16,6443,元晶,14414,-54,496
2026-07-16,6446,藥華藥,8745,125,24
2026-07-16,6449,鈺邦,2974,-259,13
2026-07-16,6451,訊芯-KY,8726,72,66
2026-07-16,6456,GIS-KY,12404,46,191
2026-07-16,6464,台數科,2,0,0
2026-07-16,6472,保瑞,3749,145,6
2026-07-16,6477,安集,3841,-46,554
2026-07-16,6491,晶碩,566,1,0
2026-07-16,6504,南六,124,2,0
2026-07-16,6505,台塑化,15376,3710,705
2026-07-16,6515,穎崴,427,15,0
2026-07-16,6525,捷敏-KY,4721,-16,20
2026-07-16,6526,達發,1654,8,0
2026-07-16,6531,愛普*,8441,161,23
2026-07-16,6533,晶心科,2505,40,26
2026-07-16,6534,正瀚-創,1796,0,0
2026-07-16,6541,泰福-KY,3836,0,0
2026-07-16,6550,北極星藥業-KY,0,0,0
2026-07-16,6552,易華電,1156,8,18
2026-07-16,6558,興能高,3745,-13,15
2026-07-16,6573,虹揚-KY,0,0,0
2026-07-16,6579,研揚,1158,9,0
2026-07-16,6581,鋼聯,5,0,0
2026-07-16,6582,申豐,365,-1,0
2026-07-16,6585,鼎基,2566,-4,71
2026-07-16,6589,台康生技,3183,18,39
2026-07-16,6591,動力-KY,2326,0,24
2026-07-16,6592,和潤企業,701,-22,6
2026-07-16,6598,ABC-KY,0,0,0
2026-07-16,6605,帝寶,2378,-7,0
2026-07-16,6606,建德工業,577,7,0
2026-07-16,6614,資拓宏宇,54,0,0
2026-07-16,6625,必應,913,2,4
2026-07-16,6641,基士德-KY,102,0,0
2026-07-16,6645,金萬林-創,12,0,0
2026-07-16,6655,科定,0,0,0
2026-07-16,6657,華安,1430,0,0
2026-07-16,6658,聯策,1707,36,12
2026-07-16,6666,羅麗芬-KY,353,6,0
2026-07-16,6668,中揚光,2925,5,0
2026-07-16,6669,緯穎,1903,-25,8
2026-07-16,6670,復盛應用,404,-3,3
2026-07-16,6671,三能-KY,68,5,0
2026-07-16,6672,騰輝電子-KY,5533,13,53
2026-07-16,6674,鋐寶科技,280,2,1
2026-07-16,6689,伊雲谷,1430,-6,0
2026-07-16,6691,洋基工程,1518,-5,23
2026-07-16,6695,芯鼎,3674,-35,38
2026-07-16,6698,旭暉應材,2418,-6,0
2026-07-16,6706,惠特,9278,-96,86
2026-07-16,6715,嘉基,6184,149,6
2026-07-16,6719,力智,4794,-27,0
2026-07-16,6742,澤米,2389,-27,23
2026-07-16,6743,安普新,606,-8,0
2026-07-16,6753,龍德造船,5943,-132,242
2026-07-16,6754,匯僑設計,131,0,0
2026-07-16,6756,威鋒電子,705,13,2
2026-07-16,6757,台灣虎航,3532,-43,17
2026-07-16,6768,志強-KY,1251,0,1
2026-07-16,6770,力積電,159974,-13528,4214
2026-07-16,6771,平和環保-創,80,0,0
2026-07-16,6776,展碁國際,951,0,0
2026-07-16,6781,AES-KY,2934,-4,1
2026-07-16,6782,視陽,465,-3,0
2026-07-16,6789,采鈺,6255,-32,89
2026-07-16,6790,永豐實,604,-2,0
2026-07-16,6792,詠業,288,5,0
2026-07-16,6794,向榮生技,267,-3,0
2026-07-16,6796,晉弘,540,0,0
2026-07-16,6799,來頡,2227,18,0
2026-07-16,6805,富世達,2546,-46,9
2026-07-16,6807,峰源-KY,138,-1,0
2026-07-16,6830,汎銓,3925,23,38
2026-07-16,6831,邁科,148,48,0
2026-07-16,6834,天二科技,4696,-411,127
2026-07-16,6835,圓裕,845,1,4
2026-07-16,6838,台新藥,2622,-1,0
2026-07-16,6854,錼創科技-KY創,3548,-10,0
2026-07-16,6861,睿生光電,2397,41,11
2026-07-16,6862,三集瑞-KY,1409,-4,2
2026-07-16,6863,永道-KY,995,-3,1
2026-07-16,6869,雲豹能源,3389,4,82
2026-07-16,6873,泓德能源,4043,-5,29
2026-07-16,6885,全福生技,2327,3,2
2026-07-16,6887,寶綠特-KY,852,-8,0
2026-07-16,6890,來億-KY,872,-10,5
2026-07-16,6901,鑽石投資,5977,93,151
2026-07-16,6902,GOGOLOOK,635,5,0
2026-07-16,6906,現觀科,524,1,0
2026-07-16,6909,創控,1731,-1,16
2026-07-16,6914,阜爾運通,330,-4,0
2026-07-16,6916,華凌,405,0,0
2026-07-16,6918,愛派司,98,0,0
2026-07-16,6919,康霈*,0,0,0
2026-07-16,6923,中台,1838,-68,0
2026-07-16,6928,攸泰科技,849,-9,10
2026-07-16,6931,青松健康,122,0,0
2026-07-16,6933,AMAX-KY,773,-63,0
2026-07-16,6936,永鴻生技,242,0,0
2026-07-16,6937,天虹,1759,-5,5
2026-07-16,6944,兆聯實業,669,-18,0
2026-07-16,6949,沛爾生醫-創,5370,-113,5
2026-07-16,6951,青新-創,77,0,0
2026-07-16,6952,大武山,42,0,0
2026-07-16,6957,裕慶-KY,1560,80,83
2026-07-16,6958,日盛台駿,170,-1,0
2026-07-16,6962,奕力-KY,8988,31,4
2026-07-16,6965,中傑-KY,39,0,0
2026-07-16,6994,富威電力,3169,2,12
2026-07-16,7705,三商餐飲,93,-1,0
2026-07-16,7711,永擎,601,4,0
2026-07-16,7721,微程式,1246,2,0
2026-07-16,7722,LINEPAY,798,1,0
2026-07-16,7730,暉盛-創,657,20,3
2026-07-16,7732,金興精密,102,-1,0
2026-07-16,7736,虎山,66,1,0
2026-07-16,7740,熙特爾-創,1807,2,0
2026-07-16,7749,意騰-KY,1179,1,0
2026-07-16,7750,新代,663,-2,4
2026-07-16,7765,中華資安,478,-1,0
2026-07-16,7769,鴻勁,269,0,0
2026-07-16,7780,大研生醫*,184,13,0
2026-07-16,7786,東方風能,294,-3,0
2026-07-16,7788,松川精密,2441,-77,9
2026-07-16,7791,皇家可口,16,0,0
2026-07-16,7799,禾榮科,1149,69,2
2026-07-16,8011,台通,3666,14,3
2026-07-16,8016,矽創,1879,10,3
2026-07-16,8021,尖點,11249,-8,24
2026-07-16,8028,昇陽半導體,9587,2906,235
2026-07-16,8033,雷虎,8252,-755,780
2026-07-16,8039,台虹,16510,-230,1051
2026-07-16,8045,達運光電,4840,28,1
2026-07-16,8046,南電,11727,1541,942
2026-07-16,8070,長華*,7559,3,3
2026-07-16,8072,陞泰,1935,0,0
2026-07-16,8081,致新,1521,-64,1
2026-07-16,8101,華冠,0,0,0
2026-07-16,8103,瀚荃,3761,-46,1
2026-07-16,8104,錸寶,4758,81,12
2026-07-16,8105,凌巨,8952,-469,971
2026-07-16,8110,華東,18788,-218,81
2026-07-16,8112,至上,19394,353,1549
2026-07-16,8114,振樺電,2105,-15,1
2026-07-16,8131,福懋科,6341,-114,9
2026-07-16,8150,南茂,23927,-4486,1420
2026-07-16,8162,微矽電子-創,2203,0,0
2026-07-16,8163,達方,2723,-14,10
2026-07-16,8201,無敵,0,0,0
2026-07-16,8210,勤誠,2347,-17,21
2026-07-16,8213,志超,3955,5,0
2026-07-16,8215,明基材,3538,-4,0
2026-07-16,8222,寶一,3448,-41,3
2026-07-16,8249,菱光,4284,-6,3
2026-07-16,8261,富鼎,11012,4,49
2026-07-16,8271,宇瞻,5088,-33,155
2026-07-16,8341,日友,399,19,0
2026-07-16,8367,建新國際,11,0,0
2026-07-16,8374,羅昇,1750,-26,4
2026-07-16,8404,百和興業-KY,3954,5,0
2026-07-16,8411,福貞-KY,20,-2,0
2026-07-16,8422,可寧衛*,28872,-133,138
2026-07-16,8429,金麗-KY,13542,-17,9
2026-07-16,8438,昶昕,6551,12,0
2026-07-16,8442,威宏-KY,819,-22,21
2026-07-16,8443,阿瘦,28,0,0
2026-07-16,8454,富邦媒,1550,6,168
2026-07-16,8462,柏文,1080,5,2
2026-07-16,8463,潤泰材,126,1,0
2026-07-16,8464,億豐,72,-4,0
2026-07-16,8466,美吉吉-KY,1339,-15,0
2026-07-16,8467,波力-KY,259,-1,1
2026-07-16,8473,山林水,2563,-5,69
2026-07-16,8476,台境*,17660,52,497
2026-07-16,8478,東哥遊艇,1157,3,0
2026-07-16,8481,政伸,4,0,0
2026-07-16,8482,商億-KY,160,0,0
2026-07-16,8487,愛爾達-創,44,0,0
2026-07-16,8488,吉源-KY,22,0,0
2026-07-16,8499,鼎炫-KY,589,-1,0
2026-07-16,8926,台汽電,7607,-101,52
2026-07-16,8940,新天地,126,2,0
2026-07-16,8996,高力,4447,-97,174
2026-07-16,9802,鈺齊-KY,2516,-35,6
2026-07-16,9902,台火,3424,-2,1
2026-07-16,9904,寶成,24306,1391,3
2026-07-16,9905,大華,24,0,0
2026-07-16,9906,欣巴巴,445,3,4
2026-07-16,9907,統一實,3946,-59,5
2026-07-16,9908,大台北,162,0,0
2026-07-16,9910,豐泰,2588,12,9
2026-07-16,9911,櫻花,387,5,0
2026-07-16,9912,偉聯,0,0,0
2026-07-16,9914,美利達,3471,262,69
2026-07-16,9917,中保科,134,-3,0
2026-07-16,9918,欣天然,71,0,0
2026-07-16,9919,康那香,7563,-226,5
2026-07-16,9921,巨大,1878,-77,102
2026-07-16,9924,福興,721,-6,0
2026-07-16,9925,新保,1,-2,0
2026-07-16,9926,新海,8,0,0
2026-07-16,9927,泰銘,59,0,0
2026-07-16,9928,中視,454,0,0
2026-07-16,9929,秋雨,0,0,0
2026-07-16,9930,中聯資源,21,0,0
2026-07-16,9931,欣高,75,0,0
2026-07-16,9933,中鼎,4167,-42,8
2026-07-16,9934,成霖,5835,15,6
2026-07-16,9935,慶豐富,1161,2,0
2026-07-16,9937,全國,153,4,0
2026-07-16,9938,百和,3476,-18,4
2026-07-16,9939,宏全,999,-13,0
2026-07-16,9940,信義,1270,22,0
2026-07-16,9941,裕融,1038,-32,3
2026-07-16,9942,茂順,52,3,0
2026-07-16,9943,好樂迪,97,1,0
2026-07-16,9944,新麗,5516,-4,0
2026-07-16,9945,潤泰新,21235,-206,9
2026-07-16,9946,三發地產,1045,-10,0
2026-07-16,9955,佳龍,1380,2,1
2026-07-16,9958,世紀鋼,9169,-68,11
2026-07-17,1101,台泥,34143,-265,57
2026-07-17,1102,亞泥,1328,-287,0
2026-07-17,1103,嘉泥,4121,2,0
2026-07-17,1104,環泥,1551,-4,0
2026-07-17,1108,幸福,449,62,44
2026-07-17,1109,信大,266,0,0
2026-07-17,1110,東泥,2762,8,0
2026-07-17,1201,味全,1525,-40,0
2026-07-17,1203,味王,2,1,0
2026-07-17,1210,大成,583,-19,6
2026-07-17,1213,大飲,0,0,0
2026-07-17,1215,卜蜂,419,3,1
2026-07-17,1216,統一,537,-6,11
2026-07-17,1217,愛之味,944,4,3
2026-07-17,1218,泰山,1511,52,128
2026-07-17,1219,福壽,532,-3,5
2026-07-17,1220,台榮,863,0,0
2026-07-17,1225,福懋油,6933,-1,10
2026-07-17,1227,佳格,896,-1,0
2026-07-17,1229,聯華,3002,1,10
2026-07-17,1231,聯華食,246,-5,0
2026-07-17,1232,大統益,317,193,0
2026-07-17,1233,天仁,19,0,0
2026-07-17,1234,黑松,15,0,0
2026-07-17,1235,興泰,1181,-4,0
2026-07-17,1236,宏亞,226,-20,0
2026-07-17,1256,鮮活果汁-KY,355,-4,12
2026-07-17,1301,台塑,26395,-755,818
2026-07-17,1303,南亞,43059,-5953,5370
2026-07-17,1304,台聚,12970,308,0
2026-07-17,1305,華夏,7047,-97,0
2026-07-17,1307,三芳,1342,17,1
2026-07-17,1308,亞聚,6656,-1257,0
2026-07-17,1309,台達化,8495,93,0
2026-07-17,1310,台苯,14722,29,51
2026-07-17,1312,國喬,28722,2848,82
2026-07-17,1313,聯成,11196,143,153
2026-07-17,1314,中石化,83624,-419,255
2026-07-17,1315,達新,17,-4,0
2026-07-17,1316,上曜,10775,-104,26
2026-07-17,1319,東陽,6902,-49,22
2026-07-17,1321,大洋,7245,5,0
2026-07-17,1323,永裕,81,0,0
2026-07-17,1324,地球,1279,-91,0
2026-07-17,1325,恆大,2145,63,17
2026-07-17,1326,台化,34531,-309,857
2026-07-17,1337,再生-KY,21380,10,0
2026-07-17,1338,廣華-KY,3891,5,0
2026-07-17,1339,昭輝,857,3,0
2026-07-17,1340,勝悅-KY,1032,5,0
2026-07-17,1342,八貫,630,-117,0
2026-07-17,1402,遠東新,7599,-295,110
2026-07-17,1409,新纖,25336,-1357,259
2026-07-17,1410,南染,308,0,0
2026-07-17,1413,宏洲,0,0,0
2026-07-17,1414,東和,1224,-59,0
2026-07-17,1416,廣豐,3375,64,0
2026-07-17,1417,嘉裕,1935,123,0
2026-07-17,1418,東華,762,3,0
2026-07-17,1419,新紡,1243,-4,0
2026-07-17,1423,利華,87,0,0
2026-07-17,1432,大魯閣,162,29,38
2026-07-17,1434,福懋,8583,1189,2
2026-07-17,1435,中福,0,0,0
2026-07-17,1436,華友聯,975,-29,0
2026-07-17,1437,勤益控,2238,75,0
2026-07-17,1438,三地開發,153,1,0
2026-07-17,1439,雋揚,1059,2,0
2026-07-17,1440,南紡,5731,-85,1
2026-07-17,1441,大東,0,0,0
2026-07-17,1442,名軒,2934,5,8
2026-07-17,1443,立益物流,31,0,0
2026-07-17,1444,力麗,570,0,0
2026-07-17,1445,大宇,1402,-4,1
2026-07-17,1446,宏和,1647,-24,0
2026-07-17,1447,力鵬,931,0,0
2026-07-17,1449,佳和,3159,21,0
2026-07-17,1451,年興,760,10,0
2026-07-17,1452,宏益,107,1,0
2026-07-17,1453,大將,1023,-1,0
2026-07-17,1454,台富,2180,0,0
2026-07-17,1455,集盛,3208,-363,0
2026-07-17,1456,怡華,789,-10,0
2026-07-17,1457,宜進,713,0,1
2026-07-17,1459,聯發,491,13,0
2026-07-17,1460,宏遠,0,0,0
2026-07-17,1463,強盛新,486,-3,0
2026-07-17,1464,得力,2088,29,0
2026-07-17,1465,偉全,3306,3,0
2026-07-17,1466,聚隆,2888,-128,43
2026-07-17,1467,南緯,6453,-4,7
2026-07-17,1468,昶和,0,0,0
2026-07-17,1470,大統新創,6,0,0
2026-07-17,1471,首利,0,0,0
2026-07-17,1472,三洋實業,3903,15,2
2026-07-17,1473,台南,846,1,0
2026-07-17,1474,弘裕,3379,-7,0
2026-07-17,1475,業旺,452,0,0
2026-07-17,1476,儒鴻,955,-28,16
2026-07-17,1477,聚陽,1556,-93,1
2026-07-17,1503,士電,3191,-52,0
2026-07-17,1504,東元,31336,-141,115
2026-07-17,1506,正道,0,0,0
2026-07-17,1512,瑞利,0,0,0
2026-07-17,1513,中興電,8018,-150,28
2026-07-17,1514,亞力,6819,-367,535
2026-07-17,1515,力山,3229,-271,90
2026-07-17,1516,川飛,2,0,0
2026-07-17,1517,利奇,2369,169,17
2026-07-17,1519,華城,3401,-160,17
2026-07-17,1521,大億,445,1,0
2026-07-17,1522,堤維西,4335,-11,0
2026-07-17,1524,耿鼎,4292,0,15
2026-07-17,1525,江申,232,0,0
2026-07-17,1526,日馳,922,354,23
2026-07-17,1527,鑽全,572,-2,0
2026-07-17,1528,恩德,6934,-500,49
2026-07-17,1529,樂事綠能,3036,20,0
2026-07-17,1530,亞崴,289,-1,0
2026-07-17,1531,高林股,1738,-11,1
2026-07-17,1532,勤美,2738,-35,0
2026-07-17,1533,車王電,474,-22,9
2026-07-17,1535,中宇,58,0,0
2026-07-17,1536,和大,8376,-191,167
2026-07-17,1537,廣隆,56,-1,0
2026-07-17,1538,正峰,0,0,0
2026-07-17,1539,巨庭,1348,54,0
2026-07-17,1540,喬福,1728,-70,5
2026-07-17,1541,錩泰,118,1,0
2026-07-17,1558,伸興,244,-1,0
2026-07-17,1560,中砂,1550,-27,98
2026-07-17,1563,巧新,7068,-266,3
2026-07-17,1568,倉佑,2670,-64,0
2026-07-17,1582,信錦,4374,-299,9
2026-07-17,1583,程泰,66,-15,0
2026-07-17,1587,吉茂,1960,30,23
2026-07-17,1589,永冠-KY,793,0,0
2026-07-17,1590,亞德客-KY,123,0,0
2026-07-17,1597,直得,3403,-72,20
2026-07-17,1598,岱宇,2103,-24,0
2026-07-17,1603,華電,2121,1,10
2026-07-17,1604,聲寶,227,-2,0
2026-07-17,1605,華新,54341,-2667,620
2026-07-17,1608,華榮,8117,-32,0
2026-07-17,1609,大亞,13782,-314,24
2026-07-17,1611,中電,3294,-47,6
2026-07-17,1612,宏泰,1915,-13,1
2026-07-17,1614,三洋電,343,0,0
2026-07-17,1615,大山,185,22,0
2026-07-17,1616,億泰,3255,-36,1
2026-07-17,1617,榮星,2458,-444,6
2026-07-17,1618,合機,3693,-40,31
2026-07-17,1626,艾美特-KY,1676,-2,0
2026-07-17,1702,南僑,302,-6,0
2026-07-17,1707,葡萄王,360,-4,20
2026-07-17,1708,東鹼,7108,-814,73
2026-07-17,1709,和益,13775,222,18
2026-07-17,1710,東聯,12300,-377,179
2026-07-17,1711,永光,19216,-1395,122
2026-07-17,1712,興農,456,-4,0
2026-07-17,1713,國化,3010,-13,0
2026-07-17,1714,和桐,14358,-2043,194
2026-07-17,1717,長興,21491,-784,132
2026-07-17,1718,中纖,16376,-857,444
2026-07-17,1720,生達,323,-9,0
2026-07-17,1721,三晃,127,0,0
2026-07-17,1722,台肥,2633,59,0
2026-07-17,1723,中碳,813,33,4
2026-07-17,1725,元禎,288,-1,0
2026-07-17,1726,永記,24,-4,0
2026-07-17,1727,中華化,8026,-553,132
2026-07-17,1730,花仙子,8,0,0
2026-07-17,1731,美吾華,315,5,0
2026-07-17,1732,毛寶,581,-24,0
2026-07-17,1733,五鼎,2637,5,1
2026-07-17,1734,杏輝,495,-46,0
2026-07-17,1735,日勝化,780,-13,0
2026-07-17,1736,喬山,2010,24,3
2026-07-17,1737,臺鹽,22,0,0
2026-07-17,1752,南光,328,0,0
2026-07-17,1760,寶齡富錦,1086,13,0
2026-07-17,1762,中化生,752,30,2
2026-07-17,1773,勝一,1330,8,2
2026-07-17,1776,展宇,871,15,1
2026-07-17,1783,和康生,576,-11,0
2026-07-17,1786,科妍,5151,14,11
2026-07-17,1789,神隆,3304,21,0
2026-07-17,1795,美時,8865,-64,29
2026-07-17,1802,台玻,49549,-2026,749
2026-07-17,1805,寶徠,1408,-7,0
2026-07-17,1806,冠軍,3001,-78,0
2026-07-17,1808,潤隆,5652,-120,0
2026-07-17,1809,中釉,6413,-423,0
2026-07-17,1810,和成,23268,-823,409
2026-07-17,1817,凱撒衛,17,0,0
2026-07-17,1903,士紙,2532,-10,5
2026-07-17,1904,正隆,4726,46,32
2026-07-17,1905,華紙,12148,274,355
2026-07-17,1906,寶隆,7272,-30,0
2026-07-17,1907,永豐餘,24242,-33,1
2026-07-17,1909,榮成,9739,43,2
2026-07-17,2002,中鋼,46559,627,51
2026-07-17,2006,東和鋼鐵,1055,-90,1
2026-07-17,2007,燁興,5,0,0
2026-07-17,2008,高興昌,127,0,0
2026-07-17,2009,第一銅,6745,-118,0
2026-07-17,2010,春源,2045,-17,10
2026-07-17,2012,春雨,194,2,0
2026-07-17,2013,中鋼構,1414,-5,3
2026-07-17,2014,中鴻,1725,0,0
2026-07-17,2015,豐興,40,0,0
2026-07-17,2017,官田鋼,8185,-57,1
2026-07-17,2020,美亞,787,-26,0
2026-07-17,2022,聚亨,1152,68,1
2026-07-17,2023,燁輝,2697,-46,32
2026-07-17,2024,志聯,61,0,0
2026-07-17,2025,千興,0,0,0
2026-07-17,2027,大成鋼,24952,-386,33
2026-07-17,2028,威致,1183,-52,0
2026-07-17,2029,盛餘,394,0,0
2026-07-17,2030,彰源,4292,90,0
2026-07-17,2031,新光鋼,889,-45,6
2026-07-17,2032,新鋼,2729,1,0
2026-07-17,2033,佳大,2728,4,5
2026-07-17,2034,允強,3662,-102,0
2026-07-17,2038,海光,3650,-340,20
2026-07-17,2049,上銀,3596,15,21
2026-07-17,2059,川湖,475,-17,4
2026-07-17,2062,橋椿,1381,-2,2
2026-07-17,2069,運錩,473,-17,0
2026-07-17,2101,南港,22165,-410,16
2026-07-17,2102,泰豐,3903,16,0
2026-07-17,2103,台橡,15980,-1652,120
2026-07-17,2104,國際中橡,19710,-394,56
2026-07-17,2105,正新,8994,-395,19
2026-07-17,2106,建大,2923,55,0
2026-07-17,2107,厚生,119,-3,0
2026-07-17,2108,南帝,2851,-17,36
2026-07-17,2109,華豐,648,-3,0
2026-07-17,2114,鑫永銓,6,0,0
2026-07-17,2115,六暉-KY,567,20,3
2026-07-17,2201,裕隆,9985,-292,7
2026-07-17,2204,中華,1099,45,0
2026-07-17,2206,三陽工業,4409,-107,0
2026-07-17,2207,和泰車,81,0,0
2026-07-17,2208,台船,0,0,0
2026-07-17,2211,長榮鋼,425,17,0
2026-07-17,2228,劍麟,1733,-19,0
2026-07-17,2231,為升,2859,-152,122
2026-07-17,2233,宇隆,5641,-53,2
2026-07-17,2236,百達-KY,11376,-78,37
2026-07-17,2239,英利-KY,1552,29,0
2026-07-17,2241,艾姆勒,8181,44,3
2026-07-17,2243,宏旭-KY,1399,-65,17
2026-07-17,2247,汎德永業,136,-2,1
2026-07-17,2248,華勝-KY,631,-23,4
2026-07-17,2250,IKKA-KY,1317,-30,2
2026-07-17,2254,巨鎧精密-創,2518,0,0
2026-07-17,2301,光寶科,17473,-500,221
2026-07-17,2302,麗正,3948,-562,164
2026-07-17,2303,聯電,224527,-11283,9393
2026-07-17,2305,全友,6932,-489,160
2026-07-17,2308,台達電,7764,-67,20
2026-07-17,2312,金寶,49768,-581,1461
2026-07-17,2313,華通,45483,-345,5155
2026-07-17,2314,台揚,0,0,0
2026-07-17,2316,楠梓電,3826,-135,27
2026-07-17,2317,鴻海,57065,-131,244
2026-07-17,2321,東訊,0,0,0
2026-07-17,2323,中環,29559,426,73
2026-07-17,2324,仁寶,58886,-3146,771
2026-07-17,2327,國巨*,44087,-1808,1190
2026-07-17,2328,廣宇,18733,-325,44
2026-07-17,2329,華泰,16888,-570,297
2026-07-17,2330,台積電,33373,455,81
2026-07-17,2331,精英,10419,74,20
2026-07-17,2332,友訊,22835,-3245,400
2026-07-17,2337,旺宏,96283,-6030,2553
2026-07-17,2338,光罩,6431,13,69
2026-07-17,2340,台亞,9498,23,54
2026-07-17,2342,茂矽,4978,-648,96
2026-07-17,2344,華邦電,141088,-5368,6745
2026-07-17,2345,智邦,1430,-176,6
2026-07-17,2347,聯強,681,-71,3
2026-07-17,2348,海悅,2439,132,2
2026-07-17,2349,錸德,0,0,0
2026-07-17,2351,順德,15762,-1469,51
2026-07-17,2352,佳世達,16383,-482,0
2026-07-17,2353,宏碁,41862,-746,2570
2026-07-17,2354,鴻準,25886,57,28
2026-07-17,2355,敬鵬,11530,-540,0
2026-07-17,2356,英業達,31011,-1614,104
2026-07-17,2357,華碩,2337,-31,8
2026-07-17,2359,所羅門,7246,140,44
2026-07-17,2360,致茂,1171,-24,0
2026-07-17,2362,藍天,2376,-5,1
2026-07-17,2363,矽統,18388,-253,193
2026-07-17,2364,倫飛,726,-14,0
2026-07-17,2365,昆盈,9252,-205,67
2026-07-17,2367,燿華,32870,-1248,828
2026-07-17,2368,金像電,4520,-439,218
2026-07-17,2369,菱生,14735,-285,193
2026-07-17,2371,大同,51112,-308,321
2026-07-17,2373,震旦行,47,0,0
2026-07-17,2374,佳能,19163,-732,42
2026-07-17,2375,凱美,7900,-893,245
2026-07-17,2376,技嘉,8244,-194,425
2026-07-17,2377,微星,13526,-366,359
2026-07-17,2379,瑞昱,2842,-122,32
2026-07-17,2380,虹光,0,0,0
2026-07-17,2382,廣達,12146,-334,894
2026-07-17,2383,台光電,1643,-115,57
2026-07-17,2385,群光,3360,-122,23
2026-07-17,2387,精元,1356,-1,1
2026-07-17,2388,威盛,12221,-351,71
2026-07-17,2390,云辰,1900,-2,2
2026-07-17,2392,正崴,4692,-25,0
2026-07-17,2393,億光,2713,-14,14
2026-07-17,2395,研華,1741,-168,38
2026-07-17,2397,友通,1666,-19,0
2026-07-17,2399,映泰,12334,-241,179
2026-07-17,2401,凌陽,8599,-323,132
2026-07-17,2402,毅嘉,13946,-261,145
2026-07-17,2404,漢唐,2440,-298,2
2026-07-17,2405,輔信,8192,16,11
2026-07-17,2406,國碩,13605,-188,346
2026-07-17,2408,南亞科,84694,-9972,1002
2026-07-17,2409,友達,210064,-6735,23482
2026-07-17,2412,中華電,1685,1001,75
2026-07-17,2413,環科,4693,-127,37
2026-07-17,2414,精技,596,-55,0
2026-07-17,2415,錩新,2352,-65,2
2026-07-17,2417,圓剛,3767,-165,1
2026-07-17,2419,仲琦,6798,-87,12
2026-07-17,2420,新巨,1173,144,2
2026-07-17,2421,建準,5573,49,32
2026-07-17,2423,固緯,704,-28,1
2026-07-17,2424,隴華,0,0,0
2026-07-17,2425,承啟,3923,62,3
2026-07-17,2426,鼎元,13846,-1331,462
2026-07-17,2427,三商電,5548,-222,49
2026-07-17,2428,興勤,2835,-213,10
2026-07-17,2429,銘旺科,2281,-345,0
2026-07-17,2430,燦坤,81,-4,7
2026-07-17,2431,聯昌,1656,-2,0
2026-07-17,2432,倚天酷碁-創,324,0,0
2026-07-17,2433,互盛電,29,-18,0
2026-07-17,2434,統懋,447,-14,204
2026-07-17,2436,偉詮電,6438,-356,182
2026-07-17,2438,翔耀,0,0,0
2026-07-17,2439,美律,3719,-84,133
2026-07-17,2440,太空梭,1635,45,0
2026-07-17,2441,超豐,9634,166,308
2026-07-17,2442,新美齊,4210,-27,0
2026-07-17,2444,兆勁,0,0,0
2026-07-17,2449,京元電子,21567,487,339
2026-07-17,2450,神腦,104,0,0
2026-07-17,2451,創見,5730,-782,40
2026-07-17,2453,凌群,2513,-109,1
2026-07-17,2454,聯發科,9497,-371,28
2026-07-17,2455,全新,9061,-1019,228
2026-07-17,2457,飛宏,15441,-143,35
2026-07-17,2458,義隆,3523,-374,110
2026-07-17,2459,敦吉,108,-34,0
2026-07-17,2460,建通,293,0,0
2026-07-17,2461,光群雷,8832,-180,0
2026-07-17,2462,良得電,2535,27,0
2026-07-17,2464,盟立,13552,-1254,775
2026-07-17,2465,麗臺,3330,-73,10
2026-07-17,2466,冠西電,6148,-24,412
2026-07-17,2467,志聖,2127,-10,46
2026-07-17,2468,華經,3458,-42,0
2026-07-17,2471,資通,1328,-8,0
2026-07-17,2472,立隆電,6745,-1166,28
2026-07-17,2474,可成,11074,-185,7
2026-07-17,2476,鉅祥,39670,-236,36
2026-07-17,2477,美隆電,1150,-28,45
2026-07-17,2478,大毅,8188,-1265,54
2026-07-17,2480,敦陽科,357,-5,0
2026-07-17,2481,強茂,12282,-2029,603
2026-07-17,2482,連宇,1881,-12,1
2026-07-17,2483,百容,1893,-521,94
2026-07-17,2484,希華,15793,-1382,1034
2026-07-17,2485,兆赫,14664,-905,193
2026-07-17,2486,一詮,24575,-321,185
2026-07-17,2488,漢平,473,-6,0
2026-07-17,2489,瑞軒,36198,-3462,276
2026-07-17,2491,吉祥全,2312,-54,9
2026-07-17,2492,華新科,9515,-287,25
2026-07-17,2493,揚博,8774,-3483,134
2026-07-17,2495,普安,9324,-362,23
2026-07-17,2496,卓越,45,0,0
2026-07-17,2497,怡利電,3543,9,3
2026-07-17,2498,宏達電,29913,-159,1055
2026-07-17,2501,國建,4493,-80,2
2026-07-17,2504,國產,4486,-120,0
2026-07-17,2505,國揚,3426,1,0
2026-07-17,2506,太設,1834,-1,1
2026-07-17,2509,全坤建,547,1,1
2026-07-17,2511,太子,3302,221,1
2026-07-17,2514,龍邦,18102,-1,0
2026-07-17,2515,中工,26074,596,4
2026-07-17,2516,新建,0,0,0
2026-07-17,2520,冠德,3096,-89,7
2026-07-17,2524,京城,3205,-17,0
2026-07-17,2527,宏璟,4152,-26,20
2026-07-17,2528,皇普,6605,0,0
2026-07-17,2530,華建,6631,106,3
2026-07-17,2534,宏盛,11984,18,52
2026-07-17,2535,達欣工,305,-4,9
2026-07-17,2536,宏普,6879,-697,0
2026-07-17,2537,聯上發,3819,55,1
2026-07-17,2538,基泰,2430,13,0
2026-07-17,2539,櫻花建,2177,-67,0
2026-07-17,2540,愛山林,2730,-20,7
2026-07-17,2542,興富發,5786,228,230
2026-07-17,2543,皇昌,11033,-135,25
2026-07-17,2545,皇翔,2769,-9,0
2026-07-17,2546,根基,70,-1,0
2026-07-17,2547,日勝生,9802,-81,0
2026-07-17,2548,華固,2247,-2,0
2026-07-17,2597,潤弘,169,1,0
2026-07-17,2601,益航,410,-5,0
2026-07-17,2603,長榮,15837,-449,219
2026-07-17,2605,新興,12489,-5,19
2026-07-17,2606,裕民,3795,-48,10
2026-07-17,2607,榮運,846,-35,0
2026-07-17,2608,嘉里大榮,1414,0,1
2026-07-17,2609,陽明,34495,-846,284
2026-07-17,2610,華航,49728,-466,55
2026-07-17,2611,志信,2085,-7,1
2026-07-17,2612,中航,1849,-35,15
2026-07-17,2613,中櫃,2073,20,2
2026-07-17,2614,東森,5686,7,1
2026-07-17,2615,萬海,17758,-324,186
2026-07-17,2616,山隆,495,2,2
2026-07-17,2617,台航,2406,-59,5
2026-07-17,2618,長榮航,29225,-294,188
2026-07-17,2630,亞航,6760,-748,103
2026-07-17,2633,台灣高鐵,1761,10,99
2026-07-17,2634,漢翔,25493,-1325,200
2026-07-17,2636,台驊控股,655,6,21
2026-07-17,2637,慧洋-KY,2426,-39,37
2026-07-17,2642,宅配通,588,4,3
2026-07-17,2645,長榮航太,2978,-1427,36
2026-07-17,2646,星宇航空,4050,-342,23
2026-07-17,2701,萬企,370,-6,0
2026-07-17,2702,華園,421,0,0
2026-07-17,2704,國賓,118,0,0
2026-07-17,2705,六福,569,-1,0
2026-07-17,2706,第一店,826,2,0
2026-07-17,2707,晶華,123,-1,0
2026-07-17,2712,遠雄來,7,0,0
2026-07-17,2722,夏都,332,-38,0
2026-07-17,2723,美食-KY,1719,5,1
2026-07-17,2727,王品,386,13,5
2026-07-17,2731,雄獅,1008,-11,12
2026-07-17,2739,寒舍,846,4,0
2026-07-17,2748,雲品,647,9,0
2026-07-17,2753,八方雲集,527,-33,2
2026-07-17,2762,世界健身-KY,177,5,0
2026-07-17,2801,彰銀,8876,-173,55
2026-07-17,2812,台中銀,4664,170,4
2026-07-17,2816,旺旺保,714,28,2
2026-07-17,2820,華票,543,-29,0
2026-07-17,2832,台產,522,6,0
2026-07-17,2834,臺企銀,6382,311,30
2026-07-17,2836,高雄銀,5838,49,13
2026-07-17,2838,聯邦銀,1757,-660,7
2026-07-17,2845,遠東銀,3739,19,62
2026-07-17,2849,安泰銀,141,3,0
2026-07-17,2850,新產,244,-3,0
2026-07-17,2851,中再保,830,27,0
2026-07-17,2852,第一保,1292,3,0
2026-07-17,2855,統一證,6889,-507,132
2026-07-17,2867,三商壽,3184,1143,6
2026-07-17,2880,華南金,643,143,54
2026-07-17,2881,富邦金,6864,-1270,164
2026-07-17,2882,國泰金,6512,96,150
2026-07-17,2883,凱基金,16037,-739,71
2026-07-17,2884,玉山金,4824,-101,114
2026-07-17,2885,元大金,2718,3,0
2026-07-17,2886,兆豐金,613,125,52
2026-07-17,2887,台新新光金,42014,-504,0
2026-07-17,2889,國票金,2365,112,3
2026-07-17,2890,永豐金,2320,225,0
2026-07-17,2891,中信金,4062,69,19
2026-07-17,2892,第一金,3743,-962,13
2026-07-17,2897,王道銀行,2228,256,0
2026-07-17,2901,欣欣,484,0,0
2026-07-17,2903,遠百,1373,-37,0
2026-07-17,2904,匯僑,33,0,0
2026-07-17,2905,三商,8003,-238,1
2026-07-17,2906,高林,610,-13,0
2026-07-17,2908,特力,14217,-36,0
2026-07-17,2910,統領,19,-9,0
2026-07-17,2911,麗嬰房,146,-12,0
2026-07-17,2912,統一超,534,17,0
2026-07-17,2913,農林,7333,-117,4
2026-07-17,2915,潤泰全,8561,-91,9
2026-07-17,2929,淘帝-KY,1972,45,0
2026-07-17,2939,永邑-KY,243,0,0
2026-07-17,3002,歐格,2041,-70,14
2026-07-17,3003,健和興,3530,11,10
2026-07-17,3004,豐達科,2012,-116,6
2026-07-17,3005,神基,5247,-51,45
2026-07-17,3006,晶豪科,18228,-2489,99
2026-07-17,3008,大立光,1863,-60,17
2026-07-17,3010,華立,1232,-40,4
2026-07-17,3011,今皓,2581,-81,40
2026-07-17,3013,晟銘電,10642,-407,40
2026-07-17,3014,聯陽,2449,-24,39
2026-07-17,3015,全漢,2562,-11,0
2026-07-17,3016,嘉晶,8344,-846,541
2026-07-17,3017,奇鋐,4591,-234,34
2026-07-17,3018,隆銘綠能,0,0,0
2026-07-17,3019,亞光,11984,-91,39
2026-07-17,3021,鴻名,677,-18,1
2026-07-17,3022,威強電,5691,-198,5
2026-07-17,3023,信邦,1279,112,11
2026-07-17,3024,憶聲,7758,485,31
2026-07-17,3025,星通,1786,-70,0
2026-07-17,3026,禾伸堂,9292,-563,227
2026-07-17,3027,盛達,4779,13,1
2026-07-17,3028,增你強,3542,-35,42
2026-07-17,3029,零壹,3249,41,15
2026-07-17,3030,德律,11182,-274,33
2026-07-17,3031,佰鴻,7210,-82,0
2026-07-17,3032,偉訓,8093,-134,17
2026-07-17,3033,威健,11835,-2034,557
2026-07-17,3034,聯詠,2950,-89,13
2026-07-17,3035,智原,11889,-126,112
2026-07-17,3036,文曄,13972,-596,603
2026-07-17,3037,欣興,41776,-1199,601
2026-07-17,3038,全台,1270,26,0
2026-07-17,3040,遠見,11972,-44,21
2026-07-17,3041,揚智,3586,-219,7
2026-07-17,3042,晶技,13797,-3277,236
2026-07-17,3043,科風,985,-80,0
2026-07-17,3044,健鼎,6221,13,25
2026-07-17,3045,台灣大,524,96,73
2026-07-17,3046,建碁,1006,27,3
2026-07-17,3047,訊舟,6870,77,5
2026-07-17,3048,益登,6460,-360,39
2026-07-17,3049,精金,0,0,0
2026-07-17,3050,鈺德,3315,-10,5
2026-07-17,3051,力特,4273,29,6
2026-07-17,3052,夆典,1758,-9,0
2026-07-17,3054,立萬利,1035,1,0
2026-07-17,3055,蔚華科,6701,-220,25
2026-07-17,3056,富華新,3871,6,0
2026-07-17,3057,喬鼎,0,0,0
2026-07-17,3058,立德,0,0,0
2026-07-17,3059,華晶科,11938,-481,40
2026-07-17,3060,銘異,9200,-369,15
2026-07-17,3062,建漢,11968,-462,59
2026-07-17,3090,日電貿,4900,-381,880
2026-07-17,3092,鴻碩,3704,-96,1
2026-07-17,3094,聯傑,2752,-147,65
2026-07-17,3130,一零四,13,0,0
2026-07-17,3135,凌航,2272,-89,123
2026-07-17,3138,耀登,2539,-135,0
2026-07-17,3149,正達,22146,-714,1175
2026-07-17,3150,鈺寶-創,257,-1,0
2026-07-17,3164,景岳,293,0,0
2026-07-17,3167,大量,12132,-335,41
2026-07-17,3168,眾福科,35,0,0
2026-07-17,3189,景碩,17186,-1047,81
2026-07-17,3209,全科,5925,-36,17
2026-07-17,3229,晟鈦,0,0,0
2026-07-17,3231,緯創,48670,88,42
2026-07-17,3257,虹冠電,2940,-67,14
2026-07-17,3266,昇陽,376,3,0
2026-07-17,3296,勝德,1865,10,2
2026-07-17,3305,昇貿,7680,-375,18
2026-07-17,3308,聯德,695,0,0
2026-07-17,3311,閎暉,2619,-4,0
2026-07-17,3312,弘憶股,5543,-259,16
2026-07-17,3321,同泰,0,0,0
2026-07-17,3338,泰碩,3834,-67,5
2026-07-17,3346,麗清,2926,-98,4
2026-07-17,3356,奇偶,1866,-25,5
2026-07-17,3376,新日興,12954,59,107
2026-07-17,3380,明泰,5495,-32,5
2026-07-17,3406,玉晶光,2647,-225,21
2026-07-17,3413,京鼎,5653,-9,20
2026-07-17,3416,融程電,988,-14,12
2026-07-17,3419,譁裕,1092,0,0
2026-07-17,3432,台端,0,0,0
2026-07-17,3437,榮創,3197,-230,5
2026-07-17,3443,創意,4252,-134,7
2026-07-17,3447,展達,2418,-195,22
2026-07-17,3450,聯鈞,19117,-500,216
2026-07-17,3481,群創,369251,-21578,11693
2026-07-17,3494,誠研,0,0,0
2026-07-17,3501,維熹,1186,1,0
2026-07-17,3504,揚明光,2864,-67,46
2026-07-17,3515,華擎,1718,-20,1
2026-07-17,3518,柏騰,4112,-135,39
2026-07-17,3528,安馳,2193,-96,0
2026-07-17,3530,晶相光,1317,29,0
2026-07-17,3532,台勝科,8243,-1277,223
2026-07-17,3533,嘉澤,593,1,1
2026-07-17,3535,晶彩科,6082,-334,72
2026-07-17,3543,州巧,5050,-305,0
2026-07-17,3545,敦泰,4550,-18,42
2026-07-17,3550,聯穎,13767,-485,49
2026-07-17,3557,嘉威,429,3,0
2026-07-17,3563,牧德,5380,-251,1
2026-07-17,3576,聯合再生,0,0,0
2026-07-17,3583,辛耘,2141,61,25
2026-07-17,3588,通嘉,1736,-1,0
2026-07-17,3591,艾笛森,26775,-87,4
2026-07-17,3592,瑞鼎,943,3,1
2026-07-17,3593,力銘,0,0,0
2026-07-17,3596,智易,1406,-83,25
2026-07-17,3605,宏致,8692,-189,45
2026-07-17,3607,谷崧,1852,-40,0
2026-07-17,3617,碩天,1999,1,0
2026-07-17,3622,洋華,1852,-95,1
2026-07-17,3645,達邁,6147,-494,20
2026-07-17,3652,精聯,524,-28,0
2026-07-17,3653,健策,2422,-45,0
2026-07-17,3661,世芯-KY,5978,-76,39
2026-07-17,3665,貿聯-KY,3195,-31,3
2026-07-17,3669,圓展,917,7,0
2026-07-17,3673,TPK-KY,16885,-1510,65
2026-07-17,3679,新至陞,119,-1,0
2026-07-17,3686,達能,0,0,0
2026-07-17,3694,海華,7467,-253,20
2026-07-17,3701,大眾控,7183,-256,11
2026-07-17,3702,大聯大,6685,-416,1438
2026-07-17,3703,欣陸,1389,-5,0
2026-07-17,3704,合勤控,5998,-260,27
2026-07-17,3705,永信,384,-13,0
2026-07-17,3706,神達,32106,-649,305
2026-07-17,3708,上緯投控,3064,-19,6
2026-07-17,3711,日月光投控,11301,86,103
2026-07-17,3712,永崴投控,2851,-35,179
2026-07-17,3714,富采,28751,-1163,85
2026-07-17,3715,定穎投控,23282,-1929,379
2026-07-17,3716,中化控股,500,-1,0
2026-07-17,3717,聯嘉投控,10534,-529,291
2026-07-17,4104,佳醫,76,1,0
2026-07-17,4106,雃博,691,-13,0
2026-07-17,4108,懷特,0,0,0
2026-07-17,4119,旭富,596,-3,0
2026-07-17,4133,亞諾法,982,-45,8
2026-07-17,4137,麗豐-KY,1077,-1,0
2026-07-17,4142,國光生,6612,83,2
2026-07-17,4148,全宇生技-KY,403,-6,0
2026-07-17,4155,訊映,896,0,1
2026-07-17,4164,承業醫,6958,-54,0
2026-07-17,4190,佐登-KY,299,-1,0
2026-07-17,4306,炎洲,4661,-37,0
2026-07-17,4414,如興,743,-15,0
2026-07-17,4426,利勤,910,6,0
2026-07-17,4438,廣越,981,-1,0
2026-07-17,4439,冠星-KY,245,-1,6
2026-07-17,4440,宜新實業,148,5,0
2026-07-17,4441,振大環球,158,10,1
2026-07-17,4526,東台,6719,-320,5
2026-07-17,4532,瑞智,2664,-131,1
2026-07-17,4536,拓凱,663,-73,6
2026-07-17,4540,全球傳動,4260,-110,21
2026-07-17,4545,銘鈺,1297,-5,0
2026-07-17,4551,智伸科,3304,-393,53
2026-07-17,4552,力達-KY,2093,2,12
2026-07-17,4555,氣立,2899,-120,29
2026-07-17,4557,永新-KY,342,2,0
2026-07-17,4560,強信-KY,276,6,0
2026-07-17,4562,穎漢,2076,-27,22
2026-07-17,4564,元翎,11742,209,120
2026-07-17,4566,時碩工業,4174,-57,24
2026-07-17,4569,六方科-KY,740,-3,0
2026-07-17,4571,鈞興-KY,1085,-50,0
2026-07-17,4572,駐龍,316,2,1
2026-07-17,4576,大銀微系統,2513,-39,18
2026-07-17,4581,光隆精密-KY,30,2,0
2026-07-17,4583,台灣精銳,3604,-1,6
2026-07-17,4585,達明,637,-40,59
2026-07-17,4588,玖鼎電力,432,-4,0
2026-07-17,4720,德淵,3800,-157,0
2026-07-17,4722,國精化,12552,-481,192
2026-07-17,4736,泰博,206,-18,0
2026-07-17,4737,華廣,1512,-11,1
2026-07-17,4739,康普,10779,-456,109
2026-07-17,4746,台耀,2163,4,0
2026-07-17,4755,三福化,1330,-55,1
2026-07-17,4763,材料*-KY,42606,411,7
2026-07-17,4764,雙鍵,7099,-689,42
2026-07-17,4766,南寶,1236,-12,0
2026-07-17,4770,上品,1070,-5,14
2026-07-17,4771,望隼,574,4,0
2026-07-17,4807,日成-KY,1377,-106,2
2026-07-17,4904,遠傳,162,-100,5
2026-07-17,4906,正文,30934,-302,90
2026-07-17,4912,聯德控股-KY,3742,-38,1
2026-07-17,4915,致伸,3893,-339,9
2026-07-17,4916,事欣科,7770,-527,165
2026-07-17,4919,新唐,17356,-869,2617
2026-07-17,4927,泰鼎-KY,29764,-488,918
2026-07-17,4930,燦星網,3721,-1,0
2026-07-17,4934,太極,0,0,0
2026-07-17,4935,茂林-KY,640,-46,0
2026-07-17,4938,和碩,5195,67,29
2026-07-17,4942,嘉彰,620,8,0
2026-07-17,4943,康控-KY,0,0,0
2026-07-17,4949,有成精密,3336,-132,61
2026-07-17,4952,凌通,1452,-23,3
2026-07-17,4956,光鋐,6535,-429,4
2026-07-17,4958,臻鼎-KY,29579,-2574,366
2026-07-17,4960,誠美材,16564,-511,78
2026-07-17,4961,天鈺,1691,17,4
2026-07-17,4967,十銓,8241,-254,347
2026-07-17,4968,立積,5969,-54,12
2026-07-17,4976,佳凌,4781,-82,78
2026-07-17,4977,眾達-KY,6915,-510,0
2026-07-17,4989,榮科,18461,-969,2002
2026-07-17,4994,傳奇,2277,1,2
2026-07-17,4999,鑫禾,403,-2,0
2026-07-17,5007,三星,8,0,0
2026-07-17,5203,訊連,1277,-6,6
2026-07-17,5215,科嘉-KY,677,-33,0
2026-07-17,5222,全訊,1923,-55,11
2026-07-17,5225,東科-KY,1457,-59,12
2026-07-17,5234,達興材料,1587,-2,17
2026-07-17,5236,凌陽創新,206,-7,4
2026-07-17,5243,乙盛-KY,10876,-248,14
2026-07-17,5244,弘凱,2789,-38,21
2026-07-17,5258,虹堡,4000,-51,3
2026-07-17,5269,祥碩,2142,-25,0
2026-07-17,5283,禾聯碩,95,-20,0
2026-07-17,5284,jpp-KY,3868,-37,2
2026-07-17,5285,界霖,5359,-269,31
2026-07-17,5288,豐祥-KY,2456,22,2
2026-07-17,5292,華懋,997,-38,0
2026-07-17,5306,桂盟,606,-44,1
2026-07-17,5388,中磊,5691,-183,12
2026-07-17,5434,崇越,949,-86,2
2026-07-17,5469,瀚宇博,14574,-242,42
2026-07-17,5471,松翰,4324,-281,14
2026-07-17,5484,慧友,0,0,0
2026-07-17,5515,建國,1777,-62,63
2026-07-17,5519,隆大,846,-7,60
2026-07-17,5521,工信,15055,-216,0
2026-07-17,5522,遠雄,921,-77,3
2026-07-17,5525,順天,357,0,0
2026-07-17,5531,鄉林,3381,119,12
2026-07-17,5533,皇鼎,480,-9,0
2026-07-17,5534,長虹,3754,-119,0
2026-07-17,5538,東明-KY,10,-1,0
2026-07-17,5546,永固-KY,19,0,0
2026-07-17,5607,遠雄港,1525,66,0
2026-07-17,5608,四維航,4755,18,35
2026-07-17,5706,鳳凰,760,-8,26
2026-07-17,5871,中租-KY,4124,-244,10
2026-07-17,5876,上海商銀,699,-332,2
2026-07-17,5880,合庫金,2010,-38,27
2026-07-17,5906,台南-KY,26,0,0
2026-07-17,5907,大洋-KY,5483,-13,3
2026-07-17,6005,群益證,5273,-84,5
2026-07-17,6024,群益期,170,3,0
2026-07-17,6108,競國,1454,-13,0
2026-07-17,6112,邁達特,3318,-62,0
2026-07-17,6115,鎰勝,90,-2,0
2026-07-17,6116,彩晶,37858,-1599,4820
2026-07-17,6117,迎廣,2567,-28,30
2026-07-17,6120,達運,7321,-216,5
2026-07-17,6128,上福,1185,-9,0
2026-07-17,6133,金橋,3132,-133,33
2026-07-17,6136,富爾特,2666,-69,0
2026-07-17,6139,亞翔,7500,-259,47
2026-07-17,6141,柏承,36,0,0
2026-07-17,6142,友勁,0,0,0
2026-07-17,6152,百一,0,0,0
2026-07-17,6153,嘉聯益,13973,-244,28
2026-07-17,6155,鈞寶,3448,-171,12
2026-07-17,6164,華興,3681,61,2
2026-07-17,6165,浪凡,8230,-22,1
2026-07-17,6166,凌華,3031,-506,23
2026-07-17,6168,宏齊,5204,-41,372
2026-07-17,6176,瑞儀,7094,-57,55
2026-07-17,6177,達麗,2677,-118,10
2026-07-17,6183,關貿,8,-1,0
2026-07-17,6184,大豐電,497,-2,0
2026-07-17,6189,豐藝,2487,-2,4
2026-07-17,6191,精成科,22082,-639,32
2026-07-17,6192,巨路,816,24,0
2026-07-17,6196,帆宣,1581,-51,8
2026-07-17,6197,佳必琪,5015,-292,44
2026-07-17,6201,亞弘電,29,0,0
2026-07-17,6202,盛群,5814,-697,31
2026-07-17,6205,詮欣,4629,-198,2
2026-07-17,6206,飛捷,1833,-11,0
2026-07-17,6209,今國光,14075,-769,95
2026-07-17,6213,聯茂,14807,-825,112
2026-07-17,6214,精誠,1681,-27,1
2026-07-17,6215,和椿,5678,-30,6
2026-07-17,6216,居易,694,-29,10
2026-07-17,6224,聚鼎,2071,-122,22
2026-07-17,6225,天瀚,0,0,0
2026-07-17,6226,光鼎,1534,-137,78
2026-07-17,6230,尼得科超眾,468,-1,1
2026-07-17,6235,華孚,5096,-43,24
2026-07-17,6239,力成,23920,-512,100
2026-07-17,6243,迅杰,1898,324,213
2026-07-17,6257,矽格,9668,314,47
2026-07-17,6269,台郡,10400,-291,149
2026-07-17,6271,同欣電,7723,-736,21
2026-07-17,6272,驊陞,14,-4,0
2026-07-17,6277,宏正,513,331,0
2026-07-17,6278,台表科,10757,-594,146
2026-07-17,6281,全國電,51,-22,0
2026-07-17,6282,康舒,30863,-1724,477
2026-07-17,6283,淳安,2565,7,8
2026-07-17,6285,啟碁,16554,-536,72
2026-07-17,6405,悅城,6611,-387,63
2026-07-17,6409,旭隼,1073,-134,0
2026-07-17,6412,群電,3006,-445,1
2026-07-17,6414,樺漢,1495,106,657
2026-07-17,6415,矽力*-KY,4806,-279,76
2026-07-17,6416,瑞祺電通,3561,4,1
2026-07-17,6426,統新,2251,-114,15
2026-07-17,6431,光麗-KY,0,0,0
2026-07-17,6438,迅得,4209,22,10
2026-07-17,6442,光聖,4220,-283,9
2026-07-17,6443,元晶,13786,-628,491
2026-07-17,6446,藥華藥,8207,-538,28
2026-07-17,6449,鈺邦,2635,-339,19
2026-07-17,6451,訊芯-KY,8426,-300,40
2026-07-17,6456,GIS-KY,12386,-18,171
2026-07-17,6464,台數科,3,1,0
2026-07-17,6472,保瑞,3660,-89,7
2026-07-17,6477,安集,3003,-838,389
2026-07-17,6491,晶碩,532,-34,0
2026-07-17,6504,南六,123,-1,0
2026-07-17,6505,台塑化,15286,-90,1085
2026-07-17,6515,穎崴,394,-33,0
2026-07-17,6525,捷敏-KY,4326,-395,38
2026-07-17,6526,達發,1568,-86,0
2026-07-17,6531,愛普*,7995,-446,28
2026-07-17,6533,晶心科,2309,-196,19
2026-07-17,6534,正瀚-創,1812,16,0
2026-07-17,6541,泰福-KY,3733,-103,0
2026-07-17,6550,北極星藥業-KY,0,0,0
2026-07-17,6552,易華電,1144,-12,18
2026-07-17,6558,興能高,3673,-72,14
2026-07-17,6573,虹揚-KY,0,0,0
2026-07-17,6579,研揚,1149,-9,0
2026-07-17,6581,鋼聯,5,0,0
2026-07-17,6582,申豐,366,1,0
2026-07-17,6585,鼎基,2554,-12,111
2026-07-17,6589,台康生技,3143,-40,39
2026-07-17,6591,動力-KY,2287,-39,16
2026-07-17,6592,和潤企業,686,-15,1
2026-07-17,6598,ABC-KY,0,0,0
2026-07-17,6605,帝寶,2378,0,0
2026-07-17,6606,建德工業,577,0,0
2026-07-17,6614,資拓宏宇,57,3,0
2026-07-17,6625,必應,859,-54,0
2026-07-17,6641,基士德-KY,102,0,0
2026-07-17,6645,金萬林-創,12,0,0
2026-07-17,6655,科定,0,0,0
2026-07-17,6657,華安,1426,-4,0
2026-07-17,6658,聯策,1652,-55,15
2026-07-17,6666,羅麗芬-KY,348,-5,0
2026-07-17,6668,中揚光,2912,-13,8
2026-07-17,6669,緯穎,1789,-114,4
2026-07-17,6670,復盛應用,412,8,3
2026-07-17,6671,三能-KY,65,-3,0
2026-07-17,6672,騰輝電子-KY,5710,177,23
2026-07-17,6674,鋐寶科技,270,-10,0
2026-07-17,6689,伊雲谷,1429,-1,0
2026-07-17,6691,洋基工程,1518,0,25
2026-07-17,6695,芯鼎,3668,-6,31
2026-07-17,6698,旭暉應材,2415,-3,1
2026-07-17,6706,惠特,8502,-776,74
2026-07-17,6715,嘉基,6308,124,13
2026-07-17,6719,力智,4365,-429,0
2026-07-17,6742,澤米,2146,-243,20
2026-07-17,6743,安普新,591,-15,0
2026-07-17,6753,龍德造船,5834,-109,139
2026-07-17,6754,匯僑設計,131,0,0
2026-07-17,6756,威鋒電子,701,-4,2
2026-07-17,6757,台灣虎航,3491,-41,13
2026-07-17,6768,志強-KY,1244,-7,0
2026-07-17,6770,力積電,161681,1707,4030
2026-07-17,6771,平和環保-創,80,0,0
2026-07-17,6776,展碁國際,953,2,0
2026-07-17,6781,AES-KY,2851,-83,1
2026-07-17,6782,視陽,467,2,0
2026-07-17,6789,采鈺,5945,-310,78
2026-07-17,6790,永豐實,604,0,0
2026-07-17,6792,詠業,274,-14,0
2026-07-17,6794,向榮生技,262,-5,0
2026-07-17,6796,晉弘,540,0,0
2026-07-17,6799,來頡,2171,-56,0
2026-07-17,6805,富世達,2467,-79,9
2026-07-17,6807,峰源-KY,137,-1,0
2026-07-17,6830,汎銓,3841,-84,35
2026-07-17,6831,邁科,270,122,0
2026-07-17,6834,天二科技,3923,-773,105
2026-07-17,6835,圓裕,826,-19,4
2026-07-17,6838,台新藥,2606,-16,0
2026-07-17,6854,錼創科技-KY創,3541,-7,0
2026-07-17,6861,睿生光電,2279,-118,68
2026-07-17,6862,三集瑞-KY,1289,-120,5
2026-07-17,6863,永道-KY,1007,12,1
2026-07-17,6869,雲豹能源,3275,-114,94
2026-07-17,6873,泓德能源,4046,3,19
2026-07-17,6885,全福生技,2312,-15,0
2026-07-17,6887,寶綠特-KY,866,14,0
2026-07-17,6890,來億-KY,862,-10,2
2026-07-17,6901,鑽石投資,6232,255,22
2026-07-17,6902,GOGOLOOK,628,-7,0
2026-07-17,6906,現觀科,523,-1,0
2026-07-17,6909,創控,1660,-71,16
2026-07-17,6914,阜爾運通,329,-1,0
2026-07-17,6916,華凌,394,-11,0
2026-07-17,6918,愛派司,94,-4,0
2026-07-17,6919,康霈*,0,0,0
2026-07-17,6923,中台,1852,14,0
2026-07-17,6928,攸泰科技,833,-16,9
2026-07-17,6931,青松健康,122,0,0
2026-07-17,6933,AMAX-KY,721,-52,0
2026-07-17,6936,永鴻生技,242,0,0
2026-07-17,6937,天虹,1741,-18,3
2026-07-17,6944,兆聯實業,697,28,0
2026-07-17,6949,沛爾生醫-創,5330,-40,4
2026-07-17,6951,青新-創,77,0,0
2026-07-17,6952,大武山,24,-18,0
2026-07-17,6957,裕慶-KY,1603,43,47
2026-07-17,6958,日盛台駿,170,0,0
2026-07-17,6962,奕力-KY,9143,155,7
2026-07-17,6965,中傑-KY,39,0,0
2026-07-17,6994,富威電力,3080,-89,11
2026-07-17,7705,三商餐飲,93,0,0
2026-07-17,7711,永擎,575,-26,0
2026-07-17,7721,微程式,1217,-29,0
2026-07-17,7722,LINEPAY,785,-13,0
2026-07-17,7730,暉盛-創,665,8,3
2026-07-17,7732,金興精密,100,-2,0
2026-07-17,7736,虎山,68,2,0
2026-07-17,7740,熙特爾-創,1824,17,0
2026-07-17,7749,意騰-KY,1157,-22,0
2026-07-17,7750,新代,656,-7,3
2026-07-17,7765,中華資安,473,-5,0
2026-07-17,7769,鴻勁,254,-15,0
2026-07-17,7780,大研生醫*,242,58,0
2026-07-17,7786,東方風能,286,-8,0
2026-07-17,7788,松川精密,2038,-403,0
2026-07-17,7791,皇家可口,16,0,0
2026-07-17,7799,禾榮科,1182,33,2
2026-07-17,8011,台通,3617,-49,34
2026-07-17,8016,矽創,1750,-129,6
2026-07-17,8021,尖點,11128,-121,43
2026-07-17,8028,昇陽半導體,7039,-2548,171
2026-07-17,8033,雷虎,7932,-320,609
2026-07-17,8039,台虹,17096,586,986
2026-07-17,8045,達運光電,4814,-26,4
2026-07-17,8046,南電,10386,-1341,686
2026-07-17,8070,長華*,7188,-371,5
2026-07-17,8072,陞泰,1918,-17,0
2026-07-17,8081,致新,1525,4,1
2026-07-17,8101,華冠,0,0,0
2026-07-17,8103,瀚荃,3565,-195,1
2026-07-17,8104,錸寶,4562,-196,3
2026-07-17,8105,凌巨,8845,-107,928
2026-07-17,8110,華東,18342,-446,135
2026-07-17,8112,至上,19200,-194,1703
2026-07-17,8114,振樺電,2088,-17,1
2026-07-17,8131,福懋科,6163,-178,17
2026-07-17,8150,南茂,21985,-1942,638
2026-07-17,8162,微矽電子-創,2141,-62,0
2026-07-17,8163,達方,2697,-26,16
2026-07-17,8201,無敵,0,0,0
2026-07-17,8210,勤誠,2343,-4,23
2026-07-17,8213,志超,3948,-7,0
2026-07-17,8215,明基材,3439,-99,0
2026-07-17,8222,寶一,3361,-87,20
2026-07-17,8249,菱光,4227,-57,4
2026-07-17,8261,富鼎,10243,-769,75
2026-07-17,8271,宇瞻,5248,160,134
2026-07-17,8341,日友,386,-13,0
2026-07-17,8367,建新國際,11,0,0
2026-07-17,8374,羅昇,1735,-15,9
2026-07-17,8404,百和興業-KY,3914,-40,0
2026-07-17,8411,福貞-KY,21,1,0
2026-07-17,8422,可寧衛*,28728,-144,66
2026-07-17,8429,金麗-KY,13564,22,2
2026-07-17,8438,昶昕,6304,-247,0
2026-07-17,8442,威宏-KY,760,-59,20
2026-07-17,8443,阿瘦,28,0,0
2026-07-17,8454,富邦媒,1494,-56,63
2026-07-17,8462,柏文,1101,21,2
2026-07-17,8463,潤泰材,124,-2,0
2026-07-17,8464,億豐,65,-7,0
2026-07-17,8466,美吉吉-KY,1316,-23,0
2026-07-17,8467,波力-KY,256,-3,1
2026-07-17,8473,山林水,2569,6,68
2026-07-17,8476,台境*,17769,109,667
2026-07-17,8478,東哥遊艇,1157,0,0
2026-07-17,8481,政伸,27,23,0
2026-07-17,8482,商億-KY,160,0,0
2026-07-17,8487,愛爾達-創,50,6,0
2026-07-17,8488,吉源-KY,22,0,0
2026-07-17,8499,鼎炫-KY,584,-5,0
2026-07-17,8926,台汽電,7582,-25,50
2026-07-17,8940,新天地,122,-4,0
2026-07-17,8996,高力,4281,-166,182
2026-07-17,9802,鈺齊-KY,2444,-72,6
2026-07-17,9902,台火,3422,-2,1
2026-07-17,9904,寶成,26447,2141,20
2026-07-17,9905,大華,24,0,0
2026-07-17,9906,欣巴巴,441,-4,4
2026-07-17,9907,統一實,3992,46,6
2026-07-17,9908,大台北,195,33,0
2026-07-17,9910,豐泰,2536,-52,3
2026-07-17,9911,櫻花,382,-5,0
2026-07-17,9912,偉聯,0,0,0
2026-07-17,9914,美利達,3245,-226,69
2026-07-17,9917,中保科,174,40,0
2026-07-17,9918,欣天然,69,-2,0
2026-07-17,9919,康那香,7666,103,1
2026-07-17,9921,巨大,2243,365,227
2026-07-17,9924,福興,723,2,0
2026-07-17,9925,新保,1,0,0
2026-07-17,9926,新海,8,0,0
2026-07-17,9927,泰銘,59,0,0
2026-07-17,9928,中視,456,2,0
2026-07-17,9929,秋雨,0,0,0
2026-07-17,9930,中聯資源,21,0,0
2026-07-17,9931,欣高,75,0,0
2026-07-17,9933,中鼎,4045,-122,7
2026-07-17,9934,成霖,5757,-78,5
2026-07-17,9935,慶豐富,1180,19,0
2026-07-17,9937,全國,160,7,0
2026-07-17,9938,百和,3395,-81,3
2026-07-17,9939,宏全,1001,2,0
2026-07-17,9940,信義,1257,-13,0
2026-07-17,9941,裕融,1053,15,3
2026-07-17,9942,茂順,53,1,0
2026-07-17,9943,好樂迪,97,0,0
2026-07-17,9944,新麗,5525,9,0
2026-07-17,9945,潤泰新,20915,-320,10
2026-07-17,9946,三發地產,1108,63,0
2026-07-17,9955,佳龍,1352,-28,12
2026-07-17,9958,世紀鋼,9070,-99,0
2026-07-20,1101,台泥,34536,393,95
2026-07-20,1102,亞泥,1330,2,0
2026-07-20,1103,嘉泥,4119,-2,0
2026-07-20,1104,環泥,1584,33,0
2026-07-20,1108,幸福,451,2,44
2026-07-20,1109,信大,276,10,0
2026-07-20,1110,東泥,2752,-10,0
2026-07-20,1201,味全,1505,-20,0
2026-07-20,1203,味王,3,1,0
2026-07-20,1210,大成,567,-16,6
2026-07-20,1213,大飲,0,0,0
2026-07-20,1215,卜蜂,414,-5,2
2026-07-20,1216,統一,488,-49,8
2026-07-20,1217,愛之味,941,-3,3
2026-07-20,1218,泰山,1483,-28,128
2026-07-20,1219,福壽,511,-21,105
2026-07-20,1220,台榮,862,-1,0
2026-07-20,1225,福懋油,6933,0,10
2026-07-20,1227,佳格,933,37,0
2026-07-20,1229,聯華,3049,47,10
2026-07-20,1231,聯華食,242,-4,0
2026-07-20,1232,大統益,309,-8,0
2026-07-20,1233,天仁,19,0,0
2026-07-20,1234,黑松,15,0,0
2026-07-20,1235,興泰,1175,-6,0
2026-07-20,1236,宏亞,184,-42,0
2026-07-20,1256,鮮活果汁-KY,343,-12,12
2026-07-20,1301,台塑,26048,-347,509
2026-07-20,1303,南亞,39443,-3616,1291
2026-07-20,1304,台聚,13114,144,0
2026-07-20,1305,華夏,7059,12,0
2026-07-20,1307,三芳,1356,14,1
2026-07-20,1308,亞聚,6618,-38,0
2026-07-20,1309,台達化,8727,232,0
2026-07-20,1310,台苯,14709,-13,33
2026-07-20,1312,國喬,29792,1070,74
2026-07-20,1313,聯成,11100,-96,153
2026-07-20,1314,中石化,82149,-1475,261
2026-07-20,1315,達新,15,-2,0
2026-07-20,1316,上曜,10937,162,26
2026-07-20,1319,東陽,6837,-65,24
2026-07-20,1321,大洋,7217,-28,0
2026-07-20,1323,永裕,80,-1,0
2026-07-20,1324,地球,1277,-2,0
2026-07-20,1325,恆大,2182,37,15
2026-07-20,1326,台化,34957,426,774
2026-07-20,1337,再生-KY,21380,0,0
2026-07-20,1338,廣華-KY,3899,8,0
2026-07-20,1339,昭輝,845,-12,0
2026-07-20,1340,勝悅-KY,994,-38,0
2026-07-20,1342,八貫,623,-7,1
2026-07-20,1402,遠東新,7597,-2,84
2026-07-20,1409,新纖,23977,-1359,295
2026-07-20,1410,南染,312,4,0
2026-07-20,1413,宏洲,0,0,0
2026-07-20,1414,東和,1179,-45,0
2026-07-20,1416,廣豐,3304,-71,0
2026-07-20,1417,嘉裕,1887,-48,0
2026-07-20,1418,東華,762,0,0
2026-07-20,1419,新紡,1218,-25,0
2026-07-20,1423,利華,87,0,0
2026-07-20,1432,大魯閣,163,1,38
2026-07-20,1434,福懋,7749,-834,64
2026-07-20,1435,中福,0,0,0
2026-07-20,1436,華友聯,962,-13,0
2026-07-20,1437,勤益控,2263,25,0
2026-07-20,1438,三地開發,156,3,0
2026-07-20,1439,雋揚,1061,2,0
2026-07-20,1440,南紡,5642,-89,3
2026-07-20,1441,大東,0,0,0
2026-07-20,1442,名軒,2946,12,8
2026-07-20,1443,立益物流,31,0,0
2026-07-20,1444,力麗,570,0,0
2026-07-20,1445,大宇,1393,-9,1
2026-07-20,1446,宏和,1648,1,2
2026-07-20,1447,力鵬,931,0,0
2026-07-20,1449,佳和,3117,-42,0
2026-07-20,1451,年興,759,-1,0
2026-07-20,1452,宏益,108,1,0
2026-07-20,1453,大將,1009,-14,1
2026-07-20,1454,台富,2168,-12,0
2026-07-20,1455,集盛,3185,-23,80
2026-07-20,1456,怡華,769,-20,0
2026-07-20,1457,宜進,711,-2,1
2026-07-20,1459,聯發,488,-3,0
2026-07-20,1460,宏遠,0,0,0
2026-07-20,1463,強盛新,486,0,0
2026-07-20,1464,得力,2071,-17,0
2026-07-20,1465,偉全,3297,-9,0
2026-07-20,1466,聚隆,2917,29,48
2026-07-20,1467,南緯,6211,-242,13
2026-07-20,1468,昶和,0,0,0
2026-07-20,1470,大統新創,6,0,0
2026-07-20,1471,首利,0,0,0
2026-07-20,1472,三洋實業,3901,-2,2
2026-07-20,1473,台南,846,0,0
2026-07-20,1474,弘裕,3381,2,0
2026-07-20,1475,業旺,455,3,0
2026-07-20,1476,儒鴻,933,-22,16
2026-07-20,1477,聚陽,1539,-17,4
2026-07-20,1503,士電,3052,-139,0
2026-07-20,1504,東元,31031,-305,105
2026-07-20,1506,正道,0,0,0
2026-07-20,1512,瑞利,0,0,0
2026-07-20,1513,中興電,7951,-67,23
2026-07-20,1514,亞力,6736,-83,530
2026-07-20,1515,力山,3151,-78,144
2026-07-20,1516,川飛,2,0,0
2026-07-20,1517,利奇,2078,-291,14
2026-07-20,1519,華城,3319,-82,13
2026-07-20,1521,大億,448,3,0
2026-07-20,1522,堤維西,4325,-10,1
2026-07-20,1524,耿鼎,4267,-25,15
2026-07-20,1525,江申,232,0,0
2026-07-20,1526,日馳,702,-220,17
2026-07-20,1527,鑽全,563,-9,0
2026-07-20,1528,恩德,6774,-160,57
2026-07-20,1529,樂事綠能,2989,-47,0
2026-07-20,1530,亞崴,291,2,0
2026-07-20,1531,高林股,1725,-13,1
2026-07-20,1532,勤美,2735,-3,0
2026-07-20,1533,車王電,473,-1,9
2026-07-20,1535,中宇,77,19,0
2026-07-20,1536,和大,8351,-25,166
2026-07-20,1537,廣隆,56,0,0
2026-07-20,1538,正峰,0,0,0
2026-07-20,1539,巨庭,1374,26,0
2026-07-20,1540,喬福,1696,-32,3
2026-07-20,1541,錩泰,113,-5,0
2026-07-20,1558,伸興,242,-2,0
2026-07-20,1560,中砂,1586,36,29
2026-07-20,1563,巧新,7307,239,2
2026-07-20,1568,倉佑,2547,-123,0
2026-07-20,1582,信錦,4219,-155,8
2026-07-20,1583,程泰,66,0,0
2026-07-20,1587,吉茂,1944,-16,22
2026-07-20,1589,永冠-KY,793,0,0
2026-07-20,1590,亞德客-KY,112,-11,0
2026-07-20,1597,直得,2746,-657,22
2026-07-20,1598,岱宇,2091,-12,0
2026-07-20,1603,華電,2146,25,10
2026-07-20,1604,聲寶,227,0,0
2026-07-20,1605,華新,53395,-946,632
2026-07-20,1608,華榮,8069,-48,0
2026-07-20,1609,大亞,13548,-234,22
2026-07-20,1611,中電,3297,3,5
2026-07-20,1612,宏泰,1876,-39,55
2026-07-20,1614,三洋電,343,0,0
2026-07-20,1615,大山,193,8,0
2026-07-20,1616,億泰,3212,-43,0
2026-07-20,1617,榮星,2163,-295,0
2026-07-20,1618,合機,3655,-38,31
2026-07-20,1626,艾美特-KY,1668,-8,0
2026-07-20,1702,南僑,300,-2,0
2026-07-20,1707,葡萄王,354,-6,20
2026-07-20,1708,東鹼,6999,-109,64
2026-07-20,1709,和益,13886,111,28
2026-07-20,1710,東聯,12166,-134,296
2026-07-20,1711,永光,18740,-476,81
2026-07-20,1712,興農,456,0,0
2026-07-20,1713,國化,3002,-8,1
2026-07-20,1714,和桐,14070,-288,185
2026-07-20,1717,長興,20855,-636,263
2026-07-20,1718,中纖,16124,-252,458
2026-07-20,1720,生達,331,8,0
2026-07-20,1721,三晃,127,0,0
2026-07-20,1722,台肥,2660,27,4
2026-07-20,1723,中碳,677,-136,1
2026-07-20,1725,元禎,279,-9,0
2026-07-20,1726,永記,25,1,0
2026-07-20,1727,中華化,7613,-413,119
2026-07-20,1730,花仙子,4,-4,0
2026-07-20,1731,美吾華,318,3,0
2026-07-20,1732,毛寶,624,43,0
2026-07-20,1733,五鼎,2640,3,1
2026-07-20,1734,杏輝,509,14,0
2026-07-20,1735,日勝化,767,-13,0
2026-07-20,1736,喬山,2113,103,4
2026-07-20,1737,臺鹽,22,0,0
2026-07-20,1752,南光,328,0,0
2026-07-20,1760,寶齡富錦,1055,-31,0
2026-07-20,1762,中化生,758,6,2
2026-07-20,1773,勝一,1216,-114,2
2026-07-20,1776,展宇,871,0,1
2026-07-20,1783,和康生,565,-11,0
2026-07-20,1786,科妍,5043,-108,11
2026-07-20,1789,神隆,3268,-36,0
2026-07-20,1795,美時,8864,-1,34
2026-07-20,1802,台玻,46503,-3046,934
2026-07-20,1805,寶徠,1408,0,0
2026-07-20,1806,冠軍,2966,-35,0
2026-07-20,1808,潤隆,5682,30,0
2026-07-20,1809,中釉,6105,-308,0
2026-07-20,1810,和成,24667,1399,457
2026-07-20,1817,凱撒衛,17,0,0
2026-07-20,1903,士紙,2532,0,5
2026-07-20,1904,正隆,4647,-79,26
2026-07-20,1905,華紙,12325,177,344
2026-07-20,1906,寶隆,7264,-8,0
2026-07-20,1907,永豐餘,24242,0,2
2026-07-20,1909,榮成,9751,12,1
2026-07-20,2002,中鋼,46767,208,2
2026-07-20,2006,東和鋼鐵,1057,2,1
2026-07-20,2007,燁興,5,0,0
2026-07-20,2008,高興昌,121,-6,0
2026-07-20,2009,第一銅,6626,-119,2
2026-07-20,2010,春源,2067,22,5
2026-07-20,2012,春雨,194,0,0
2026-07-20,2013,中鋼構,1410,-4,3
2026-07-20,2014,中鴻,1725,0,0
2026-07-20,2015,豐興,40,0,0
2026-07-20,2017,官田鋼,8189,4,1
2026-07-20,2020,美亞,791,4,0
2026-07-20,2022,聚亨,1149,-3,1
2026-07-20,2023,燁輝,2862,165,34
2026-07-20,2024,志聯,64,3,0
2026-07-20,2025,千興,0,0,0
2026-07-20,2027,大成鋼,24797,-155,22
2026-07-20,2028,威致,1183,0,0
2026-07-20,2029,盛餘,393,-1,0
2026-07-20,2030,彰源,4242,-50,0
2026-07-20,2031,新光鋼,906,17,6
2026-07-20,2032,新鋼,2698,-31,0
2026-07-20,2033,佳大,2727,-1,5
2026-07-20,2034,允強,3665,3,0
2026-07-20,2038,海光,3637,-13,20
2026-07-20,2049,上銀,3514,-82,30
2026-07-20,2059,川湖,465,-10,3
2026-07-20,2062,橋椿,1367,-14,2
2026-07-20,2069,運錩,446,-27,0
2026-07-20,2101,南港,22211,46,15
2026-07-20,2102,泰豐,3893,-10,2
2026-07-20,2103,台橡,15867,-113,110
2026-07-20,2104,國際中橡,19840,130,56
2026-07-20,2105,正新,8880,-114,13
2026-07-20,2106,建大,2929,6,0
2026-07-20,2107,厚生,108,-11,0
2026-07-20,2108,南帝,2831,-20,38
2026-07-20,2109,華豐,648,0,0
2026-07-20,2114,鑫永銓,6,0,0
2026-07-20,2115,六暉-KY,560,-7,3
2026-07-20,2201,裕隆,10094,109,10
2026-07-20,2204,中華,1133,34,0
2026-07-20,2206,三陽工業,4418,9,0
2026-07-20,2207,和泰車,72,-9,0
2026-07-20,2208,台船,0,0,0
2026-07-20,2211,長榮鋼,414,-11,11
2026-07-20,2228,劍麟,1694,-39,0
2026-07-20,2231,為升,2842,-17,146
2026-07-20,2233,宇隆,5262,-379,4
2026-07-20,2236,百達-KY,11394,18,13
2026-07-20,2239,英利-KY,1554,2,0
2026-07-20,2241,艾姆勒,8200,19,4
2026-07-20,2243,宏旭-KY,1421,22,18
2026-07-20,2247,汎德永業,118,-18,1
2026-07-20,2248,華勝-KY,573,-58,8
2026-07-20,2250,IKKA-KY,1309,-8,2
2026-07-20,2254,巨鎧精密-創,2518,0,0
2026-07-20,2301,光寶科,17204,-269,196
2026-07-20,2302,麗正,3522,-426,146
2026-07-20,2303,聯電,213376,-11151,2265
2026-07-20,2305,全友,7011,79,143
2026-07-20,2308,台達電,7680,-84,30
2026-07-20,2312,金寶,48811,-957,1477
2026-07-20,2313,華通,41992,-3491,3669
2026-07-20,2314,台揚,0,0,0
2026-07-20,2316,楠梓電,3516,-310,9
2026-07-20,2317,鴻海,56794,-271,157
2026-07-20,2321,東訊,0,0,0
2026-07-20,2323,中環,29524,-35,76
2026-07-20,2324,仁寶,58476,-410,712
2026-07-20,2327,國巨*,40776,-3311,947
2026-07-20,2328,廣宇,18471,-262,41
2026-07-20,2329,華泰,16332,-556,293
2026-07-20,2330,台積電,32548,-825,123
2026-07-20,2331,精英,10445,26,15
2026-07-20,2332,友訊,22803,-32,790
2026-07-20,2337,旺宏,93847,-2436,3062
2026-07-20,2338,光罩,6393,-38,29
2026-07-20,2340,台亞,9211,-287,46
2026-07-20,2342,茂矽,4717,-261,59
2026-07-20,2344,華邦電,136418,-4670,1865
2026-07-20,2345,智邦,1410,-20,7
2026-07-20,2347,聯強,682,1,4
2026-07-20,2348,海悅,2486,47,0
2026-07-20,2349,錸德,0,0,0
2026-07-20,2351,順德,14254,-1508,25
2026-07-20,2352,佳世達,16146,-237,0
2026-07-20,2353,宏碁,41327,-535,2327
2026-07-20,2354,鴻準,25817,-69,26
2026-07-20,2355,敬鵬,10721,-809,0
2026-07-20,2356,英業達,30235,-776,124
2026-07-20,2357,華碩,2310,-27,7
2026-07-20,2359,所羅門,7080,-166,53
2026-07-20,2360,致茂,1136,-35,1
2026-07-20,2362,藍天,2405,29,3
2026-07-20,2363,矽統,17905,-483,158
2026-07-20,2364,倫飛,719,-7,0
2026-07-20,2365,昆盈,9177,-75,57
2026-07-20,2367,燿華,31321,-1549,811
2026-07-20,2368,金像電,4349,-171,286
2026-07-20,2369,菱生,13755,-980,111
2026-07-20,2371,大同,50839,-273,325
2026-07-20,2373,震旦行,45,-2,0
2026-07-20,2374,佳能,18119,-1044,40
2026-07-20,2375,凱美,6798,-1102,183
2026-07-20,2376,技嘉,8031,-213,555
2026-07-20,2377,微星,13126,-400,379
2026-07-20,2379,瑞昱,2783,-59,21
2026-07-20,2380,虹光,0,0,0
2026-07-20,2382,廣達,12378,232,422
2026-07-20,2383,台光電,1610,-33,20
2026-07-20,2385,群光,3311,-49,21
2026-07-20,2387,精元,1333,-23,0
2026-07-20,2388,威盛,11492,-729,223
2026-07-20,2390,云辰,1913,13,2
2026-07-20,2392,正崴,4712,20,1
2026-07-20,2393,億光,2688,-25,15
2026-07-20,2395,研華,1745,4,43
2026-07-20,2397,友通,1660,-6,0
2026-07-20,2399,映泰,12048,-286,150
2026-07-20,2401,凌陽,8604,5,121
2026-07-20,2402,毅嘉,13711,-235,118
2026-07-20,2404,漢唐,2267,-173,2
2026-07-20,2405,輔信,8174,-18,7
2026-07-20,2406,國碩,13418,-187,364
2026-07-20,2408,南亞科,86024,1330,640
2026-07-20,2409,友達,209343,-721,20582
2026-07-20,2412,中華電,2978,1293,148
2026-07-20,2413,環科,4504,-189,39
2026-07-20,2414,精技,540,-56,0
2026-07-20,2415,錩新,2362,10,2
2026-07-20,2417,圓剛,3743,-24,4
2026-07-20,2419,仲琦,6637,-161,3
2026-07-20,2420,新巨,1210,37,2
2026-07-20,2421,建準,5373,-200,32
2026-07-20,2423,固緯,661,-43,0
2026-07-20,2424,隴華,0,0,0
2026-07-20,2425,承啟,4002,79,5
2026-07-20,2426,鼎元,12879,-967,128
2026-07-20,2427,三商電,5442,-106,51
2026-07-20,2428,興勤,2447,-388,11
2026-07-20,2429,銘旺科,2206,-75,0
2026-07-20,2430,燦坤,81,0,7
2026-07-20,2431,聯昌,1651,-5,0
2026-07-20,2432,倚天酷碁-創,324,0,0
2026-07-20,2433,互盛電,29,0,0
2026-07-20,2434,統懋,435,-12,204
2026-07-20,2436,偉詮電,6324,-114,178
2026-07-20,2438,翔耀,0,0,0
2026-07-20,2439,美律,3686,-33,133
2026-07-20,2440,太空梭,1620,-15,0
2026-07-20,2441,超豐,8395,-1239,317
2026-07-20,2442,新美齊,4099,-111,0
2026-07-20,2444,兆勁,0,0,0
2026-07-20,2449,京元電子,20403,-1164,29
2026-07-20,2450,神腦,75,-29,0
2026-07-20,2451,創見,5497,-233,107
2026-07-20,2453,凌群,2495,-18,1
2026-07-20,2454,聯發科,9379,-118,35
2026-07-20,2455,全新,8550,-511,48
2026-07-20,2457,飛宏,15229,-212,27
2026-07-20,2458,義隆,3494,-29,87
2026-07-20,2459,敦吉,101,-7,0
2026-07-20,2460,建通,293,0,0
2026-07-20,2461,光群雷,8818,-14,0
2026-07-20,2462,良得電,2546,11,0
2026-07-20,2464,盟立,13037,-515,1199
2026-07-20,2465,麗臺,3345,15,70
2026-07-20,2466,冠西電,6093,-55,421
2026-07-20,2467,志聖,2022,-105,27
2026-07-20,2468,華經,3430,-28,1
2026-07-20,2471,資通,1314,-14,0
2026-07-20,2472,立隆電,5891,-854,23
2026-07-20,2474,可成,10717,-357,8
2026-07-20,2476,鉅祥,39340,-330,2
2026-07-20,2477,美隆電,1146,-4,45
2026-07-20,2478,大毅,7558,-630,14
2026-07-20,2480,敦陽科,354,-3,0
2026-07-20,2481,強茂,11375,-907,557
2026-07-20,2482,連宇,1832,-49,12
2026-07-20,2483,百容,1791,-102,23
2026-07-20,2484,希華,15502,-291,705
2026-07-20,2485,兆赫,13753,-911,276
2026-07-20,2486,一詮,22991,-1584,143
2026-07-20,2488,漢平,472,-1,0
2026-07-20,2489,瑞軒,34129,-2069,216
2026-07-20,2491,吉祥全,2297,-15,10
2026-07-20,2492,華新科,9336,-179,24
2026-07-20,2493,揚博,8717,-57,21
2026-07-20,2495,普安,8882,-442,0
2026-07-20,2496,卓越,45,0,0
2026-07-20,2497,怡利電,3516,-27,3
2026-07-20,2498,宏達電,29707,-206,924
2026-07-20,2501,國建,4488,-5,2
2026-07-20,2504,國產,4501,15,0
2026-07-20,2505,國揚,3381,-45,0
2026-07-20,2506,太設,1842,8,1
2026-07-20,2509,全坤建,547,0,1
2026-07-20,2511,太子,3315,13,1
2026-07-20,2514,龍邦,18084,-18,0
2026-07-20,2515,中工,25907,-167,41
2026-07-20,2516,新建,0,0,0
2026-07-20,2520,冠德,3008,-88,7
2026-07-20,2524,京城,3192,-13,0
2026-07-20,2527,宏璟,4430,278,65
2026-07-20,2528,皇普,6575,-30,0
2026-07-20,2530,華建,6699,68,3
2026-07-20,2534,宏盛,11974,-10,52
2026-07-20,2535,達欣工,292,-13,8
2026-07-20,2536,宏普,6550,-329,0
2026-07-20,2537,聯上發,3812,-7,1
2026-07-20,2538,基泰,2491,61,0
2026-07-20,2539,櫻花建,2153,-24,0
2026-07-20,2540,愛山林,2722,-8,7
2026-07-20,2542,興富發,5884,98,230
2026-07-20,2543,皇昌,10783,-250,22
2026-07-20,2545,皇翔,2766,-3,0
2026-07-20,2546,根基,69,-1,0
2026-07-20,2547,日勝生,9408,-394,1
2026-07-20,2548,華固,2282,35,0
2026-07-20,2597,潤弘,166,-3,0
2026-07-20,2601,益航,410,0,0
2026-07-20,2603,長榮,15795,-42,210
2026-07-20,2605,新興,12626,137,11
2026-07-20,2606,裕民,3786,-9,11
2026-07-20,2607,榮運,841,-5,1
2026-07-20,2608,嘉里大榮,1415,1,1
2026-07-20,2609,陽明,34422,-73,282
2026-07-20,2610,華航,49480,-248,105
2026-07-20,2611,志信,2063,-22,1
2026-07-20,2612,中航,1839,-10,9
2026-07-20,2613,中櫃,2067,-6,3
2026-07-20,2614,東森,5704,18,1
2026-07-20,2615,萬海,17447,-311,185
2026-07-20,2616,山隆,494,-1,2
2026-07-20,2617,台航,2395,-11,5
2026-07-20,2618,長榮航,28785,-440,197
2026-07-20,2630,亞航,7203,443,119
2026-07-20,2633,台灣高鐵,1765,4,98
2026-07-20,2634,漢翔,28487,2994,522
2026-07-20,2636,台驊控股,666,11,21
2026-07-20,2637,慧洋-KY,2340,-86,33
2026-07-20,2642,宅配通,585,-3,3
2026-07-20,2645,長榮航太,3234,256,9
2026-07-20,2646,星宇航空,3718,-332,23
2026-07-20,2701,萬企,379,9,0
2026-07-20,2702,華園,421,0,0
2026-07-20,2704,國賓,120,2,0
2026-07-20,2705,六福,574,5,0
2026-07-20,2706,第一店,799,-27,0
2026-07-20,2707,晶華,123,0,0
2026-07-20,2712,遠雄來,7,0,0
2026-07-20,2722,夏都,332,0,0
2026-07-20,2723,美食-KY,1705,-14,1
2026-07-20,2727,王品,402,16,0
2026-07-20,2731,雄獅,990,-18,12
2026-07-20,2739,寒舍,847,1,0
2026-07-20,2748,雲品,654,7,0
2026-07-20,2753,八方雲集,529,2,2
2026-07-20,2762,世界健身-KY,172,-5,0
2026-07-20,2801,彰銀,7761,-1115,73
2026-07-20,2812,台中銀,5021,357,2
2026-07-20,2816,旺旺保,539,-175,2
2026-07-20,2820,華票,625,82,1
2026-07-20,2832,台產,519,-3,0
2026-07-20,2834,臺企銀,6935,553,35
2026-07-20,2836,高雄銀,5909,71,11
2026-07-20,2838,聯邦銀,725,-1032,7
2026-07-20,2845,遠東銀,3785,46,61
2026-07-20,2849,安泰銀,141,0,0
2026-07-20,2850,新產,243,-1,0
2026-07-20,2851,中再保,812,-18,0
2026-07-20,2852,第一保,1280,-12,0
2026-07-20,2855,統一證,6598,-291,111
2026-07-20,2867,三商壽,3221,37,24
2026-07-20,2880,華南金,517,-126,53
2026-07-20,2881,富邦金,7029,165,167
2026-07-20,2882,國泰金,6446,-66,181
2026-07-20,2883,凱基金,16195,158,97
2026-07-20,2884,玉山金,5527,703,125
2026-07-20,2885,元大金,3019,301,0
2026-07-20,2886,兆豐金,788,175,53
2026-07-20,2887,台新新光金,42711,697,0
2026-07-20,2889,國票金,2366,1,24
2026-07-20,2890,永豐金,2538,218,0
2026-07-20,2891,中信金,4163,101,26
2026-07-20,2892,第一金,3121,-622,10
2026-07-20,2897,王道銀行,2320,92,0
2026-07-20,2901,欣欣,483,-1,0
2026-07-20,2903,遠百,1384,11,0
2026-07-20,2904,匯僑,34,1,0
2026-07-20,2905,三商,7932,-71,1
2026-07-20,2906,高林,609,-1,0
2026-07-20,2908,特力,14175,-42,0
2026-07-20,2910,統領,13,-6,0
2026-07-20,2911,麗嬰房,137,-9,0
2026-07-20,2912,統一超,554,20,0
2026-07-20,2913,農林,7171,-162,4
2026-07-20,2915,潤泰全,8599,38,16
2026-07-20,2929,淘帝-KY,2008,36,0
2026-07-20,2939,永邑-KY,249,6,0
2026-07-20,3002,歐格,2003,-38,4
2026-07-20,3003,健和興,3484,-46,8
2026-07-20,3004,豐達科,1944,-68,6
2026-07-20,3005,神基,5322,75,45
2026-07-20,3006,晶豪科,18144,-84,74
2026-07-20,3008,大立光,1806,-57,13
2026-07-20,3010,華立,1186,-46,3
2026-07-20,3011,今皓,2612,31,40
2026-07-20,3013,晟銘電,10017,-625,71
2026-07-20,3014,聯陽,2356,-93,39
2026-07-20,3015,全漢,2499,-63,1
2026-07-20,3016,嘉晶,8039,-305,195
2026-07-20,3017,奇鋐,4695,104,29
2026-07-20,3018,隆銘綠能,0,0,0
2026-07-20,3019,亞光,11886,-98,96
2026-07-20,3021,鴻名,642,-35,1
2026-07-20,3022,威強電,5729,38,8
2026-07-20,3023,信邦,1272,-7,11
2026-07-20,3024,憶聲,7548,-210,35
2026-07-20,3025,星通,1716,-70,0
2026-07-20,3026,禾伸堂,9216,-76,208
2026-07-20,3027,盛達,4763,-16,1
2026-07-20,3028,增你強,3373,-169,43
2026-07-20,3029,零壹,3357,108,13
2026-07-20,3030,德律,10953,-229,24
2026-07-20,3031,佰鴻,7140,-70,1
2026-07-20,3032,偉訓,8074,-19,20
2026-07-20,3033,威健,11050,-785,383
2026-07-20,3034,聯詠,2925,-25,14
2026-07-20,3035,智原,11540,-349,139
2026-07-20,3036,文曄,13748,-224,631
2026-07-20,3037,欣興,40436,-1340,161
2026-07-20,3038,全台,1271,1,0
2026-07-20,3040,遠見,11948,-24,21
2026-07-20,3041,揚智,3749,163,7
2026-07-20,3042,晶技,11770,-2027,227
2026-07-20,3043,科風,992,7,0
2026-07-20,3044,健鼎,6128,-93,7
2026-07-20,3045,台灣大,401,-123,73
2026-07-20,3046,建碁,996,-10,4
2026-07-20,3047,訊舟,6862,-8,9
2026-07-20,3048,益登,6291,-169,42
2026-07-20,3049,精金,0,0,0
2026-07-20,3050,鈺德,3300,-15,0
2026-07-20,3051,力特,4245,-28,6
2026-07-20,3052,夆典,1761,3,0
2026-07-20,3054,立萬利,994,-41,0
2026-07-20,3055,蔚華科,6585,-116,25
2026-07-20,3056,富華新,3800,-71,0
2026-07-20,3057,喬鼎,0,0,0
2026-07-20,3058,立德,0,0,0
2026-07-20,3059,華晶科,11681,-257,28
2026-07-20,3060,銘異,9163,-37,10
2026-07-20,3062,建漢,11581,-387,66
2026-07-20,3090,日電貿,4695,-205,358
2026-07-20,3092,鴻碩,3680,-24,1
2026-07-20,3094,聯傑,2638,-114,33
2026-07-20,3130,一零四,13,0,0
2026-07-20,3135,凌航,2270,-2,124
2026-07-20,3138,耀登,2438,-101,0
2026-07-20,3149,正達,21772,-374,1391
2026-07-20,3150,鈺寶-創,259,2,0
2026-07-20,3164,景岳,285,-8,0
2026-07-20,3167,大量,12040,-92,26
2026-07-20,3168,眾福科,37,2,0
2026-07-20,3189,景碩,16930,-256,126
2026-07-20,3209,全科,5812,-113,56
2026-07-20,3229,晟鈦,0,0,0
2026-07-20,3231,緯創,50682,2012,224
2026-07-20,3257,虹冠電,2814,-126,6
2026-07-20,3266,昇陽,373,-3,0
2026-07-20,3296,勝德,1838,-27,2
2026-07-20,3305,昇貿,7333,-347,13
2026-07-20,3308,聯德,690,-5,0
2026-07-20,3311,閎暉,2598,-21,0
2026-07-20,3312,弘憶股,5335,-208,15
2026-07-20,3321,同泰,0,0,0
2026-07-20,3338,泰碩,3814,-20,4
2026-07-20,3346,麗清,2930,4,3
2026-07-20,3356,奇偶,1860,-6,4
2026-07-20,3376,新日興,12813,-141,114
2026-07-20,3380,明泰,5452,-43,4
2026-07-20,3406,玉晶光,2597,-50,23
2026-07-20,3413,京鼎,5675,22,15
2026-07-20,3416,融程電,995,7,7
2026-07-20,3419,譁裕,1092,0,0
2026-07-20,3432,台端,0,0,0
2026-07-20,3437,榮創,3069,-128,16
2026-07-20,3443,創意,4073,-179,9
2026-07-20,3447,展達,2337,-81,22
2026-07-20,3450,聯鈞,17831,-1286,112
2026-07-20,3481,群創,365390,-3861,7266
2026-07-20,3494,誠研,0,0,0
2026-07-20,3501,維熹,1181,-5,0
2026-07-20,3504,揚明光,2850,-14,40
2026-07-20,3515,華擎,1708,-10,1
2026-07-20,3518,柏騰,4035,-77,37
2026-07-20,3528,安馳,2168,-25,0
2026-07-20,3530,晶相光,1322,5,0
2026-07-20,3532,台勝科,8741,498,447
2026-07-20,3533,嘉澤,596,3,1
2026-07-20,3535,晶彩科,5688,-394,54
2026-07-20,3543,州巧,4947,-103,0
2026-07-20,3545,敦泰,4524,-26,34
2026-07-20,3550,聯穎,13817,50,52
2026-07-20,3557,嘉威,428,-1,0
2026-07-20,3563,牧德,5139,-241,1
2026-07-20,3576,聯合再生,0,0,0
2026-07-20,3583,辛耘,2113,-28,16
2026-07-20,3588,通嘉,1749,13,0
2026-07-20,3591,艾笛森,26223,-552,6
2026-07-20,3592,瑞鼎,939,-4,1
2026-07-20,3593,力銘,0,0,0
2026-07-20,3596,智易,1339,-67,25
2026-07-20,3605,宏致,8379,-313,41
2026-07-20,3607,谷崧,1857,5,0
2026-07-20,3617,碩天,1968,-31,0
2026-07-20,3622,洋華,1853,1,0
2026-07-20,3645,達邁,5855,-292,19
2026-07-20,3652,精聯,577,53,0
2026-07-20,3653,健策,2375,-47,0
2026-07-20,3661,世芯-KY,5790,-188,42
2026-07-20,3665,貿聯-KY,3150,-45,8
2026-07-20,3669,圓展,910,-7,0
2026-07-20,3673,TPK-KY,16079,-806,76
2026-07-20,3679,新至陞,119,0,0
2026-07-20,3686,達能,0,0,0
2026-07-20,3694,海華,7419,-48,1
2026-07-20,3701,大眾控,6731,-452,45
2026-07-20,3702,大聯大,6742,57,1702
2026-07-20,3703,欣陸,1387,-2,0
2026-07-20,3704,合勤控,5987,-11,18
2026-07-20,3705,永信,379,-5,0
2026-07-20,3706,神達,31756,-350,284
2026-07-20,3708,上緯投控,3000,-64,11
2026-07-20,3711,日月光投控,11288,-13,58
2026-07-20,3712,永崴投控,2878,27,16
2026-07-20,3714,富采,27961,-790,78
2026-07-20,3715,定穎投控,22001,-1281,373
2026-07-20,3716,中化控股,503,3,0
2026-07-20,3717,聯嘉投控,9853,-681,289
2026-07-20,4104,佳醫,84,8,0
2026-07-20,4106,雃博,684,-7,0
2026-07-20,4108,懷特,0,0,0
2026-07-20,4119,旭富,604,8,0
2026-07-20,4133,亞諾法,1120,138,7
2026-07-20,4137,麗豐-KY,1076,-1,0
2026-07-20,4142,國光生,6526,-86,2
2026-07-20,4148,全宇生技-KY,403,0,0
2026-07-20,4155,訊映,895,-1,1
2026-07-20,4164,承業醫,6938,-20,0
2026-07-20,4190,佐登-KY,298,-1,0
2026-07-20,4306,炎洲,4692,31,1
2026-07-20,4414,如興,740,-3,0
2026-07-20,4426,利勤,898,-12,0
2026-07-20,4438,廣越,980,-1,0
2026-07-20,4439,冠星-KY,245,0,5
2026-07-20,4440,宜新實業,148,0,0
2026-07-20,4441,振大環球,152,-6,2
2026-07-20,4526,東台,6621,-98,8
2026-07-20,4532,瑞智,2630,-34,1
2026-07-20,4536,拓凱,661,-2,6
2026-07-20,4540,全球傳動,4138,-122,42
2026-07-20,4545,銘鈺,1295,-2,0
2026-07-20,4551,智伸科,3052,-252,53
2026-07-20,4552,力達-KY,2089,-4,12
2026-07-20,4555,氣立,2885,-14,29
2026-07-20,4557,永新-KY,337,-5,0
2026-07-20,4560,強信-KY,277,1,0
2026-07-20,4562,穎漢,2017,-59,26
2026-07-20,4564,元翎,11279,-463,114
2026-07-20,4566,時碩工業,3997,-177,31
2026-07-20,4569,六方科-KY,738,-2,0
2026-07-20,4571,鈞興-KY,1073,-12,0
2026-07-20,4572,駐龍,315,-1,1
2026-07-20,4576,大銀微系統,2439,-74,10
2026-07-20,4581,光隆精密-KY,30,0,0
2026-07-20,4583,台灣精銳,3595,-9,6
2026-07-20,4585,達明,643,6,59
2026-07-20,4588,玖鼎電力,429,-3,0
2026-07-20,4720,德淵,3780,-20,0
2026-07-20,4722,國精化,12275,-277,185
2026-07-20,4736,泰博,207,1,0
2026-07-20,4737,華廣,1526,14,1
2026-07-20,4739,康普,9885,-894,85
2026-07-20,4746,台耀,2165,2,0
2026-07-20,4755,三福化,1215,-115,3
2026-07-20,4763,材料*-KY,42859,253,20
2026-07-20,4764,雙鍵,5972,-1127,0
2026-07-20,4766,南寶,1220,-16,0
2026-07-20,4770,上品,1073,3,16
2026-07-20,4771,望隼,566,-8,0
2026-07-20,4807,日成-KY,1434,57,2
2026-07-20,4904,遠傳,147,-15,5
2026-07-20,4906,正文,30226,-708,107
2026-07-20,4912,聯德控股-KY,3699,-43,3
2026-07-20,4915,致伸,3882,-11,37
2026-07-20,4916,事欣科,7711,-59,191
2026-07-20,4919,新唐,15959,-1397,2070
2026-07-20,4927,泰鼎-KY,28789,-975,838
2026-07-20,4930,燦星網,3722,1,0
2026-07-20,4934,太極,0,0,0
2026-07-20,4935,茂林-KY,633,-7,0
2026-07-20,4938,和碩,5191,-4,30
2026-07-20,4942,嘉彰,620,0,0
2026-07-20,4943,康控-KY,0,0,0
2026-07-20,4949,有成精密,3266,-70,47
2026-07-20,4952,凌通,1426,-26,1
2026-07-20,4956,光鋐,6136,-399,4
2026-07-20,4958,臻鼎-KY,26873,-2706,152
2026-07-20,4960,誠美材,16339,-225,84
2026-07-20,4961,天鈺,1649,-42,7
2026-07-20,4967,十銓,8026,-215,209
2026-07-20,4968,立積,5930,-39,32
2026-07-20,4976,佳凌,4660,-121,62
2026-07-20,4977,眾達-KY,6503,-412,0
2026-07-20,4989,榮科,17345,-1116,2542
2026-07-20,4994,傳奇,2281,4,2
2026-07-20,4999,鑫禾,401,-2,9
2026-07-20,5007,三星,8,0,0
2026-07-20,5203,訊連,1263,-14,4
2026-07-20,5215,科嘉-KY,674,-3,0
2026-07-20,5222,全訊,1912,-11,9
2026-07-20,5225,東科-KY,1448,-9,12
2026-07-20,5234,達興材料,1561,-26,7
2026-07-20,5236,凌陽創新,208,2,4
2026-07-20,5243,乙盛-KY,10513,-363,14
2026-07-20,5244,弘凱,2711,-78,23
2026-07-20,5258,虹堡,3993,-7,4
2026-07-20,5269,祥碩,2029,-113,0
2026-07-20,5283,禾聯碩,92,-3,0
2026-07-20,5284,jpp-KY,3843,-25,9
2026-07-20,5285,界霖,5145,-214,74
2026-07-20,5288,豐祥-KY,2474,18,2
2026-07-20,5292,華懋,986,-11,0
2026-07-20,5306,桂盟,582,-24,0
2026-07-20,5388,中磊,5650,-41,14
2026-07-20,5434,崇越,930,-19,2
2026-07-20,5469,瀚宇博,14377,-197,36
2026-07-20,5471,松翰,4209,-115,19
2026-07-20,5484,慧友,0,0,0
2026-07-20,5515,建國,1770,-7,47
2026-07-20,5519,隆大,838,-8,60
2026-07-20,5521,工信,14938,-117,21
2026-07-20,5522,遠雄,920,-1,2
2026-07-20,5525,順天,350,-7,0
2026-07-20,5531,鄉林,3371,-10,12
2026-07-20,5533,皇鼎,474,-6,0
2026-07-20,5534,長虹,3668,-86,0
2026-07-20,5538,東明-KY,10,0,0
2026-07-20,5546,永固-KY,19,0,0
2026-07-20,5607,遠雄港,1527,2,0
2026-07-20,5608,四維航,4258,-497,40
2026-07-20,5706,鳳凰,753,-7,25
2026-07-20,5871,中租-KY,3948,-176,8
2026-07-20,5876,上海商銀,752,53,2
2026-07-20,5880,合庫金,1948,-62,27
2026-07-20,5906,台南-KY,26,0,0
2026-07-20,5907,大洋-KY,5441,-42,3
2026-07-20,6005,群益證,5122,-151,5
2026-07-20,6024,群益期,167,-3,0
2026-07-20,6108,競國,1449,-5,0
2026-07-20,6112,邁達特,3239,-79,3
2026-07-20,6115,鎰勝,90,0,0
2026-07-20,6116,彩晶,36898,-960,6532
2026-07-20,6117,迎廣,2552,-15,24
2026-07-20,6120,達運,7324,3,4
2026-07-20,6128,上福,1193,8,0
2026-07-20,6133,金橋,3049,-83,11
2026-07-20,6136,富爾特,2665,-1,0
2026-07-20,6139,亞翔,7610,110,35
2026-07-20,6141,柏承,36,0,0
2026-07-20,6142,友勁,0,0,0
2026-07-20,6152,百一,0,0,0
2026-07-20,6153,嘉聯益,14186,213,29
2026-07-20,6155,鈞寶,3345,-103,3
2026-07-20,6164,華興,3714,33,3
2026-07-20,6165,浪凡,8231,1,2
2026-07-20,6166,凌華,3079,48,34
2026-07-20,6168,宏齊,5178,-26,377
2026-07-20,6176,瑞儀,6985,-109,57
2026-07-20,6177,達麗,2604,-73,3
2026-07-20,6183,關貿,8,0,0
2026-07-20,6184,大豐電,497,0,0
2026-07-20,6189,豐藝,2478,-9,4
2026-07-20,6191,精成科,21412,-670,52
2026-07-20,6192,巨路,805,-11,0
2026-07-20,6196,帆宣,1563,-18,16
2026-07-20,6197,佳必琪,5002,-13,128
2026-07-20,6201,亞弘電,29,0,0
2026-07-20,6202,盛群,5737,-77,21
2026-07-20,6205,詮欣,4550,-79,6
2026-07-20,6206,飛捷,1769,-64,0
2026-07-20,6209,今國光,13124,-951,77
2026-07-20,6213,聯茂,15649,842,203
2026-07-20,6214,精誠,1700,19,7
2026-07-20,6215,和椿,5426,-252,6
2026-07-20,6216,居易,692,-2,10
2026-07-20,6224,聚鼎,2027,-44,16
2026-07-20,6225,天瀚,0,0,0
2026-07-20,6226,光鼎,1412,-122,53
2026-07-20,6230,尼得科超眾,461,-7,0
2026-07-20,6235,華孚,4990,-106,23
2026-07-20,6239,力成,22143,-1777,80
2026-07-20,6243,迅杰,1681,-217,229
2026-07-20,6257,矽格,9817,149,37
2026-07-20,6269,台郡,10172,-228,146
2026-07-20,6271,同欣電,6965,-758,10
2026-07-20,6272,驊陞,15,1,0
2026-07-20,6277,宏正,474,-39,5
2026-07-20,6278,台表科,10184,-573,102
2026-07-20,6281,全國電,51,0,0
2026-07-20,6282,康舒,29890,-973,445
2026-07-20,6283,淳安,2565,0,2
2026-07-20,6285,啟碁,16218,-336,126
2026-07-20,6405,悅城,6304,-307,56
2026-07-20,6409,旭隼,1082,9,0
2026-07-20,6412,群電,2984,-22,15
2026-07-20,6414,樺漢,1813,318,777
2026-07-20,6415,矽力*-KY,4547,-259,76
2026-07-20,6416,瑞祺電通,3566,5,1
2026-07-20,6426,統新,2178,-73,11
2026-07-20,6431,光麗-KY,0,0,0
2026-07-20,6438,迅得,4121,-88,9
2026-07-20,6442,光聖,3860,-360,12
2026-07-20,6443,元晶,13101,-685,487
2026-07-20,6446,藥華藥,8206,-1,17
2026-07-20,6449,鈺邦,2235,-400,21
2026-07-20,6451,訊芯-KY,7396,-1030,9
2026-07-20,6456,GIS-KY,12370,-16,153
2026-07-20,6464,台數科,2,-1,0
2026-07-20,6472,保瑞,3599,-61,6
2026-07-20,6477,安集,3417,414,582
2026-07-20,6491,晶碩,510,-22,1
2026-07-20,6504,南六,123,0,0
2026-07-20,6505,台塑化,14323,-963,1898
2026-07-20,6515,穎崴,380,-14,1
2026-07-20,6525,捷敏-KY,3748,-578,35
2026-07-20,6526,達發,1533,-35,2
2026-07-20,6531,愛普*,7594,-401,17
2026-07-20,6533,晶心科,2316,7,54
2026-07-20,6534,正瀚-創,1809,-3,0
2026-07-20,6541,泰福-KY,3722,-11,0
2026-07-20,6550,北極星藥業-KY,0,0,0
2026-07-20,6552,易華電,1136,-8,20
2026-07-20,6558,興能高,3649,-24,35
2026-07-20,6573,虹揚-KY,0,0,0
2026-07-20,6579,研揚,1147,-2,0
2026-07-20,6581,鋼聯,5,0,0
2026-07-20,6582,申豐,365,-1,0
2026-07-20,6585,鼎基,2478,-76,103
2026-07-20,6589,台康生技,3129,-14,37
2026-07-20,6591,動力-KY,2260,-27,16
2026-07-20,6592,和潤企業,687,1,1
2026-07-20,6598,ABC-KY,0,0,0
2026-07-20,6605,帝寶,2375,-3,0
2026-07-20,6606,建德工業,576,-1,0
2026-07-20,6614,資拓宏宇,56,-1,0
2026-07-20,6625,必應,844,-15,2
2026-07-20,6641,基士德-KY,102,0,1
2026-07-20,6645,金萬林-創,12,0,0
2026-07-20,6655,科定,0,0,0
2026-07-20,6657,華安,1416,-10,0
2026-07-20,6658,聯策,1572,-80,12
2026-07-20,6666,羅麗芬-KY,281,-67,0
2026-07-20,6668,中揚光,2821,-91,10
2026-07-20,6669,緯穎,1624,-165,4
2026-07-20,6670,復盛應用,406,-6,3
2026-07-20,6671,三能-KY,66,1,0
2026-07-20,6672,騰輝電子-KY,5693,-17,18
2026-07-20,6674,鋐寶科技,269,-1,0
2026-07-20,6689,伊雲谷,1421,-8,0
2026-07-20,6691,洋基工程,1537,19,26
2026-07-20,6695,芯鼎,3627,-41,33
2026-07-20,6698,旭暉應材,2405,-10,0
2026-07-20,6706,惠特,8367,-135,74
2026-07-20,6715,嘉基,6421,113,26
2026-07-20,6719,力智,4150,-215,0
2026-07-20,6742,澤米,2120,-26,20
2026-07-20,6743,安普新,574,-17,0
2026-07-20,6753,龍德造船,5850,16,144
2026-07-20,6754,匯僑設計,131,0,0
2026-07-20,6756,威鋒電子,707,6,2
2026-07-20,6757,台灣虎航,3486,-5,7
2026-07-20,6768,志強-KY,1279,35,1
2026-07-20,6770,力積電,155638,-6043,2617
2026-07-20,6771,平和環保-創,80,0,0
2026-07-20,6776,展碁國際,928,-25,0
2026-07-20,6781,AES-KY,2766,-85,1
2026-07-20,6782,視陽,465,-2,0
2026-07-20,6789,采鈺,5750,-195,12
2026-07-20,6790,永豐實,597,-7,0
2026-07-20,6792,詠業,274,0,0
2026-07-20,6794,向榮生技,261,-1,0
2026-07-20,6796,晉弘,539,-1,0
2026-07-20,6799,來頡,2005,-166,1
2026-07-20,6805,富世達,2432,-35,20
2026-07-20,6807,峰源-KY,137,0,0
2026-07-20,6830,汎銓,3750,-91,32
2026-07-20,6831,邁科,347,77,1
2026-07-20,6834,天二科技,3597,-326,70
2026-07-20,6835,圓裕,825,-1,4
2026-07-20,6838,台新藥,2605,-1,0
2026-07-20,6854,錼創科技-KY創,3474,-67,2
2026-07-20,6861,睿生光電,2169,-110,4
2026-07-20,6862,三集瑞-KY,1140,-149,10
2026-07-20,6863,永道-KY,981,-26,0
2026-07-20,6869,雲豹能源,3255,-20,77
2026-07-20,6873,泓德能源,3991,-55,22
2026-07-20,6885,全福生技,2315,3,0
2026-07-20,6887,寶綠特-KY,871,5,0
2026-07-20,6890,來億-KY,807,-55,1
2026-07-20,6901,鑽石投資,6232,0,39
2026-07-20,6902,GOGOLOOK,623,-5,0
2026-07-20,6906,現觀科,507,-16,0
2026-07-20,6909,創控,1615,-45,16
2026-07-20,6914,阜爾運通,326,-3,0
2026-07-20,6916,華凌,394,0,0
2026-07-20,6918,愛派司,94,0,0
2026-07-20,6919,康霈*,0,0,0
2026-07-20,6923,中台,1830,-22,0
2026-07-20,6928,攸泰科技,835,2,15
2026-07-20,6931,青松健康,123,1,0
2026-07-20,6933,AMAX-KY,721,0,1
2026-07-20,6936,永鴻生技,242,0,0
2026-07-20,6937,天虹,1758,17,3
2026-07-20,6944,兆聯實業,678,-19,0
2026-07-20,6949,沛爾生醫-創,5322,-8,4
2026-07-20,6951,青新-創,77,0,0
2026-07-20,6952,大武山,25,1,0
2026-07-20,6957,裕慶-KY,1596,-7,62
2026-07-20,6958,日盛台駿,169,-1,0
2026-07-20,6962,奕力-KY,9072,-71,8
2026-07-20,6965,中傑-KY,39,0,0
2026-07-20,6994,富威電力,3036,-44,11
2026-07-20,7705,三商餐飲,93,0,0
2026-07-20,7711,永擎,550,-25,0
2026-07-20,7721,微程式,1204,-13,0
2026-07-20,7722,LINEPAY,742,-43,0
2026-07-20,7730,暉盛-創,675,10,3
2026-07-20,7732,金興精密,99,-1,0
2026-07-20,7736,虎山,68,0,0
2026-07-20,7740,熙特爾-創,1821,-3,0
2026-07-20,7749,意騰-KY,1151,-6,0
2026-07-20,7750,新代,572,-84,3
2026-07-20,7765,中華資安,474,1,0
2026-07-20,7769,鴻勁,262,8,0
2026-07-20,7780,大研生醫*,237,-5,0
2026-07-20,7786,東方風能,246,-40,0
2026-07-20,7788,松川精密,1980,-58,0
2026-07-20,7791,皇家可口,16,0,0
2026-07-20,7799,禾榮科,1210,28,2
2026-07-20,8011,台通,3562,-55,50
2026-07-20,8016,矽創,1702,-48,4
2026-07-20,8021,尖點,10595,-533,37
2026-07-20,8028,昇陽半導體,5949,-1090,128
2026-07-20,8033,雷虎,7482,-450,502
2026-07-20,8039,台虹,20978,3882,1060
2026-07-20,8045,達運光電,4832,18,1
2026-07-20,8046,南電,9975,-411,375
2026-07-20,8070,長華*,7005,-183,7
2026-07-20,8072,陞泰,1898,-20,0
2026-07-20,8081,致新,1505,-20,2
2026-07-20,8101,華冠,0,0,0
2026-07-20,8103,瀚荃,3552,-13,1
2026-07-20,8104,錸寶,4444,-118,3
2026-07-20,8105,凌巨,8635,-210,769
2026-07-20,8110,華東,17574,-768,140
2026-07-20,8112,至上,18964,-236,1549
2026-07-20,8114,振樺電,2025,-63,1
2026-07-20,8131,福懋科,6160,-3,15
2026-07-20,8150,南茂,19992,-1993,341
2026-07-20,8162,微矽電子-創,1922,-219,2
2026-07-20,8163,達方,2626,-71,61
2026-07-20,8201,無敵,0,0,0
2026-07-20,8210,勤誠,2294,-49,26
2026-07-20,8213,志超,3928,-20,0
2026-07-20,8215,明基材,3414,-25,0
2026-07-20,8222,寶一,3393,32,18
2026-07-20,8249,菱光,4163,-64,20
2026-07-20,8261,富鼎,10046,-197,56
2026-07-20,8271,宇瞻,5246,-2,156
2026-07-20,8341,日友,379,-7,0
2026-07-20,8367,建新國際,11,0,0
2026-07-20,8374,羅昇,1699,-36,2
2026-07-20,8404,百和興業-KY,3921,7,0
2026-07-20,8411,福貞-KY,20,-1,0
2026-07-20,8422,可寧衛*,28120,-608,76
2026-07-20,8429,金麗-KY,13567,3,0
2026-07-20,8438,昶昕,5063,-1241,3
2026-07-20,8442,威宏-KY,756,-4,20
2026-07-20,8443,阿瘦,28,0,0
2026-07-20,8454,富邦媒,1465,-29,54
2026-07-20,8462,柏文,1096,-5,2
2026-07-20,8463,潤泰材,122,-2,0
2026-07-20,8464,億豐,64,-1,0
2026-07-20,8466,美吉吉-KY,1307,-9,0
2026-07-20,8467,波力-KY,254,-2,0
2026-07-20,8473,山林水,2581,12,69
2026-07-20,8476,台境*,17847,78,720
2026-07-20,8478,東哥遊艇,1151,-6,0
2026-07-20,8481,政伸,5,-22,0
2026-07-20,8482,商億-KY,161,1,0
2026-07-20,8487,愛爾達-創,35,-15,0
2026-07-20,8488,吉源-KY,21,-1,0
2026-07-20,8499,鼎炫-KY,583,-1,0
2026-07-20,8926,台汽電,7299,-283,55
2026-07-20,8940,新天地,127,5,0
2026-07-20,8996,高力,4099,-182,145
2026-07-20,9802,鈺齊-KY,2435,-9,6
2026-07-20,9902,台火,3420,-2,1
2026-07-20,9904,寶成,27109,662,6
2026-07-20,9905,大華,24,0,0
2026-07-20,9906,欣巴巴,439,-2,4
2026-07-20,9907,統一實,3936,-56,7
2026-07-20,9908,大台北,155,-40,0
2026-07-20,9910,豐泰,2489,-47,3
2026-07-20,9911,櫻花,381,-1,0
2026-07-20,9912,偉聯,0,0,0
2026-07-20,9914,美利達,2958,-287,113
2026-07-20,9917,中保科,168,-6,0
2026-07-20,9918,欣天然,69,0,0
2026-07-20,9919,康那香,7835,169,1
2026-07-20,9921,巨大,2238,-5,229
2026-07-20,9924,福興,723,0,0
2026-07-20,9925,新保,3,2,0
2026-07-20,9926,新海,15,7,0
2026-07-20,9927,泰銘,57,-2,0
2026-07-20,9928,中視,455,-1,0
2026-07-20,9929,秋雨,0,0,0
2026-07-20,9930,中聯資源,21,0,0
2026-07-20,9931,欣高,73,-2,0
2026-07-20,9933,中鼎,4029,-16,7
2026-07-20,9934,成霖,5876,119,6
2026-07-20,9935,慶豐富,1112,-68,0
2026-07-20,9937,全國,138,-22,0
2026-07-20,9938,百和,3408,13,3
2026-07-20,9939,宏全,1164,163,0
2026-07-20,9940,信義,1309,52,0
2026-07-20,9941,裕融,1049,-4,3
2026-07-20,9942,茂順,59,6,0
2026-07-20,9943,好樂迪,94,-3,0
2026-07-20,9944,新麗,5527,2,0
2026-07-20,9945,潤泰新,20830,-85,10
2026-07-20,9946,三發地產,1083,-25,0
2026-07-20,9955,佳龍,1316,-36,0
2026-07-20,9958,世紀鋼,8957,-113,0
2026-07-21,1101,台泥,33054,-1482,144
2026-07-21,1102,亞泥,1329,-1,0
2026-07-21,1103,嘉泥,4120,1,0
2026-07-21,1104,環泥,1608,24,0
2026-07-21,1108,幸福,448,-3,44
2026-07-21,1109,信大,276,0,0
2026-07-21,1110,東泥,2745,-7,0
2026-07-21,1201,味全,1505,0,0
2026-07-21,1203,味王,2,-1,0
2026-07-21,1210,大成,620,53,3
2026-07-21,1213,大飲,0,0,0
2026-07-21,1215,卜蜂,414,0,2
2026-07-21,1216,統一,491,3,7
2026-07-21,1217,愛之味,940,-1,2
2026-07-21,1218,泰山,1489,6,118
2026-07-21,1219,福壽,510,-1,105
2026-07-21,1220,台榮,862,0,0
2026-07-21,1225,福懋油,6933,0,10
2026-07-21,1227,佳格,930,-3,0
2026-07-21,1229,聯華,3164,115,10
2026-07-21,1231,聯華食,240,-2,0
2026-07-21,1232,大統益,324,15,0
2026-07-21,1233,天仁,19,0,0
2026-07-21,1234,黑松,16,1,0
2026-07-21,1235,興泰,1175,0,0
2026-07-21,1236,宏亞,182,-2,0
2026-07-21,1256,鮮活果汁-KY,317,-26,4
2026-07-21,1301,台塑,26402,354,525
2026-07-21,1303,南亞,45395,5952,922
2026-07-21,1304,台聚,11782,-1332,0
2026-07-21,1305,華夏,7009,-50,0
2026-07-21,1307,三芳,1353,-3,1
2026-07-21,1308,亞聚,6509,-109,0
2026-07-21,1309,台達化,8422,-305,0
2026-07-21,1310,台苯,13764,-945,29
2026-07-21,1312,國喬,29548,-244,118
2026-07-21,1313,聯成,11047,-53,200
2026-07-21,1314,中石化,78172,-3977,446
2026-07-21,1315,達新,17,2,0
2026-07-21,1316,上曜,10925,-12,28
2026-07-21,1319,東陽,6939,102,25
2026-07-21,1321,大洋,7192,-25,0
2026-07-21,1323,永裕,80,0,0
2026-07-21,1324,地球,1276,-1,0
2026-07-21,1325,恆大,2162,-20,15
2026-07-21,1326,台化,37826,2869,696
2026-07-21,1337,再生-KY,21378,-2,0
2026-07-21,1338,廣華-KY,3905,6,0
2026-07-21,1339,昭輝,853,8,0
2026-07-21,1340,勝悅-KY,1000,6,0
2026-07-21,1342,八貫,618,-5,0
2026-07-21,1402,遠東新,7515,-82,74
2026-07-21,1409,新纖,24383,406,201
2026-07-21,1410,南染,308,-4,0
2026-07-21,1413,宏洲,0,0,0
2026-07-21,1414,東和,1187,8,0
2026-07-21,1416,廣豐,3292,-12,0
2026-07-21,1417,嘉裕,1907,20,0
2026-07-21,1418,東華,762,0,0
2026-07-21,1419,新紡,1222,4,0
2026-07-21,1423,利華,87,0,0
2026-07-21,1432,大魯閣,161,-2,38
2026-07-21,1434,福懋,8013,264,2
2026-07-21,1435,中福,0,0,0
2026-07-21,1436,華友聯,1008,46,0
2026-07-21,1437,勤益控,2334,71,0
2026-07-21,1438,三地開發,150,-6,0
2026-07-21,1439,雋揚,1053,-8,0
2026-07-21,1440,南紡,5629,-13,3
2026-07-21,1441,大東,0,0,0
2026-07-21,1442,名軒,2866,-80,8
2026-07-21,1443,立益物流,31,0,0
2026-07-21,1444,力麗,570,0,0
2026-07-21,1445,大宇,1377,-16,5
2026-07-21,1446,宏和,1647,-1,2
2026-07-21,1447,力鵬,931,0,0
2026-07-21,1449,佳和,3131,14,0
2026-07-21,1451,年興,759,0,0
2026-07-21,1452,宏益,109,1,0
2026-07-21,1453,大將,1045,36,1
2026-07-21,1454,台富,2168,0,0
2026-07-21,1455,集盛,3138,-47,0
2026-07-21,1456,怡華,780,11,0
2026-07-21,1457,宜進,710,-1,1
2026-07-21,1459,聯發,473,-15,0
2026-07-21,1460,宏遠,0,0,0
2026-07-21,1463,強盛新,440,-46,0
2026-07-21,1464,得力,2070,-1,0
2026-07-21,1465,偉全,3311,14,0
2026-07-21,1466,聚隆,2869,-48,50
2026-07-21,1467,南緯,6364,153,15
2026-07-21,1468,昶和,0,0,0
2026-07-21,1470,大統新創,6,0,0
2026-07-21,1471,首利,0,0,0
2026-07-21,1472,三洋實業,3898,-3,2
2026-07-21,1473,台南,843,-3,0
2026-07-21,1474,弘裕,3369,-12,0
2026-07-21,1475,業旺,455,0,0
2026-07-21,1476,儒鴻,924,-9,15
2026-07-21,1477,聚陽,1543,4,4
2026-07-21,1503,士電,3009,-43,0
2026-07-21,1504,東元,31010,-21,96
2026-07-21,1506,正道,0,0,0
2026-07-21,1512,瑞利,0,0,0
2026-07-21,1513,中興電,7899,-52,16
2026-07-21,1514,亞力,6670,-66,516
2026-07-21,1515,力山,3234,83,134
2026-07-21,1516,川飛,2,0,0
2026-07-21,1517,利奇,2107,29,14
2026-07-21,1519,華城,3298,-21,10
2026-07-21,1521,大億,448,0,0
2026-07-21,1522,堤維西,4358,33,1
2026-07-21,1524,耿鼎,4227,-40,15
2026-07-21,1525,江申,232,0,0
2026-07-21,1526,日馳,793,91,19
2026-07-21,1527,鑽全,562,-1,0
2026-07-21,1528,恩德,6803,29,53
2026-07-21,1529,樂事綠能,3028,39,339
2026-07-21,1530,亞崴,292,1,0
2026-07-21,1531,高林股,1698,-27,1
2026-07-21,1532,勤美,2751,16,0
2026-07-21,1533,車王電,485,12,9
2026-07-21,1535,中宇,60,-17,0
2026-07-21,1536,和大,8321,-30,164
2026-07-21,1537,廣隆,57,1,0
2026-07-21,1538,正峰,0,0,0
2026-07-21,1539,巨庭,1377,3,0
2026-07-21,1540,喬福,1692,-4,0
2026-07-21,1541,錩泰,112,-1,0
2026-07-21,1558,伸興,249,7,0
2026-07-21,1560,中砂,1726,140,30
2026-07-21,1563,巧新,7547,240,1
2026-07-21,1568,倉佑,2463,-84,0
2026-07-21,1582,信錦,4215,-4,6
2026-07-21,1583,程泰,66,0,0
2026-07-21,1587,吉茂,1940,-4,22
2026-07-21,1589,永冠-KY,793,0,0
2026-07-21,1590,亞德客-KY,112,0,0
2026-07-21,1597,直得,2644,-102,21
2026-07-21,1598,岱宇,2092,1,0
2026-07-21,1603,華電,2195,49,10
2026-07-21,1604,聲寶,221,-6,0
2026-07-21,1605,華新,52518,-877,671
2026-07-21,1608,華榮,8391,322,0
2026-07-21,1609,大亞,13505,-43,26
2026-07-21,1611,中電,3299,2,5
2026-07-21,1612,宏泰,1862,-14,55
2026-07-21,1614,三洋電,343,0,0
2026-07-21,1615,大山,173,-20,0
2026-07-21,1616,億泰,3189,-23,0
2026-07-21,1617,榮星,2084,-79,0
2026-07-21,1618,合機,3575,-80,32
2026-07-21,1626,艾美特-KY,1662,-6,0
2026-07-21,1702,南僑,300,0,0
2026-07-21,1707,葡萄王,358,4,20
2026-07-21,1708,東鹼,7221,222,76
2026-07-21,1709,和益,16686,2800,19
2026-07-21,1710,東聯,14148,1982,501
2026-07-21,1711,永光,18647,-93,77
2026-07-21,1712,興農,458,2,0
2026-07-21,1713,國化,2992,-10,1
2026-07-21,1714,和桐,14312,242,116
2026-07-21,1717,長興,20750,-105,263
2026-07-21,1718,中纖,15755,-369,343
2026-07-21,1720,生達,330,-1,0
2026-07-21,1721,三晃,127,0,0
2026-07-21,1722,台肥,2653,-7,4
2026-07-21,1723,中碳,702,25,5
2026-07-21,1725,元禎,287,8,0
2026-07-21,1726,永記,25,0,0
2026-07-21,1727,中華化,7692,79,119
2026-07-21,1730,花仙子,4,0,0
2026-07-21,1731,美吾華,318,0,0
2026-07-21,1732,毛寶,611,-13,0
2026-07-21,1733,五鼎,2632,-8,1
2026-07-21,1734,杏輝,493,-16,0
2026-07-21,1735,日勝化,764,-3,0
2026-07-21,1736,喬山,2188,75,4
2026-07-21,1737,臺鹽,22,0,0
2026-07-21,1752,南光,327,-1,0
2026-07-21,1760,寶齡富錦,1059,4,0
2026-07-21,1762,中化生,750,-8,2
2026-07-21,1773,勝一,1171,-45,4
2026-07-21,1776,展宇,871,0,1
2026-07-21,1783,和康生,568,3,0
2026-07-21,1786,科妍,5027,-16,11
2026-07-21,1789,神隆,3256,-12,0
2026-07-21,1795,美時,8914,50,32
2026-07-21,1802,台玻,46444,-59,589
2026-07-21,1805,寶徠,1408,0,0
2026-07-21,1806,冠軍,2988,22,0
2026-07-21,1808,潤隆,5643,-39,0
2026-07-21,1809,中釉,6135,30,0
2026-07-21,1810,和成,24841,174,995
2026-07-21,1817,凱撒衛,17,0,0
2026-07-21,1903,士紙,2526,-6,5
2026-07-21,1904,正隆,4535,-112,24
2026-07-21,1905,華紙,12207,-118,323
2026-07-21,1906,寶隆,7264,0,0
2026-07-21,1907,永豐餘,24224,-18,1
2026-07-21,1909,榮成,9898,147,23
2026-07-21,2002,中鋼,44973,-1794,0
2026-07-21,2006,東和鋼鐵,1048,-9,1
2026-07-21,2007,燁興,5,0,0
2026-07-21,2008,高興昌,122,1,0
2026-07-21,2009,第一銅,6683,57,1
2026-07-21,2010,春源,2059,-8,5
2026-07-21,2012,春雨,193,-1,0
2026-07-21,2013,中鋼構,1410,0,0
2026-07-21,2014,中鴻,1719,-6,0
2026-07-21,2015,豐興,40,0,0
2026-07-21,2017,官田鋼,8172,-17,1
2026-07-21,2020,美亞,791,0,0
2026-07-21,2022,聚亨,1055,-94,1
2026-07-21,2023,燁輝,2661,-201,34
2026-07-21,2024,志聯,64,0,0
2026-07-21,2025,千興,0,0,0
2026-07-21,2027,大成鋼,24873,76,24
2026-07-21,2028,威致,1183,0,0
2026-07-21,2029,盛餘,393,0,0
2026-07-21,2030,彰源,4281,39,0
2026-07-21,2031,新光鋼,932,26,6
2026-07-21,2032,新鋼,2696,-2,0
2026-07-21,2033,佳大,2725,-2,5
2026-07-21,2034,允強,3660,-5,0
2026-07-21,2038,海光,3632,-5,20
2026-07-21,2049,上銀,3529,15,29
2026-07-21,2059,川湖,467,2,3
2026-07-21,2062,橋椿,1368,1,2
2026-07-21,2069,運錩,421,-25,0
2026-07-21,2101,南港,22230,19,15
2026-07-21,2102,泰豐,3859,-34,2
2026-07-21,2103,台橡,15944,77,110
2026-07-21,2104,國際中橡,19592,-248,55
2026-07-21,2105,正新,8988,108,22
2026-07-21,2106,建大,2927,-2,0
2026-07-21,2107,厚生,107,-1,0
2026-07-21,2108,南帝,2817,-14,38
2026-07-21,2109,華豐,648,0,0
2026-07-21,2114,鑫永銓,6,0,0
2026-07-21,2115,六暉-KY,558,-2,3
2026-07-21,2201,裕隆,10061,-33,11
2026-07-21,2204,中華,1146,13,0
2026-07-21,2206,三陽工業,4414,-4,0
2026-07-21,2207,和泰車,73,1,0
2026-07-21,2208,台船,0,0,0
2026-07-21,2211,長榮鋼,414,0,11
2026-07-21,2228,劍麟,1679,-15,0
2026-07-21,2231,為升,2855,13,145
2026-07-21,2233,宇隆,5291,29,7
2026-07-21,2236,百達-KY,11456,62,9
2026-07-21,2239,英利-KY,1556,2,0
2026-07-21,2241,艾姆勒,8010,-190,2
2026-07-21,2243,宏旭-KY,1416,-5,18
2026-07-21,2247,汎德永業,122,4,1
2026-07-21,2248,華勝-KY,563,-10,0
2026-07-21,2250,IKKA-KY,1287,-22,2
2026-07-21,2254,巨鎧精密-創,2518,0,0
2026-07-21,2301,光寶科,17548,344,258
2026-07-21,2302,麗正,3508,-14,143
2026-07-21,2303,聯電,220752,7376,1408
2026-07-21,2305,全友,6623,-388,140
2026-07-21,2308,台達電,7786,106,33
2026-07-21,2312,金寶,47820,-991,1773
2026-07-21,2313,華通,41524,-468,4642
2026-07-21,2314,台揚,0,0,0
2026-07-21,2316,楠梓電,3626,110,10
2026-07-21,2317,鴻海,55619,-1175,274
2026-07-21,2321,東訊,0,0,0
2026-07-21,2323,中環,29517,-7,70
2026-07-21,2324,仁寶,57722,-754,796
2026-07-21,2327,國巨*,42879,2103,284
2026-07-21,2328,廣宇,18476,5,43
2026-07-21,2329,華泰,16158,-174,293
2026-07-21,2330,台積電,31823,-725,98
2026-07-21,2331,精英,10215,-230,22
2026-07-21,2332,友訊,24380,1577,737
2026-07-21,2337,旺宏,94065,218,2184
2026-07-21,2338,光罩,6376,-17,9
2026-07-21,2340,台亞,9346,135,43
2026-07-21,2342,茂矽,4687,-30,25
2026-07-21,2344,華邦電,139838,3420,2056
2026-07-21,2345,智邦,1417,7,9
2026-07-21,2347,聯強,661,-21,4
2026-07-21,2348,海悅,2510,24,0
2026-07-21,2349,錸德,0,0,0
2026-07-21,2351,順德,14238,-16,28
2026-07-21,2352,佳世達,16358,213,0
2026-07-21,2353,宏碁,40819,-508,2329
2026-07-21,2354,鴻準,25746,-71,17
2026-07-21,2355,敬鵬,10602,-119,4
2026-07-21,2356,英業達,29808,-427,913
2026-07-21,2357,華碩,2269,-41,17
2026-07-21,2359,所羅門,7034,-46,60
2026-07-21,2360,致茂,1291,155,6
2026-07-21,2362,藍天,2360,-45,3
2026-07-21,2363,矽統,18061,156,165
2026-07-21,2364,倫飛,724,5,0
2026-07-21,2365,昆盈,9212,35,55
2026-07-21,2367,燿華,31348,27,728
2026-07-21,2368,金像電,4622,273,287
2026-07-21,2369,菱生,13922,167,115
2026-07-21,2371,大同,50639,-199,351
2026-07-21,2373,震旦行,45,0,0
2026-07-21,2374,佳能,18267,148,48
2026-07-21,2375,凱美,6427,-371,142
2026-07-21,2376,技嘉,7443,-588,510
2026-07-21,2377,微星,13315,189,323
2026-07-21,2379,瑞昱,2755,-28,81
2026-07-21,2380,虹光,0,0,0
2026-07-21,2382,廣達,12685,307,306
2026-07-21,2383,台光電,1707,97,25
2026-07-21,2385,群光,3269,-42,20
2026-07-21,2387,精元,1331,-2,0
2026-07-21,2388,威盛,11578,86,219
2026-07-21,2390,云辰,1945,32,2
2026-07-21,2392,正崴,4713,1,13
2026-07-21,2393,億光,2719,31,14
2026-07-21,2395,研華,2065,320,40
2026-07-21,2397,友通,1655,-5,0
2026-07-21,2399,映泰,12034,-14,122
2026-07-21,2401,凌陽,8490,-114,113
2026-07-21,2402,毅嘉,13678,-33,79
2026-07-21,2404,漢唐,2350,83,3
2026-07-21,2405,輔信,8175,1,7
2026-07-21,2406,國碩,13521,103,399
2026-07-21,2408,南亞科,89048,3024,904
2026-07-21,2409,友達,211597,2254,17891
2026-07-21,2412,中華電,2828,-150,110
2026-07-21,2413,環科,4531,27,15
2026-07-21,2414,精技,544,4,0
2026-07-21,2415,錩新,2379,17,5
2026-07-21,2417,圓剛,3777,34,4
2026-07-21,2419,仲琦,6633,-4,3
2026-07-21,2420,新巨,1185,-25,2
2026-07-21,2421,建準,5381,8,32
2026-07-21,2423,固緯,641,-20,0
2026-07-21,2424,隴華,0,0,0
2026-07-21,2425,承啟,4066,64,4
2026-07-21,2426,鼎元,12990,111,152
2026-07-21,2427,三商電,5466,24,31
2026-07-21,2428,興勤,2501,54,16
2026-07-21,2429,銘旺科,2206,0,0
2026-07-21,2430,燦坤,82,1,7
2026-07-21,2431,聯昌,1648,-3,0
2026-07-21,2432,倚天酷碁-創,324,0,0
2026-07-21,2433,互盛電,26,-3,0
2026-07-21,2434,統懋,418,-17,106
2026-07-21,2436,偉詮電,6349,25,262
2026-07-21,2438,翔耀,0,0,0
2026-07-21,2439,美律,3623,-63,133
2026-07-21,2440,太空梭,1618,-2,0
2026-07-21,2441,超豐,8556,161,314
2026-07-21,2442,新美齊,4122,23,0
2026-07-21,2444,兆勁,0,0,0
2026-07-21,2449,京元電子,20139,-264,26
2026-07-21,2450,神腦,75,0,0
2026-07-21,2451,創見,5633,136,50
2026-07-21,2453,凌群,2470,-25,2
2026-07-21,2454,聯發科,9548,169,60
2026-07-21,2455,全新,8767,217,101
2026-07-21,2457,飛宏,15258,29,33
2026-07-21,2458,義隆,3555,61,86
2026-07-21,2459,敦吉,100,-1,0
2026-07-21,2460,建通,293,0,0
2026-07-21,2461,光群雷,8775,-43,0
2026-07-21,2462,良得電,2545,-1,0
2026-07-21,2464,盟立,13011,-26,680
2026-07-21,2465,麗臺,3361,16,69
2026-07-21,2466,冠西電,6081,-12,410
2026-07-21,2467,志聖,2032,10,41
2026-07-21,2468,華經,3411,-19,5
2026-07-21,2471,資通,1309,-5,0
2026-07-21,2472,立隆電,6037,146,25
2026-07-21,2474,可成,10091,-626,6
2026-07-21,2476,鉅祥,39902,562,7
2026-07-21,2477,美隆電,1145,-1,45
2026-07-21,2478,大毅,8122,564,16
2026-07-21,2480,敦陽科,349,-5,0
2026-07-21,2481,強茂,11823,448,552
2026-07-21,2482,連宇,1815,-17,9
2026-07-21,2483,百容,1925,134,129
2026-07-21,2484,希華,16587,1085,527
2026-07-21,2485,兆赫,13589,-164,337
2026-07-21,2486,一詮,23598,607,186
2026-07-21,2488,漢平,466,-6,0
2026-07-21,2489,瑞軒,34182,53,215
2026-07-21,2491,吉祥全,2272,-25,8
2026-07-21,2492,華新科,9610,274,149
2026-07-21,2493,揚博,9114,397,32
2026-07-21,2495,普安,8887,5,0
2026-07-21,2496,卓越,45,0,0
2026-07-21,2497,怡利電,3510,-6,0
2026-07-21,2498,宏達電,29529,-178,923
2026-07-21,2501,國建,4510,22,2
2026-07-21,2504,國產,4459,-42,0
2026-07-21,2505,國揚,3367,-14,0
2026-07-21,2506,太設,1845,3,1
2026-07-21,2509,全坤建,548,1,1
2026-07-21,2511,太子,3260,-55,1
2026-07-21,2514,龍邦,18087,3,0
2026-07-21,2515,中工,26081,174,44
2026-07-21,2516,新建,0,0,0
2026-07-21,2520,冠德,2986,-22,9
2026-07-21,2524,京城,3192,0,0
2026-07-21,2527,宏璟,4517,87,68
2026-07-21,2528,皇普,6572,-3,0
2026-07-21,2530,華建,6722,23,5
2026-07-21,2534,宏盛,12005,31,52
2026-07-21,2535,達欣工,289,-3,8
2026-07-21,2536,宏普,6271,-279,0
2026-07-21,2537,聯上發,3780,-32,1
2026-07-21,2538,基泰,2484,-7,0
2026-07-21,2539,櫻花建,2136,-17,0
2026-07-21,2540,愛山林,2734,12,7
2026-07-21,2542,興富發,5702,-182,237
2026-07-21,2543,皇昌,10693,-90,33
2026-07-21,2545,皇翔,2766,0,0
2026-07-21,2546,根基,65,-4,0
2026-07-21,2547,日勝生,9561,153,0
2026-07-21,2548,華固,2284,2,0
2026-07-21,2597,潤弘,161,-5,0
2026-07-21,2601,益航,410,0,0
2026-07-21,2603,長榮,15513,-282,239
2026-07-21,2605,新興,12582,-44,12
2026-07-21,2606,裕民,3254,-532,11
2026-07-21,2607,榮運,835,-6,1
2026-07-21,2608,嘉里大榮,1413,-2,1
2026-07-21,2609,陽明,33986,-436,314
2026-07-21,2610,華航,50525,1045,114
2026-07-21,2611,志信,2035,-28,1
2026-07-21,2612,中航,1827,-12,0
2026-07-21,2613,中櫃,2084,17,3
2026-07-21,2614,東森,5706,2,1
2026-07-21,2615,萬海,17628,181,108
2026-07-21,2616,山隆,492,-2,2
2026-07-21,2617,台航,2382,-13,5
2026-07-21,2618,長榮航,28204,-581,429
2026-07-21,2630,亞航,6925,-278,162
2026-07-21,2633,台灣高鐵,1771,6,98
2026-07-21,2634,漢翔,26286,-2201,1181
2026-07-21,2636,台驊控股,652,-14,21
2026-07-21,2637,慧洋-KY,2387,47,35
2026-07-21,2642,宅配通,585,0,3
2026-07-21,2645,長榮航太,3474,240,15
2026-07-21,2646,星宇航空,3658,-60,33
2026-07-21,2701,萬企,373,-6,0
2026-07-21,2702,華園,419,-2,0
2026-07-21,2704,國賓,114,-6,0
2026-07-21,2705,六福,572,-2,0
2026-07-21,2706,第一店,797,-2,0
2026-07-21,2707,晶華,122,-1,0
2026-07-21,2712,遠雄來,7,0,0
2026-07-21,2722,夏都,331,-1,0
2026-07-21,2723,美食-KY,1704,-1,1
2026-07-21,2727,王品,405,3,0
2026-07-21,2731,雄獅,983,-7,11
2026-07-21,2739,寒舍,847,0,0
2026-07-21,2748,雲品,642,-12,0
2026-07-21,2753,八方雲集,526,-3,2
2026-07-21,2762,世界健身-KY,170,-2,0
2026-07-21,2801,彰銀,6822,-939,68
2026-07-21,2812,台中銀,4965,-56,2
2026-07-21,2816,旺旺保,542,3,2
2026-07-21,2820,華票,634,9,1
2026-07-21,2832,台產,520,1,0
2026-07-21,2834,臺企銀,6914,-21,34
2026-07-21,2836,高雄銀,5896,-13,0
2026-07-21,2838,聯邦銀,723,-2,7
2026-07-21,2845,遠東銀,3740,-45,37
2026-07-21,2849,安泰銀,141,0,0
2026-07-21,2850,新產,243,0,0
2026-07-21,2851,中再保,816,4,0
2026-07-21,2852,第一保,1296,16,0
2026-07-21,2855,統一證,6710,112,112
2026-07-21,2867,三商壽,2944,-277,26
2026-07-21,2880,華南金,499,-18,54
2026-07-21,2881,富邦金,7122,93,156
2026-07-21,2882,國泰金,4872,-1574,182
2026-07-21,2883,凱基金,16358,163,97
2026-07-21,2884,玉山金,5941,414,208
2026-07-21,2885,元大金,3449,430,39
2026-07-21,2886,兆豐金,604,-184,58
2026-07-21,2887,台新新光金,42768,57,57
2026-07-21,2889,國票金,2424,58,24
2026-07-21,2890,永豐金,2550,12,0
2026-07-21,2891,中信金,4268,105,19
2026-07-21,2892,第一金,2216,-905,10
2026-07-21,2897,王道銀行,2426,106,0
2026-07-21,2901,欣欣,483,0,0
2026-07-21,2903,遠百,1271,-113,0
2026-07-21,2904,匯僑,34,0,0
2026-07-21,2905,三商,7918,-14,1
2026-07-21,2906,高林,682,73,0
2026-07-21,2908,特力,14155,-20,0
2026-07-21,2910,統領,20,7,0
2026-07-21,2911,麗嬰房,150,13,0
2026-07-21,2912,統一超,539,-15,0
2026-07-21,2913,農林,7080,-91,4
2026-07-21,2915,潤泰全,8588,-11,10
2026-07-21,2929,淘帝-KY,2006,-2,0
2026-07-21,2939,永邑-KY,255,6,0
2026-07-21,3002,歐格,2005,2,0
2026-07-21,3003,健和興,3487,3,8
2026-07-21,3004,豐達科,1946,2,7
2026-07-21,3005,神基,8727,3405,60
2026-07-21,3006,晶豪科,18134,-10,107
2026-07-21,3008,大立光,1859,53,13
2026-07-21,3010,華立,1265,79,7
2026-07-21,3011,今皓,2642,30,40
2026-07-21,3013,晟銘電,9931,-86,65
2026-07-21,3014,聯陽,2343,-13,56
2026-07-21,3015,全漢,2530,31,1
2026-07-21,3016,嘉晶,8135,96,163
2026-07-21,3017,奇鋐,4647,-48,32
2026-07-21,3018,隆銘綠能,0,0,0
2026-07-21,3019,亞光,11875,-11,42
2026-07-21,3021,鴻名,635,-7,1
2026-07-21,3022,威強電,5814,85,12
2026-07-21,3023,信邦,1266,-6,13
2026-07-21,3024,憶聲,7589,41,28
2026-07-21,3025,星通,1705,-11,0
2026-07-21,3026,禾伸堂,9935,719,403
2026-07-21,3027,盛達,4729,-34,1
2026-07-21,3028,增你強,3388,15,45
2026-07-21,3029,零壹,3310,-47,21
2026-07-21,3030,德律,10934,-19,34
2026-07-21,3031,佰鴻,7152,12,1
2026-07-21,3032,偉訓,8071,-3,21
2026-07-21,3033,威健,11046,-4,365
2026-07-21,3034,聯詠,2832,-93,10
2026-07-21,3035,智原,11353,-187,136
2026-07-21,3036,文曄,14479,731,479
2026-07-21,3037,欣興,40356,-80,294
2026-07-21,3038,全台,1173,-98,0
2026-07-21,3040,遠見,11943,-5,19
2026-07-21,3041,揚智,3748,-1,7
2026-07-21,3042,晶技,12436,666,109
2026-07-21,3043,科風,991,-1,0
2026-07-21,3044,健鼎,6134,6,5
2026-07-21,3045,台灣大,303,-98,74
2026-07-21,3046,建碁,968,-28,6
2026-07-21,3047,訊舟,6817,-45,10
2026-07-21,3048,益登,6304,13,42
2026-07-21,3049,精金,0,0,0
2026-07-21,3050,鈺德,3292,-8,0
2026-07-21,3051,力特,4262,17,6
2026-07-21,3052,夆典,1761,0,0
2026-07-21,3054,立萬利,999,5,0
2026-07-21,3055,蔚華科,6502,-83,27
2026-07-21,3056,富華新,3800,0,0
2026-07-21,3057,喬鼎,0,0,0
2026-07-21,3058,立德,0,0,0
2026-07-21,3059,華晶科,11742,61,30
2026-07-21,3060,銘異,9188,25,11
2026-07-21,3062,建漢,11533,-48,69
2026-07-21,3090,日電貿,4740,45,55
2026-07-21,3092,鴻碩,3689,9,1
2026-07-21,3094,聯傑,2803,165,69
2026-07-21,3130,一零四,10,-3,0
2026-07-21,3135,凌航,2253,-17,125
2026-07-21,3138,耀登,2446,8,0
2026-07-21,3149,正達,21976,204,2691
2026-07-21,3150,鈺寶-創,260,1,0
2026-07-21,3164,景岳,285,0,0
2026-07-21,3167,大量,12006,-34,24
2026-07-21,3168,眾福科,38,1,0
2026-07-21,3189,景碩,17472,542,235
2026-07-21,3209,全科,5858,46,52
2026-07-21,3229,晟鈦,0,0,0
2026-07-21,3231,緯創,51362,680,255
2026-07-21,3257,虹冠電,2833,19,5
2026-07-21,3266,昇陽,368,-5,0
2026-07-21,3296,勝德,1834,-4,2
2026-07-21,3305,昇貿,7267,-66,11
2026-07-21,3308,聯德,685,-5,0
2026-07-21,3311,閎暉,2636,38,0
2026-07-21,3312,弘憶股,5331,-4,27
2026-07-21,3321,同泰,0,0,0
2026-07-21,3338,泰碩,3880,66,26
2026-07-21,3346,麗清,2949,19,5
2026-07-21,3356,奇偶,1849,-11,4
2026-07-21,3376,新日興,12745,-68,111
2026-07-21,3380,明泰,5451,-1,11
2026-07-21,3406,玉晶光,2651,54,35
2026-07-21,3413,京鼎,5650,-25,4
2026-07-21,3416,融程電,1087,92,16
2026-07-21,3419,譁裕,1092,0,0
2026-07-21,3432,台端,0,0,0
2026-07-21,3437,榮創,3076,7,15
2026-07-21,3443,創意,4241,168,27
2026-07-21,3447,展達,2331,-6,21
2026-07-21,3450,聯鈞,17996,165,149
2026-07-21,3481,群創,384356,18949,9174
2026-07-21,3494,誠研,0,0,0
2026-07-21,3501,維熹,1177,-4,0
2026-07-21,3504,揚明光,2872,22,40
2026-07-21,3515,華擎,1695,-13,1
2026-07-21,3518,柏騰,4044,9,37
2026-07-21,3528,安馳,2187,19,0
2026-07-21,3530,晶相光,1321,-1,0
2026-07-21,3532,台勝科,9126,385,636
2026-07-21,3533,嘉澤,578,-18,1
2026-07-21,3535,晶彩科,5735,47,53
2026-07-21,3543,州巧,4810,-137,0
2026-07-21,3545,敦泰,4478,-46,40
2026-07-21,3550,聯穎,13802,-15,14
2026-07-21,3557,嘉威,422,-6,0
2026-07-21,3563,牧德,5131,-8,1
2026-07-21,3576,聯合再生,0,0,0
2026-07-21,3583,辛耘,2094,-19,12
2026-07-21,3588,通嘉,1737,-12,0
2026-07-21,3591,艾笛森,26232,9,19
2026-07-21,3592,瑞鼎,939,0,1
2026-07-21,3593,力銘,0,0,0
2026-07-21,3596,智易,1374,35,25
2026-07-21,3605,宏致,8253,-126,58
2026-07-21,3607,谷崧,1847,-10,0
2026-07-21,3617,碩天,1988,20,0
2026-07-21,3622,洋華,1853,0,0
2026-07-21,3645,達邁,5864,9,19
2026-07-21,3652,精聯,531,-46,0
2026-07-21,3653,健策,2441,66,0
2026-07-21,3661,世芯-KY,5871,81,41
2026-07-21,3665,貿聯-KY,3099,-51,24
2026-07-21,3669,圓展,900,-10,0
2026-07-21,3673,TPK-KY,16260,181,79
2026-07-21,3679,新至陞,120,1,0
2026-07-21,3686,達能,0,0,0
2026-07-21,3694,海華,7178,-241,0
2026-07-21,3701,大眾控,6717,-14,47
2026-07-21,3702,大聯大,6691,-51,1950
2026-07-21,3703,欣陸,1384,-3,0
2026-07-21,3704,合勤控,6047,60,50
2026-07-21,3705,永信,379,0,0
2026-07-21,3706,神達,31951,195,258
2026-07-21,3708,上緯投控,3012,12,14
2026-07-21,3711,日月光投控,11636,348,81
2026-07-21,3712,永崴投控,2905,27,18
2026-07-21,3714,富采,27925,-36,73
2026-07-21,3715,定穎投控,22590,589,379
2026-07-21,3716,中化控股,502,-1,0
2026-07-21,3717,聯嘉投控,9865,12,216
2026-07-21,4104,佳醫,82,-2,0
2026-07-21,4106,雃博,679,-5,0
2026-07-21,4108,懷特,0,0,0
2026-07-21,4119,旭富,590,-14,0
2026-07-21,4133,亞諾法,1225,105,7
2026-07-21,4137,麗豐-KY,1077,1,0
2026-07-21,4142,國光生,6544,18,2
2026-07-21,4148,全宇生技-KY,399,-4,0
2026-07-21,4155,訊映,910,15,1
2026-07-21,4164,承業醫,6905,-33,0
2026-07-21,4190,佐登-KY,298,0,0
2026-07-21,4306,炎洲,4658,-34,0
2026-07-21,4414,如興,743,3,0
2026-07-21,4426,利勤,904,6,0
2026-07-21,4438,廣越,981,1,0
2026-07-21,4439,冠星-KY,245,0,5
2026-07-21,4440,宜新實業,153,5,0
2026-07-21,4441,振大環球,153,1,2
2026-07-21,4526,東台,6662,41,8
2026-07-21,4532,瑞智,2639,9,1
2026-07-21,4536,拓凱,658,-3,3
2026-07-21,4540,全球傳動,4119,-19,71
2026-07-21,4545,銘鈺,1293,-2,0
2026-07-21,4551,智伸科,3106,54,64
2026-07-21,4552,力達-KY,2103,14,12
2026-07-21,4555,氣立,2858,-27,29
2026-07-21,4557,永新-KY,336,-1,0
2026-07-21,4560,強信-KY,274,-3,0
2026-07-21,4562,穎漢,2017,0,31
2026-07-21,4564,元翎,11257,-22,118
2026-07-21,4566,時碩工業,4133,136,47
2026-07-21,4569,六方科-KY,726,-12,0
2026-07-21,4571,鈞興-KY,1062,-11,0
2026-07-21,4572,駐龍,317,2,1
2026-07-21,4576,大銀微系統,2456,17,12
2026-07-21,4581,光隆精密-KY,30,0,0
2026-07-21,4583,台灣精銳,3594,-1,3
2026-07-21,4585,達明,646,3,59
2026-07-21,4588,玖鼎電力,431,2,0
2026-07-21,4720,德淵,3641,-139,0
2026-07-21,4722,國精化,12065,-210,101
2026-07-21,4736,泰博,213,6,0
2026-07-21,4737,華廣,1533,7,0
2026-07-21,4739,康普,9775,-110,85
2026-07-21,4746,台耀,2165,0,0
2026-07-21,4755,三福化,1217,2,3
2026-07-21,4763,材料*-KY,44186,1327,23
2026-07-21,4764,雙鍵,6077,105,0
2026-07-21,4766,南寶,1190,-30,0
2026-07-21,4770,上品,1062,-11,14
2026-07-21,4771,望隼,559,-7,0
2026-07-21,4807,日成-KY,1437,3,3
2026-07-21,4904,遠傳,378,231,4
2026-07-21,4906,正文,30225,-1,103
2026-07-21,4912,聯德控股-KY,3684,-15,2
2026-07-21,4915,致伸,3828,-54,41
2026-07-21,4916,事欣科,7621,-90,200
2026-07-21,4919,新唐,15938,-21,1840
2026-07-21,4927,泰鼎-KY,29019,230,843
2026-07-21,4930,燦星網,3724,2,0
2026-07-21,4934,太極,0,0,0
2026-07-21,4935,茂林-KY,632,-1,0
2026-07-21,4938,和碩,5137,-54,32
2026-07-21,4942,嘉彰,620,0,0
2026-07-21,4943,康控-KY,0,0,0
2026-07-21,4949,有成精密,3278,12,49
2026-07-21,4952,凌通,1423,-3,2
2026-07-21,4956,光鋐,5874,-262,4
2026-07-21,4958,臻鼎-KY,27799,926,190
2026-07-21,4960,誠美材,15713,-626,83
2026-07-21,4961,天鈺,1587,-62,5
2026-07-21,4967,十銓,8105,79,100
2026-07-21,4968,立積,5873,-57,32
2026-07-21,4976,佳凌,4661,1,59
2026-07-21,4977,眾達-KY,6584,81,0
2026-07-21,4989,榮科,18207,862,3399
2026-07-21,4994,傳奇,2294,13,2
2026-07-21,4999,鑫禾,401,0,9
2026-07-21,5007,三星,8,0,0
2026-07-21,5203,訊連,1230,-33,2
2026-07-21,5215,科嘉-KY,671,-3,0
2026-07-21,5222,全訊,1912,0,9
2026-07-21,5225,東科-KY,1437,-11,2
2026-07-21,5234,達興材料,1557,-4,8
2026-07-21,5236,凌陽創新,201,-7,4
2026-07-21,5243,乙盛-KY,10526,13,14
2026-07-21,5244,弘凱,2678,-33,23
2026-07-21,5258,虹堡,4006,13,4
2026-07-21,5269,祥碩,2111,82,117
2026-07-21,5283,禾聯碩,92,0,0
2026-07-21,5284,jpp-KY,3862,19,8
2026-07-21,5285,界霖,5165,20,68
2026-07-21,5288,豐祥-KY,2507,33,2
2026-07-21,5292,華懋,992,6,0
2026-07-21,5306,桂盟,574,-8,0
2026-07-21,5388,中磊,5633,-17,19
2026-07-21,5434,崇越,925,-5,1
2026-07-21,5469,瀚宇博,14361,-16,73
2026-07-21,5471,松翰,4388,179,20
2026-07-21,5484,慧友,0,0,0
2026-07-21,5515,建國,1881,111,5
2026-07-21,5519,隆大,836,-2,58
2026-07-21,5521,工信,14724,-214,16
2026-07-21,5522,遠雄,904,-16,2
2026-07-21,5525,順天,372,22,0
2026-07-21,5531,鄉林,3366,-5,12
2026-07-21,5533,皇鼎,468,-6,0
2026-07-21,5534,長虹,3589,-79,0
2026-07-21,5538,東明-KY,10,0,0
2026-07-21,5546,永固-KY,19,0,0
2026-07-21,5607,遠雄港,1532,5,0
2026-07-21,5608,四維航,4255,-3,35
2026-07-21,5706,鳳凰,746,-7,25
2026-07-21,5871,中租-KY,3988,40,8
2026-07-21,5876,上海商銀,673,-79,2
2026-07-21,5880,合庫金,1934,-14,27
2026-07-21,5906,台南-KY,26,0,0
2026-07-21,5907,大洋-KY,5444,3,3
2026-07-21,6005,群益證,5138,16,4
2026-07-21,6024,群益期,166,-1,0
2026-07-21,6108,競國,1469,20,0
2026-07-21,6112,邁達特,3249,10,8
2026-07-21,6115,鎰勝,90,0,0
2026-07-21,6116,彩晶,36902,4,5990
2026-07-21,6117,迎廣,2565,13,22
2026-07-21,6120,達運,7296,-28,5
2026-07-21,6128,上福,1202,9,0
2026-07-21,6133,金橋,3020,-29,11
2026-07-21,6136,富爾特,2641,-24,0
2026-07-21,6139,亞翔,7645,35,47
2026-07-21,6141,柏承,36,0,0
2026-07-21,6142,友勁,0,0,0
2026-07-21,6152,百一,0,0,0
2026-07-21,6153,嘉聯益,14302,116,29
2026-07-21,6155,鈞寶,3372,27,11
2026-07-21,6164,華興,3646,-68,3
2026-07-21,6165,浪凡,8210,-21,1
2026-07-21,6166,凌華,3310,231,51
2026-07-21,6168,宏齊,5227,49,375
2026-07-21,6176,瑞儀,6977,-8,57
2026-07-21,6177,達麗,2656,52,1
2026-07-21,6183,關貿,8,0,0
2026-07-21,6184,大豐電,497,0,0
2026-07-21,6189,豐藝,2466,-12,4
2026-07-21,6191,精成科,21508,96,51
2026-07-21,6192,巨路,808,3,0
2026-07-21,6196,帆宣,1567,4,23
2026-07-21,6197,佳必琪,5242,240,240
2026-07-21,6201,亞弘電,29,0,0
2026-07-21,6202,盛群,5815,78,72
2026-07-21,6205,詮欣,4535,-15,6
2026-07-21,6206,飛捷,1711,-58,0
2026-07-21,6209,今國光,13141,17,74
2026-07-21,6213,聯茂,16312,663,358
2026-07-21,6214,精誠,1724,24,1
2026-07-21,6215,和椿,5440,14,8
2026-07-21,6216,居易,696,4,10
2026-07-21,6224,聚鼎,2019,-8,7
2026-07-21,6225,天瀚,0,0,0
2026-07-21,6226,光鼎,1618,206,28
2026-07-21,6230,尼得科超眾,456,-5,0
2026-07-21,6235,華孚,4985,-5,24
2026-07-21,6239,力成,21850,-293,58
2026-07-21,6243,迅杰,1926,245,146
2026-07-21,6257,矽格,9934,117,19
2026-07-21,6269,台郡,10160,-12,136
2026-07-21,6271,同欣電,7206,241,26
2026-07-21,6272,驊陞,19,4,0
2026-07-21,6277,宏正,406,-68,40
2026-07-21,6278,台表科,10409,225,77
2026-07-21,6281,全國電,48,-3,0
2026-07-21,6282,康舒,29784,-106,396
2026-07-21,6283,淳安,2557,-8,2
2026-07-21,6285,啟碁,15987,-231,132
2026-07-21,6405,悅城,6293,-11,45
2026-07-21,6409,旭隼,1074,-8,0
2026-07-21,6412,群電,2983,-1,15
2026-07-21,6414,樺漢,2197,384,871
2026-07-21,6415,矽力*-KY,4602,55,84
2026-07-21,6416,瑞祺電通,3930,364,2
2026-07-21,6426,統新,2182,4,11
2026-07-21,6431,光麗-KY,0,0,0
2026-07-21,6438,迅得,4136,15,9
2026-07-21,6442,光聖,3914,54,9
2026-07-21,6443,元晶,13017,-84,487
2026-07-21,6446,藥華藥,8264,58,19
2026-07-21,6449,鈺邦,2325,90,25
2026-07-21,6451,訊芯-KY,7797,401,0
2026-07-21,6456,GIS-KY,12564,194,150
2026-07-21,6464,台數科,2,0,0
2026-07-21,6472,保瑞,3588,-11,6
2026-07-21,6477,安集,3915,498,1489
2026-07-21,6491,晶碩,521,11,1
2026-07-21,6504,南六,123,0,0
2026-07-21,6505,台塑化,16607,2284,2372
2026-07-21,6515,穎崴,378,-2,3
2026-07-21,6525,捷敏-KY,3415,-333,46
2026-07-21,6526,達發,1532,-1,3
2026-07-21,6531,愛普*,7538,-56,43
2026-07-21,6533,晶心科,2551,235,61
2026-07-21,6534,正瀚-創,1800,-9,0
2026-07-21,6541,泰福-KY,3718,-4,0
2026-07-21,6550,北極星藥業-KY,0,0,0
2026-07-21,6552,易華電,1134,-2,20
2026-07-21,6558,興能高,3630,-19,14
2026-07-21,6573,虹揚-KY,0,0,0
2026-07-21,6579,研揚,1245,98,11
2026-07-21,6581,鋼聯,5,0,0
2026-07-21,6582,申豐,365,0,0
2026-07-21,6585,鼎基,2474,-4,92
2026-07-21,6589,台康生技,3116,-13,37
2026-07-21,6591,動力-KY,2136,-124,16
2026-07-21,6592,和潤企業,685,-2,1
2026-07-21,6598,ABC-KY,0,0,0
2026-07-21,6605,帝寶,2379,4,0
2026-07-21,6606,建德工業,572,-4,0
2026-07-21,6614,資拓宏宇,56,0,0
2026-07-21,6625,必應,840,-4,0
2026-07-21,6641,基士德-KY,101,-1,1
2026-07-21,6645,金萬林-創,12,0,0
2026-07-21,6655,科定,0,0,0
2026-07-21,6657,華安,1406,-10,0
2026-07-21,6658,聯策,1596,24,14
2026-07-21,6666,羅麗芬-KY,284,3,0
2026-07-21,6668,中揚光,2829,8,9
2026-07-21,6669,緯穎,1643,19,8
2026-07-21,6670,復盛應用,407,1,3
2026-07-21,6671,三能-KY,66,0,0
2026-07-21,6672,騰輝電子-KY,5966,273,334
2026-07-21,6674,鋐寶科技,275,6,0
2026-07-21,6689,伊雲谷,1422,1,0
2026-07-21,6691,洋基工程,1538,1,24
2026-07-21,6695,芯鼎,3597,-30,39
2026-07-21,6698,旭暉應材,2405,0,0
2026-07-21,6706,惠特,8359,-8,73
2026-07-21,6715,嘉基,6563,142,25
2026-07-21,6719,力智,4214,64,19
2026-07-21,6742,澤米,2137,17,21
2026-07-21,6743,安普新,576,2,0
2026-07-21,6753,龍德造船,6073,223,166
2026-07-21,6754,匯僑設計,131,0,0
2026-07-21,6756,威鋒電子,698,-9,2
2026-07-21,6757,台灣虎航,3481,-5,3
2026-07-21,6768,志強-KY,1272,-7,1
2026-07-21,6770,力積電,157431,1793,3230
2026-07-21,6771,平和環保-創,80,0,0
2026-07-21,6776,展碁國際,905,-23,0
2026-07-21,6781,AES-KY,2778,12,5
2026-07-21,6782,視陽,457,-8,0
2026-07-21,6789,采鈺,5733,-17,28
2026-07-21,6790,永豐實,597,0,0
2026-07-21,6792,詠業,289,15,0
2026-07-21,6794,向榮生技,261,0,0
2026-07-21,6796,晉弘,539,0,0
2026-07-21,6799,來頡,2013,8,0
2026-07-21,6805,富世達,2480,48,10
2026-07-21,6807,峰源-KY,137,0,0
2026-07-21,6830,汎銓,3767,17,30
2026-07-21,6831,邁科,388,41,4
2026-07-21,6834,天二科技,3894,297,110
2026-07-21,6835,圓裕,821,-4,4
2026-07-21,6838,台新藥,2605,0,0
2026-07-21,6854,錼創科技-KY創,3469,-5,2
2026-07-21,6861,睿生光電,2181,12,22
2026-07-21,6862,三集瑞-KY,1135,-5,9
2026-07-21,6863,永道-KY,968,-13,0
2026-07-21,6869,雲豹能源,3235,-20,81
2026-07-21,6873,泓德能源,3925,-66,31
2026-07-21,6885,全福生技,2297,-18,0
2026-07-21,6887,寶綠特-KY,871,0,0
2026-07-21,6890,來億-KY,820,13,3
2026-07-21,6901,鑽石投資,6410,178,19
2026-07-21,6902,GOGOLOOK,636,13,0
2026-07-21,6906,現觀科,517,10,0
2026-07-21,6909,創控,1624,9,17
2026-07-21,6914,阜爾運通,326,0,0
2026-07-21,6916,華凌,394,0,0
2026-07-21,6918,愛派司,94,0,0
2026-07-21,6919,康霈*,0,0,0
2026-07-21,6923,中台,1831,1,0
2026-07-21,6928,攸泰科技,925,90,16
2026-07-21,6931,青松健康,123,0,0
2026-07-21,6933,AMAX-KY,807,86,1
2026-07-21,6936,永鴻生技,242,0,0
2026-07-21,6937,天虹,1749,-9,2
2026-07-21,6944,兆聯實業,671,-7,0
2026-07-21,6949,沛爾生醫-創,5361,39,5
2026-07-21,6951,青新-創,77,0,0
2026-07-21,6952,大武山,25,0,0
2026-07-21,6957,裕慶-KY,1638,42,66
2026-07-21,6958,日盛台駿,169,0,0
2026-07-21,6962,奕力-KY,8978,-94,6
2026-07-21,6965,中傑-KY,39,0,0
2026-07-21,6994,富威電力,3038,2,12
2026-07-21,7705,三商餐飲,94,1,0
2026-07-21,7711,永擎,542,-8,0
2026-07-21,7721,微程式,1170,-34,0
2026-07-21,7722,LINEPAY,740,-2,0
2026-07-21,7730,暉盛-創,682,7,3
2026-07-21,7732,金興精密,107,8,0
2026-07-21,7736,虎山,68,0,0
2026-07-21,7740,熙特爾-創,1842,21,0
2026-07-21,7749,意騰-KY,1152,1,0
2026-07-21,7750,新代,579,7,3
2026-07-21,7765,中華資安,472,-2,0
2026-07-21,7769,鴻勁,290,28,0
2026-07-21,7780,大研生醫*,256,19,0
2026-07-21,7786,東方風能,256,10,0
2026-07-21,7788,松川精密,2055,75,0
2026-07-21,7791,皇家可口,16,0,0
2026-07-21,7799,禾榮科,1204,-6,3
2026-07-21,8011,台通,3560,-2,34
2026-07-21,8016,矽創,1732,30,4
2026-07-21,8021,尖點,10843,248,23
2026-07-21,8028,昇陽半導體,6212,263,93
2026-07-21,8033,雷虎,7896,414,515
2026-07-21,8039,台虹,22286,1308,1544
2026-07-21,8045,達運光電,5031,199,9
2026-07-21,8046,南電,10698,723,389
2026-07-21,8070,長華*,7019,14,3
2026-07-21,8072,陞泰,1911,13,0
2026-07-21,8081,致新,1567,62,2
2026-07-21,8101,華冠,0,0,0
2026-07-21,8103,瀚荃,3535,-17,3
2026-07-21,8104,錸寶,4454,10,1
2026-07-21,8105,凌巨,8996,361,565
2026-07-21,8110,華東,17617,43,156
2026-07-21,8112,至上,18479,-485,1558
2026-07-21,8114,振樺電,2022,-3,1
2026-07-21,8131,福懋科,6417,257,10
2026-07-21,8150,南茂,25338,5346,368
2026-07-21,8162,微矽電子-創,1939,17,1
2026-07-21,8163,達方,2627,1,54
2026-07-21,8201,無敵,0,0,0
2026-07-21,8210,勤誠,2249,-45,24
2026-07-21,8213,志超,3941,13,0
2026-07-21,8215,明基材,3413,-1,1
2026-07-21,8222,寶一,3389,-4,54
2026-07-21,8249,菱光,4179,16,19
2026-07-21,8261,富鼎,9843,-203,63
2026-07-21,8271,宇瞻,5185,-61,154
2026-07-21,8341,日友,373,-6,0
2026-07-21,8367,建新國際,11,0,0
2026-07-21,8374,羅昇,1693,-6,2
2026-07-21,8404,百和興業-KY,3910,-11,0
2026-07-21,8411,福貞-KY,22,2,0
2026-07-21,8422,可寧衛*,28080,-40,77
2026-07-21,8429,金麗-KY,13724,157,0
2026-07-21,8438,昶昕,5082,19,2
2026-07-21,8442,威宏-KY,763,7,20
2026-07-21,8443,阿瘦,28,0,0
2026-07-21,8454,富邦媒,1478,13,49
2026-07-21,8462,柏文,1092,-4,6
2026-07-21,8463,潤泰材,121,-1,0
2026-07-21,8464,億豐,64,0,0
2026-07-21,8466,美吉吉-KY,1312,5,0
2026-07-21,8467,波力-KY,253,-1,0
2026-07-21,8473,山林水,2543,-38,49
2026-07-21,8476,台境*,17946,99,745
2026-07-21,8478,東哥遊艇,1141,-10,0
2026-07-21,8481,政伸,5,0,0
2026-07-21,8482,商億-KY,161,0,0
2026-07-21,8487,愛爾達-創,35,0,0
2026-07-21,8488,吉源-KY,21,0,0
2026-07-21,8499,鼎炫-KY,587,4,0
2026-07-21,8926,台汽電,7462,163,59
2026-07-21,8940,新天地,126,-1,0
2026-07-21,8996,高力,4214,115,104
2026-07-21,9802,鈺齊-KY,2411,-24,6
2026-07-21,9902,台火,3442,22,1
2026-07-21,9904,寶成,26859,-250,6
2026-07-21,9905,大華,24,0,0
2026-07-21,9906,欣巴巴,421,-18,4
2026-07-21,9907,統一實,3944,8,2
2026-07-21,9908,大台北,146,-9,0
2026-07-21,9910,豐泰,2497,8,3
2026-07-21,9911,櫻花,383,2,0
2026-07-21,9912,偉聯,0,0,0
2026-07-21,9914,美利達,2856,-102,103
2026-07-21,9917,中保科,168,0,0
2026-07-21,9918,欣天然,69,0,0
2026-07-21,9919,康那香,7804,-31,1
2026-07-21,9921,巨大,2253,15,185
2026-07-21,9924,福興,723,0,0
2026-07-21,9925,新保,3,0,0
2026-07-21,9926,新海,15,0,0
2026-07-21,9927,泰銘,57,0,0
2026-07-21,9928,中視,456,1,0
2026-07-21,9929,秋雨,0,0,0
2026-07-21,9930,中聯資源,21,0,0
2026-07-21,9931,欣高,73,0,0
2026-07-21,9933,中鼎,4035,6,5
2026-07-21,9934,成霖,5886,10,6
2026-07-21,9935,慶豐富,1114,2,0
2026-07-21,9937,全國,136,-2,0
2026-07-21,9938,百和,3495,87,9
2026-07-21,9939,宏全,1272,108,3
2026-07-21,9940,信義,1278,-31,0
2026-07-21,9941,裕融,1024,-25,3
2026-07-21,9942,茂順,59,0,0
2026-07-21,9943,好樂迪,94,0,0
2026-07-21,9944,新麗,5521,-6,0
2026-07-21,9945,潤泰新,21112,282,10
2026-07-21,9946,三發地產,1073,-10,0
2026-07-21,9955,佳龍,1315,-1,0
2026-07-21,9958,世紀鋼,8804,-153,0
2026-07-22,1101,台泥,33215,161,46
2026-07-22,1102,亞泥,1643,314,0
2026-07-22,1103,嘉泥,4140,20,0
2026-07-22,1104,環泥,1651,43,0
2026-07-22,1108,幸福,442,-6,44
2026-07-22,1109,信大,276,0,1
2026-07-22,1110,東泥,2730,-15,0
2026-07-22,1201,味全,1496,-9,0
2026-07-22,1203,味王,2,0,0
2026-07-22,1210,大成,652,32,2
2026-07-22,1213,大飲,0,0,0
2026-07-22,1215,卜蜂,421,7,2
2026-07-22,1216,統一,538,47,3
2026-07-22,1217,愛之味,943,3,2
2026-07-22,1218,泰山,1503,14,124
2026-07-22,1219,福壽,510,0,105
2026-07-22,1220,台榮,862,0,0
2026-07-22,1225,福懋油,6933,0,10
2026-07-22,1227,佳格,944,14,0
2026-07-22,1229,聯華,3259,95,10
2026-07-22,1231,聯華食,246,6,0
2026-07-22,1232,大統益,255,-69,0
2026-07-22,1233,天仁,19,0,0
2026-07-22,1234,黑松,16,0,0
2026-07-22,1235,興泰,1174,-1,0
2026-07-22,1236,宏亞,183,1,0
2026-07-22,1256,鮮活果汁-KY,320,3,7
2026-07-22,1301,台塑,23822,-2580,673
2026-07-22,1303,南亞,48248,2853,1231
2026-07-22,1304,台聚,11491,-291,0
2026-07-22,1305,華夏,6950,-59,0
2026-07-22,1307,三芳,1331,-22,1
2026-07-22,1308,亞聚,6683,174,0
2026-07-22,1309,台達化,8318,-104,0
2026-07-22,1310,台苯,14002,238,43
2026-07-22,1312,國喬,30082,534,192
2026-07-22,1313,聯成,11246,199,210
2026-07-22,1314,中石化,78595,423,412
2026-07-22,1315,達新,18,1,0
2026-07-22,1316,上曜,10894,-31,28
2026-07-22,1319,東陽,7023,84,22
2026-07-22,1321,大洋,7196,4,0
2026-07-22,1323,永裕,83,3,0
2026-07-22,1324,地球,1277,1,0
2026-07-22,1325,恆大,2191,29,38
2026-07-22,1326,台化,36998,-828,953
2026-07-22,1337,再生-KY,21378,0,0
2026-07-22,1338,廣華-KY,3911,6,0
2026-07-22,1339,昭輝,887,34,0
2026-07-22,1340,勝悅-KY,998,-2,0
2026-07-22,1342,八貫,620,2,0
2026-07-22,1402,遠東新,7154,-361,74
2026-07-22,1409,新纖,24584,201,97
2026-07-22,1410,南染,306,-2,0
2026-07-22,1413,宏洲,0,0,0
2026-07-22,1414,東和,1201,14,0
2026-07-22,1416,廣豐,3323,31,0
2026-07-22,1417,嘉裕,1913,6,0
2026-07-22,1418,東華,762,0,0
2026-07-22,1419,新紡,1247,25,0
2026-07-22,1423,利華,87,0,0
2026-07-22,1432,大魯閣,155,-6,38
2026-07-22,1434,福懋,8452,439,48
2026-07-22,1435,中福,0,0,0
2026-07-22,1436,華友聯,1014,6,0
2026-07-22,1437,勤益控,2394,60,0
2026-07-22,1438,三地開發,135,-15,0
2026-07-22,1439,雋揚,1051,-2,0
2026-07-22,1440,南紡,5454,-175,3
2026-07-22,1441,大東,0,0,0
2026-07-22,1442,名軒,2857,-9,8
2026-07-22,1443,立益物流,31,0,0
2026-07-22,1444,力麗,569,-1,0
2026-07-22,1445,大宇,1377,0,5
2026-07-22,1446,宏和,1628,-19,0
2026-07-22,1447,力鵬,811,-120,0
2026-07-22,1449,佳和,3136,5,0
2026-07-22,1451,年興,761,2,0
2026-07-22,1452,宏益,109,0,0
2026-07-22,1453,大將,1043,-2,1
2026-07-22,1454,台富,2168,0,0
2026-07-22,1455,集盛,3194,56,0
2026-07-22,1456,怡華,808,28,0
2026-07-22,1457,宜進,711,1,1
2026-07-22,1459,聯發,437,-36,0
2026-07-22,1460,宏遠,0,0,0
2026-07-22,1463,強盛新,452,12,0
2026-07-22,1464,得力,2114,44,0
2026-07-22,1465,偉全,3296,-15,0
2026-07-22,1466,聚隆,2842,-27,55
2026-07-22,1467,南緯,6852,488,13
2026-07-22,1468,昶和,0,0,0
2026-07-22,1470,大統新創,6,0,0
2026-07-22,1471,首利,0,0,0
2026-07-22,1472,三洋實業,3898,0,2
2026-07-22,1473,台南,845,2,0
2026-07-22,1474,弘裕,3368,-1,0
2026-07-22,1475,業旺,457,2,0
2026-07-22,1476,儒鴻,943,19,15
2026-07-22,1477,聚陽,1621,78,4
2026-07-22,1503,士電,3080,71,0
2026-07-22,1504,東元,30823,-187,94
2026-07-22,1506,正道,0,0,0
2026-07-22,1512,瑞利,0,0,0
2026-07-22,1513,中興電,7907,8,21
2026-07-22,1514,亞力,6655,-15,41
2026-07-22,1515,力山,3374,140,534
2026-07-22,1516,川飛,2,0,0
2026-07-22,1517,利奇,1996,-111,6
2026-07-22,1519,華城,3295,-3,10
2026-07-22,1521,大億,447,-1,0
2026-07-22,1522,堤維西,4376,18,1
2026-07-22,1524,耿鼎,4227,0,15
2026-07-22,1525,江申,232,0,0
2026-07-22,1526,日馳,807,14,19
2026-07-22,1527,鑽全,561,-1,0
2026-07-22,1528,恩德,6814,11,53
2026-07-22,1529,樂事綠能,2995,-33,321
2026-07-22,1530,亞崴,293,1,0
2026-07-22,1531,高林股,1682,-16,1
2026-07-22,1532,勤美,2772,21,0
2026-07-22,1533,車王電,480,-5,9
2026-07-22,1535,中宇,62,2,0
2026-07-22,1536,和大,8388,67,214
2026-07-22,1537,廣隆,57,0,0
2026-07-22,1538,正峰,0,0,0
2026-07-22,1539,巨庭,1373,-4,0
2026-07-22,1540,喬福,1693,1,0
2026-07-22,1541,錩泰,112,0,0
2026-07-22,1558,伸興,248,-1,0
2026-07-22,1560,中砂,1584,-142,40
2026-07-22,1563,巧新,7616,69,1
2026-07-22,1568,倉佑,2438,-25,0
2026-07-22,1582,信錦,4261,46,6
2026-07-22,1583,程泰,67,1,0
2026-07-22,1587,吉茂,1941,1,22
2026-07-22,1589,永冠-KY,793,0,0
2026-07-22,1590,亞德客-KY,109,-3,0
2026-07-22,1597,直得,2771,127,21
2026-07-22,1598,岱宇,2092,0,0
2026-07-22,1603,華電,2223,28,10
2026-07-22,1604,聲寶,221,0,0
2026-07-22,1605,華新,52033,-485,699
2026-07-22,1608,華榮,8369,-22,0
2026-07-22,1609,大亞,13278,-227,26
2026-07-22,1611,中電,3298,-1,4
2026-07-22,1612,宏泰,1881,19,55
2026-07-22,1614,三洋電,343,0,0
2026-07-22,1615,大山,158,-15,0
2026-07-22,1616,億泰,3219,30,0
2026-07-22,1617,榮星,2027,-57,0
2026-07-22,1618,合機,3537,-38,31
2026-07-22,1626,艾美特-KY,1658,-4,0
2026-07-22,1702,南僑,301,1,0
2026-07-22,1707,葡萄王,372,14,20
2026-07-22,1708,東鹼,7556,335,75
2026-07-22,1709,和益,17455,769,23
2026-07-22,1710,東聯,13856,-292,496
2026-07-22,1711,永光,18632,-15,77
2026-07-22,1712,興農,478,20,0
2026-07-22,1713,國化,2956,-36,1
2026-07-22,1714,和桐,16831,2519,97
2026-07-22,1717,長興,20738,-12,272
2026-07-22,1718,中纖,18482,2727,475
2026-07-22,1720,生達,349,19,0
2026-07-22,1721,三晃,126,-1,0
2026-07-22,1722,台肥,2728,75,2
2026-07-22,1723,中碳,635,-67,0
2026-07-22,1725,元禎,288,1,0
2026-07-22,1726,永記,25,0,0
2026-07-22,1727,中華化,7720,28,115
2026-07-22,1730,花仙子,4,0,0
2026-07-22,1731,美吾華,318,0,0
2026-07-22,1732,毛寶,642,31,0
2026-07-22,1733,五鼎,2621,-11,1
2026-07-22,1734,杏輝,374,-119,0
2026-07-22,1735,日勝化,760,-4,0
2026-07-22,1736,喬山,2110,-78,10
2026-07-22,1737,臺鹽,22,0,0
2026-07-22,1752,南光,327,0,0
2026-07-22,1760,寶齡富錦,1046,-13,0
2026-07-22,1762,中化生,730,-20,2
2026-07-22,1773,勝一,1192,21,3
2026-07-22,1776,展宇,880,9,1
2026-07-22,1783,和康生,569,1,0
2026-07-22,1786,科妍,5042,15,11
2026-07-22,1789,神隆,3250,-6,0
2026-07-22,1795,美時,8985,71,31
2026-07-22,1802,台玻,46501,57,833
2026-07-22,1805,寶徠,1407,-1,0
2026-07-22,1806,冠軍,2947,-41,0
2026-07-22,1808,潤隆,5765,122,0
2026-07-22,1809,中釉,6151,16,0
2026-07-22,1810,和成,23628,-1213,3954
2026-07-22,1817,凱撒衛,17,0,0
2026-07-22,1903,士紙,2528,2,5
2026-07-22,1904,正隆,4537,2,21
2026-07-22,1905,華紙,12592,385,339
2026-07-22,1906,寶隆,7262,-2,0
2026-07-22,1907,永豐餘,24224,0,1
2026-07-22,1909,榮成,10110,212,4
2026-07-22,2002,中鋼,43554,-1419,0
2026-07-22,2006,東和鋼鐵,1037,-11,1
2026-07-22,2007,燁興,5,0,0
2026-07-22,2008,高興昌,122,0,0
2026-07-22,2009,第一銅,6552,-131,0
2026-07-22,2010,春源,2043,-16,5
2026-07-22,2012,春雨,193,0,0
2026-07-22,2013,中鋼構,1411,1,0
2026-07-22,2014,中鴻,1716,-3,0
2026-07-22,2015,豐興,36,-4,0
2026-07-22,2017,官田鋼,8166,-6,1
2026-07-22,2020,美亞,791,0,0
2026-07-22,2022,聚亨,1078,23,1
2026-07-22,2023,燁輝,2558,-103,37
2026-07-22,2024,志聯,65,1,0
2026-07-22,2025,千興,0,0,0
2026-07-22,2027,大成鋼,24457,-416,160
2026-07-22,2028,威致,1189,6,0
2026-07-22,2029,盛餘,393,0,0
2026-07-22,2030,彰源,4331,50,0
2026-07-22,2031,新光鋼,1024,92,7
2026-07-22,2032,新鋼,2754,58,0
2026-07-22,2033,佳大,2723,-2,5
2026-07-22,2034,允強,3656,-4,0
2026-07-22,2038,海光,3633,1,20
2026-07-22,2049,上銀,3503,-26,37
2026-07-22,2059,川湖,468,1,0
2026-07-22,2062,橋椿,1375,7,2
2026-07-22,2069,運錩,412,-9,0
2026-07-22,2101,南港,22159,-71,15
2026-07-22,2102,泰豐,3824,-35,2
2026-07-22,2103,台橡,16160,216,112
2026-07-22,2104,國際中橡,19486,-106,46
2026-07-22,2105,正新,9167,179,12
2026-07-22,2106,建大,2884,-43,0
2026-07-22,2107,厚生,105,-2,0
2026-07-22,2108,南帝,2806,-11,38
2026-07-22,2109,華豐,651,3,0
2026-07-22,2114,鑫永銓,6,0,0
2026-07-22,2115,六暉-KY,562,4,3
2026-07-22,2201,裕隆,10213,152,10
2026-07-22,2204,中華,1201,55,0
2026-07-22,2206,三陽工業,4478,64,18
2026-07-22,2207,和泰車,67,-6,0
2026-07-22,2208,台船,0,0,0
2026-07-22,2211,長榮鋼,470,56,11
2026-07-22,2228,劍麟,1681,2,0
2026-07-22,2231,為升,2836,-19,150
2026-07-22,2233,宇隆,5375,84,8
2026-07-22,2236,百達-KY,11445,-11,8
2026-07-22,2239,英利-KY,1556,0,0
2026-07-22,2241,艾姆勒,7970,-40,2
2026-07-22,2243,宏旭-KY,1497,81,18
2026-07-22,2247,汎德永業,122,0,1
2026-07-22,2248,華勝-KY,540,-23,0
2026-07-22,2250,IKKA-KY,1287,0,2
2026-07-22,2254,巨鎧精密-創,2518,0,0
2026-07-22,2301,光寶科,17388,-160,275
2026-07-22,2302,麗正,3868,360,105
2026-07-22,2303,聯電,222441,1689,980
2026-07-22,2305,全友,6686,63,134
2026-07-22,2308,台達電,7731,-55,46
2026-07-22,2312,金寶,48002,182,1636
2026-07-22,2313,華通,42389,865,5103
2026-07-22,2314,台揚,0,0,0
2026-07-22,2316,楠梓電,3917,291,9
2026-07-22,2317,鴻海,54691,-928,308
2026-07-22,2321,東訊,0,0,0
2026-07-22,2323,中環,29347,-170,40
2026-07-22,2324,仁寶,58319,597,809
2026-07-22,2327,國巨*,42982,103,441
2026-07-22,2328,廣宇,18441,-35,50
2026-07-22,2329,華泰,15977,-181,351
2026-07-22,2330,台積電,31928,105,99
2026-07-22,2331,精英,10190,-25,26
2026-07-22,2332,友訊,25776,1396,839
2026-07-22,2337,旺宏,92875,-1190,2439
2026-07-22,2338,光罩,6359,-17,18
2026-07-22,2340,台亞,9277,-69,51
2026-07-22,2342,茂矽,4711,24,56
2026-07-22,2344,華邦電,143955,4117,2969
2026-07-22,2345,智邦,1413,-4,8
2026-07-22,2347,聯強,607,-54,4
2026-07-22,2348,海悅,2525,15,7
2026-07-22,2349,錸德,0,0,0
2026-07-22,2351,順德,14259,21,35
2026-07-22,2352,佳世達,16265,-93,0
2026-07-22,2353,宏碁,40313,-506,2265
2026-07-22,2354,鴻準,25568,-178,19
2026-07-22,2355,敬鵬,10719,117,29
2026-07-22,2356,英業達,29536,-272,939
2026-07-22,2357,華碩,2263,-6,19
2026-07-22,2359,所羅門,7101,67,50
2026-07-22,2360,致茂,1140,-151,8
2026-07-22,2362,藍天,2349,-11,3
2026-07-22,2363,矽統,18202,141,158
2026-07-22,2364,倫飛,721,-3,0
2026-07-22,2365,昆盈,9058,-154,41
2026-07-22,2367,燿華,31266,-82,738
2026-07-22,2368,金像電,4857,235,285
2026-07-22,2369,菱生,14101,179,180
2026-07-22,2371,大同,50908,270,342
2026-07-22,2373,震旦行,45,0,0
2026-07-22,2374,佳能,18168,-99,46
2026-07-22,2375,凱美,6606,179,126
2026-07-22,2376,技嘉,7253,-190,443
2026-07-22,2377,微星,13903,588,420
2026-07-22,2379,瑞昱,2796,41,32
2026-07-22,2380,虹光,0,0,0
2026-07-22,2382,廣達,13730,1045,297
2026-07-22,2383,台光電,1721,14,59
2026-07-22,2385,群光,3379,110,20
2026-07-22,2387,精元,1327,-4,0
2026-07-22,2388,威盛,11341,-237,258
2026-07-22,2390,云辰,1946,1,2
2026-07-22,2392,正崴,4708,-5,8
2026-07-22,2393,億光,2766,47,14
2026-07-22,2395,研華,2183,118,6
2026-07-22,2397,友通,1653,-2,4
2026-07-22,2399,映泰,12094,60,128
2026-07-22,2401,凌陽,8278,-212,226
2026-07-22,2402,毅嘉,13773,95,41
2026-07-22,2404,漢唐,2315,-35,4
2026-07-22,2405,輔信,8079,-96,15
2026-07-22,2406,國碩,13352,-169,481
2026-07-22,2408,南亞科,87812,-1236,1396
2026-07-22,2409,友達,215371,3774,21855
2026-07-22,2412,中華電,2489,-339,90
2026-07-22,2413,環科,4515,-16,16
2026-07-22,2414,精技,575,31,0
2026-07-22,2415,錩新,2389,10,5
2026-07-22,2417,圓剛,3729,-48,6
2026-07-22,2419,仲琦,6606,-27,4
2026-07-22,2420,新巨,1175,-10,2
2026-07-22,2421,建準,5349,-32,29
2026-07-22,2423,固緯,658,17,0
2026-07-22,2424,隴華,0,0,0
2026-07-22,2425,承啟,4661,595,41
2026-07-22,2426,鼎元,13238,248,136
2026-07-22,2427,三商電,5472,6,21
2026-07-22,2428,興勤,2452,-49,19
2026-07-22,2429,銘旺科,1990,-216,0
2026-07-22,2430,燦坤,82,0,7
2026-07-22,2431,聯昌,1647,-1,0
2026-07-22,2432,倚天酷碁-創,324,0,0
2026-07-22,2433,互盛電,26,0,0
2026-07-22,2434,統懋,401,-17,96
2026-07-22,2436,偉詮電,6379,30,478
2026-07-22,2438,翔耀,0,0,0
2026-07-22,2439,美律,3610,-13,133
2026-07-22,2440,太空梭,1610,-8,0
2026-07-22,2441,超豐,8583,27,207
2026-07-22,2442,新美齊,4115,-7,0
2026-07-22,2444,兆勁,0,0,0
2026-07-22,2449,京元電子,19749,-390,0
2026-07-22,2450,神腦,75,0,0
2026-07-22,2451,創見,5503,-130,56
2026-07-22,2453,凌群,2449,-21,3
2026-07-22,2454,聯發科,9818,270,27
2026-07-22,2455,全新,9285,518,285
2026-07-22,2457,飛宏,15278,20,39
2026-07-22,2458,義隆,3550,-5,97
2026-07-22,2459,敦吉,100,0,0
2026-07-22,2460,建通,293,0,0
2026-07-22,2461,光群雷,8733,-42,0
2026-07-22,2462,良得電,2549,4,0
2026-07-22,2464,盟立,13319,308,739
2026-07-22,2465,麗臺,3394,33,82
2026-07-22,2466,冠西電,5996,-85,429
2026-07-22,2467,志聖,1985,-47,34
2026-07-22,2468,華經,3399,-12,5
2026-07-22,2471,資通,1303,-6,21
2026-07-22,2472,立隆電,6187,150,29
2026-07-22,2474,可成,9882,-209,9
2026-07-22,2476,鉅祥,39816,-86,15
2026-07-22,2477,美隆電,1139,-6,45
2026-07-22,2478,大毅,7868,-254,43
2026-07-22,2480,敦陽科,350,1,0
2026-07-22,2481,強茂,12966,1143,630
2026-07-22,2482,連宇,1770,-45,9
2026-07-22,2483,百容,1885,-40,25
2026-07-22,2484,希華,16725,138,604
2026-07-22,2485,兆赫,13710,121,271
2026-07-22,2486,一詮,23413,-185,184
2026-07-22,2488,漢平,466,0,0
2026-07-22,2489,瑞軒,34265,83,229
2026-07-22,2491,吉祥全,2308,36,11
2026-07-22,2492,華新科,9611,1,161
2026-07-22,2493,揚博,8995,-119,22
2026-07-22,2495,普安,8856,-31,0
2026-07-22,2496,卓越,45,0,0
2026-07-22,2497,怡利電,3544,34,0
2026-07-22,2498,宏達電,29427,-102,789
2026-07-22,2501,國建,4531,21,2
2026-07-22,2504,國產,4629,170,0
2026-07-22,2505,國揚,3398,31,0
2026-07-22,2506,太設,1850,5,1
2026-07-22,2509,全坤建,548,0,1
2026-07-22,2511,太子,3272,12,0
2026-07-22,2514,龍邦,18087,0,0
2026-07-22,2515,中工,26248,167,43
2026-07-22,2516,新建,0,0,0
2026-07-22,2520,冠德,2462,-524,10
2026-07-22,2524,京城,3193,1,0
2026-07-22,2527,宏璟,4773,256,17
2026-07-22,2528,皇普,6491,-81,0
2026-07-22,2530,華建,6734,12,5
2026-07-22,2534,宏盛,12008,3,52
2026-07-22,2535,達欣工,296,7,8
2026-07-22,2536,宏普,6158,-113,0
2026-07-22,2537,聯上發,3782,2,1
2026-07-22,2538,基泰,2485,1,0
2026-07-22,2539,櫻花建,2128,-8,0
2026-07-22,2540,愛山林,2731,-3,7
2026-07-22,2542,興富發,5659,-43,789
2026-07-22,2543,皇昌,10754,61,33
2026-07-22,2545,皇翔,2769,3,0
2026-07-22,2546,根基,70,5,0
2026-07-22,2547,日勝生,9584,23,0
2026-07-22,2548,華固,2167,-117,4
2026-07-22,2597,潤弘,167,6,0
2026-07-22,2601,益航,409,-1,0
2026-07-22,2603,長榮,15265,-248,254
2026-07-22,2605,新興,12307,-275,15
2026-07-22,2606,裕民,2951,-303,9
2026-07-22,2607,榮運,834,-1,1
2026-07-22,2608,嘉里大榮,1408,-5,1
2026-07-22,2609,陽明,33696,-290,317
2026-07-22,2610,華航,51065,540,69
2026-07-22,2611,志信,2022,-13,1
2026-07-22,2612,中航,1814,-13,0
2026-07-22,2613,中櫃,2055,-29,3
2026-07-22,2614,東森,5722,16,1
2026-07-22,2615,萬海,17260,-368,261
2026-07-22,2616,山隆,497,5,2
2026-07-22,2617,台航,2307,-75,5
2026-07-22,2618,長榮航,28114,-90,415
2026-07-22,2630,亞航,6517,-408,707
2026-07-22,2633,台灣高鐵,1760,-11,99
2026-07-22,2634,漢翔,29699,3413,1615
2026-07-22,2636,台驊控股,628,-24,21
2026-07-22,2637,慧洋-KY,2507,120,45
2026-07-22,2642,宅配通,596,11,3
2026-07-22,2645,長榮航太,3132,-342,21
2026-07-22,2646,星宇航空,3780,122,28
2026-07-22,2701,萬企,380,7,0
2026-07-22,2702,華園,419,0,0
2026-07-22,2704,國賓,110,-4,0
2026-07-22,2705,六福,572,0,0
2026-07-22,2706,第一店,805,8,0
2026-07-22,2707,晶華,123,1,0
2026-07-22,2712,遠雄來,7,0,0
2026-07-22,2722,夏都,340,9,0
2026-07-22,2723,美食-KY,1713,9,1
2026-07-22,2727,王品,399,-6,1
2026-07-22,2731,雄獅,979,-4,9
2026-07-22,2739,寒舍,849,2,0
2026-07-22,2748,雲品,658,16,0
2026-07-22,2753,八方雲集,528,2,2
2026-07-22,2762,世界健身-KY,173,3,0
2026-07-22,2801,彰銀,6397,-425,64
2026-07-22,2812,台中銀,4601,-364,2
2026-07-22,2816,旺旺保,542,0,1
2026-07-22,2820,華票,680,46,1
2026-07-22,2832,台產,535,15,0
2026-07-22,2834,臺企銀,7212,298,32
2026-07-22,2836,高雄銀,5809,-87,0
2026-07-22,2838,聯邦銀,744,21,7
2026-07-22,2845,遠東銀,4089,349,37
2026-07-22,2849,安泰銀,174,33,0
2026-07-22,2850,新產,243,0,0
2026-07-22,2851,中再保,821,5,0
2026-07-22,2852,第一保,1321,25,0
2026-07-22,2855,統一證,6963,253,109
2026-07-22,2867,三商壽,2974,30,20
2026-07-22,2880,華南金,511,12,86
2026-07-22,2881,富邦金,6568,-554,162
2026-07-22,2882,國泰金,5151,279,194
2026-07-22,2883,凱基金,14620,-1738,116
2026-07-22,2884,玉山金,5519,-422,192
2026-07-22,2885,元大金,3390,-59,19
2026-07-22,2886,兆豐金,545,-59,52
2026-07-22,2887,台新新光金,42725,-43,104
2026-07-22,2889,國票金,2508,84,20
2026-07-22,2890,永豐金,2703,153,0
2026-07-22,2891,中信金,4076,-192,15
2026-07-22,2892,第一金,2250,34,10
2026-07-22,2897,王道銀行,2022,-404,0
2026-07-22,2901,欣欣,478,-5,0
2026-07-22,2903,遠百,1295,24,0
2026-07-22,2904,匯僑,35,1,0
2026-07-22,2905,三商,7810,-108,1
2026-07-22,2906,高林,709,27,0
2026-07-22,2908,特力,14200,45,0
2026-07-22,2910,統領,35,15,0
2026-07-22,2911,麗嬰房,150,0,0
2026-07-22,2912,統一超,565,26,0
2026-07-22,2913,農林,7173,93,5
2026-07-22,2915,潤泰全,8608,20,10
2026-07-22,2929,淘帝-KY,2006,0,0
2026-07-22,2939,永邑-KY,256,1,0
2026-07-22,3002,歐格,1997,-8,0
2026-07-22,3003,健和興,3474,-13,8
2026-07-22,3004,豐達科,1973,27,7
2026-07-22,3005,神基,8632,-95,59
2026-07-22,3006,晶豪科,18051,-83,560
2026-07-22,3008,大立光,1890,31,10
2026-07-22,3010,華立,1273,8,8
2026-07-22,3011,今皓,2646,4,40
2026-07-22,3013,晟銘電,9922,-9,44
2026-07-22,3014,聯陽,2315,-28,57
2026-07-22,3015,全漢,2596,66,1
2026-07-22,3016,嘉晶,8123,-12,186
2026-07-22,3017,奇鋐,4755,108,31
2026-07-22,3018,隆銘綠能,0,0,0
2026-07-22,3019,亞光,11785,-90,50
2026-07-22,3021,鴻名,633,-2,1
2026-07-22,3022,威強電,6002,188,16
2026-07-22,3023,信邦,1268,2,13
2026-07-22,3024,憶聲,8259,670,81
2026-07-22,3025,星通,1717,12,0
2026-07-22,3026,禾伸堂,9611,-324,229
2026-07-22,3027,盛達,4708,-21,1
2026-07-22,3028,增你強,3448,60,48
2026-07-22,3029,零壹,3361,51,25
2026-07-22,3030,德律,10988,54,31
2026-07-22,3031,佰鴻,7144,-8,4
2026-07-22,3032,偉訓,8091,20,19
2026-07-22,3033,威健,10793,-253,367
2026-07-22,3034,聯詠,2579,-253,14
2026-07-22,3035,智原,11351,-2,167
2026-07-22,3036,文曄,14719,240,405
2026-07-22,3037,欣興,40136,-220,411
2026-07-22,3038,全台,1182,9,0
2026-07-22,3040,遠見,11932,-11,19
2026-07-22,3041,揚智,3812,64,7
2026-07-22,3042,晶技,13148,712,112
2026-07-22,3043,科風,987,-4,0
2026-07-22,3044,健鼎,6075,-59,6
2026-07-22,3045,台灣大,409,106,64
2026-07-22,3046,建碁,967,-1,7
2026-07-22,3047,訊舟,6781,-36,11
2026-07-22,3048,益登,6299,-5,41
2026-07-22,3049,精金,0,0,0
2026-07-22,3050,鈺德,3292,0,0
2026-07-22,3051,力特,4278,16,2
2026-07-22,3052,夆典,1760,-1,0
2026-07-22,3054,立萬利,997,-2,0
2026-07-22,3055,蔚華科,6389,-113,26
2026-07-22,3056,富華新,3815,15,0
2026-07-22,3057,喬鼎,0,0,0
2026-07-22,3058,立德,0,0,0
2026-07-22,3059,華晶科,11831,89,39
2026-07-22,3060,銘異,9363,175,16
2026-07-22,3062,建漢,11556,23,70
2026-07-22,3090,日電貿,4568,-172,80
2026-07-22,3092,鴻碩,3702,13,1
2026-07-22,3094,聯傑,2858,55,89
2026-07-22,3130,一零四,10,0,0
2026-07-22,3135,凌航,2256,3,125
2026-07-22,3138,耀登,2425,-21,0
2026-07-22,3149,正達,21821,-155,3933
2026-07-22,3150,鈺寶-創,259,-1,0
2026-07-22,3164,景岳,284,-1,0
2026-07-22,3167,大量,12031,25,65
2026-07-22,3168,眾福科,38,0,0
2026-07-22,3189,景碩,19549,2077,308
2026-07-22,3209,全科,5834,-24,48
2026-07-22,3229,晟鈦,0,0,0
2026-07-22,3231,緯創,53963,2601,416
2026-07-22,3257,虹冠電,2858,25,4
2026-07-22,3266,昇陽,356,-12,0
2026-07-22,3296,勝德,1838,4,2
2026-07-22,3305,昇貿,7275,8,11
2026-07-22,3308,聯德,685,0,0
2026-07-22,3311,閎暉,2649,13,1
2026-07-22,3312,弘憶股,5335,4,47
2026-07-22,3321,同泰,0,0,0
2026-07-22,3338,泰碩,3836,-44,23
2026-07-22,3346,麗清,2962,13,1
2026-07-22,3356,奇偶,1856,7,1
2026-07-22,3376,新日興,12650,-95,105
2026-07-22,3380,明泰,5505,54,5
2026-07-22,3406,玉晶光,2666,15,37
2026-07-22,3413,京鼎,5175,-475,17
2026-07-22,3416,融程電,1043,-44,13
2026-07-22,3419,譁裕,1092,0,0
2026-07-22,3432,台端,0,0,0
2026-07-22,3437,榮創,3093,17,19
2026-07-22,3443,創意,4529,288,25
2026-07-22,3447,展達,2338,7,21
2026-07-22,3450,聯鈞,18109,113,129
2026-07-22,3481,群創,388506,4150,7222
2026-07-22,3494,誠研,0,0,0
2026-07-22,3501,維熹,1176,-1,0
2026-07-22,3504,揚明光,2804,-68,38
2026-07-22,3515,華擎,1689,-6,1
2026-07-22,3518,柏騰,4053,9,31
2026-07-22,3528,安馳,2274,87,0
2026-07-22,3530,晶相光,1313,-8,0
2026-07-22,3532,台勝科,9124,-2,745
2026-07-22,3533,嘉澤,601,23,1
2026-07-22,3535,晶彩科,5716,-19,47
2026-07-22,3543,州巧,4716,-94,0
2026-07-22,3545,敦泰,4471,-7,41
2026-07-22,3550,聯穎,13875,73,13
2026-07-22,3557,嘉威,422,0,0
2026-07-22,3563,牧德,5266,135,2
2026-07-22,3576,聯合再生,0,0,0
2026-07-22,3583,辛耘,2088,-6,9
2026-07-22,3588,通嘉,1737,0,1
2026-07-22,3591,艾笛森,26152,-80,18
2026-07-22,3592,瑞鼎,948,9,1
2026-07-22,3593,力銘,0,0,0
2026-07-22,3596,智易,1393,19,25
2026-07-22,3605,宏致,9026,773,124
2026-07-22,3607,谷崧,1866,19,0
2026-07-22,3617,碩天,1978,-10,5
2026-07-22,3622,洋華,1875,22,0
2026-07-22,3645,達邁,5963,99,12
2026-07-22,3652,精聯,568,37,0
2026-07-22,3653,健策,2462,21,2
2026-07-22,3661,世芯-KY,5852,-19,46
2026-07-22,3665,貿聯-KY,3009,-90,23
2026-07-22,3669,圓展,921,21,1
2026-07-22,3673,TPK-KY,16234,-26,64
2026-07-22,3679,新至陞,119,-1,0
2026-07-22,3686,達能,0,0,0
2026-07-22,3694,海華,7171,-7,0
2026-07-22,3701,大眾控,6746,29,48
2026-07-22,3702,大聯大,6706,15,1672
2026-07-22,3703,欣陸,1404,20,0
2026-07-22,3704,合勤控,5833,-214,62
2026-07-22,3705,永信,378,-1,0
2026-07-22,3706,神達,32080,129,200
2026-07-22,3708,上緯投控,2989,-23,14
2026-07-22,3711,日月光投控,11558,-78,111
2026-07-22,3712,永崴投控,2839,-66,23
2026-07-22,3714,富采,27813,-112,65
2026-07-22,3715,定穎投控,22608,18,383
2026-07-22,3716,中化控股,500,-2,0
2026-07-22,3717,聯嘉投控,9609,-256,162
2026-07-22,4104,佳醫,81,-1,0
2026-07-22,4106,雃博,676,-3,0
2026-07-22,4108,懷特,0,0,0
2026-07-22,4119,旭富,588,-2,0
2026-07-22,4133,亞諾法,1172,-53,7
2026-07-22,4137,麗豐-KY,1080,3,0
2026-07-22,4142,國光生,6534,-10,2
2026-07-22,4148,全宇生技-KY,399,0,0
2026-07-22,4155,訊映,903,-7,1
2026-07-22,4164,承業醫,6918,13,0
2026-07-22,4190,佐登-KY,298,0,0
2026-07-22,4306,炎洲,4664,6,0
2026-07-22,4414,如興,749,6,0
2026-07-22,4426,利勤,920,16,0
2026-07-22,4438,廣越,987,6,0
2026-07-22,4439,冠星-KY,244,-1,5
2026-07-22,4440,宜新實業,153,0,0
2026-07-22,4441,振大環球,157,4,1
2026-07-22,4526,東台,6664,2,3
2026-07-22,4532,瑞智,2625,-14,2
2026-07-22,4536,拓凱,661,3,3
2026-07-22,4540,全球傳動,4172,53,90
2026-07-22,4545,銘鈺,1292,-1,0
2026-07-22,4551,智伸科,3175,69,64
2026-07-22,4552,力達-KY,2102,-1,12
2026-07-22,4555,氣立,2844,-14,29
2026-07-22,4557,永新-KY,334,-2,0
2026-07-22,4560,強信-KY,290,16,0
2026-07-22,4562,穎漢,2013,-4,36
2026-07-22,4564,元翎,11269,12,117
2026-07-22,4566,時碩工業,3967,-166,30
2026-07-22,4569,六方科-KY,732,6,0
2026-07-22,4571,鈞興-KY,1046,-16,0
2026-07-22,4572,駐龍,321,4,1
2026-07-22,4576,大銀微系統,2443,-13,17
2026-07-22,4581,光隆精密-KY,31,1,0
2026-07-22,4583,台灣精銳,3598,4,4
2026-07-22,4585,達明,662,16,59
2026-07-22,4588,玖鼎電力,431,0,0
2026-07-22,4720,德淵,3716,75,2
2026-07-22,4722,國精化,12098,33,110
2026-07-22,4736,泰博,217,4,0
2026-07-22,4737,華廣,1544,11,0
2026-07-22,4739,康普,9804,29,87
2026-07-22,4746,台耀,2080,-85,0
2026-07-22,4755,三福化,1226,9,2
2026-07-22,4763,材料*-KY,42583,-1603,107
2026-07-22,4764,雙鍵,6031,-46,0
2026-07-22,4766,南寶,1198,8,0
2026-07-22,4770,上品,1065,3,13
2026-07-22,4771,望隼,549,-10,0
2026-07-22,4807,日成-KY,1361,-76,3
2026-07-22,4904,遠傳,201,-177,4
2026-07-22,4906,正文,30216,-9,103
2026-07-22,4912,聯德控股-KY,3670,-14,2
2026-07-22,4915,致伸,3837,9,38
2026-07-22,4916,事欣科,7714,93,125
2026-07-22,4919,新唐,15785,-153,1770
2026-07-22,4927,泰鼎-KY,28816,-203,863
2026-07-22,4930,燦星網,3774,50,0
2026-07-22,4934,太極,0,0,0
2026-07-22,4935,茂林-KY,633,1,0
2026-07-22,4938,和碩,5012,-125,33
2026-07-22,4942,嘉彰,605,-15,0
2026-07-22,4943,康控-KY,0,0,0
2026-07-22,4949,有成精密,3265,-13,48
2026-07-22,4952,凌通,1434,11,3
2026-07-22,4956,光鋐,6431,557,8
2026-07-22,4958,臻鼎-KY,28367,568,298
2026-07-22,4960,誠美材,16030,317,91
2026-07-22,4961,天鈺,1574,-13,5
2026-07-22,4967,十銓,8047,-58,108
2026-07-22,4968,立積,5849,-24,32
2026-07-22,4976,佳凌,4642,-19,56
2026-07-22,4977,眾達-KY,6637,53,8
2026-07-22,4989,榮科,18334,127,3554
2026-07-22,4994,傳奇,2299,5,2
2026-07-22,4999,鑫禾,401,0,9
2026-07-22,5007,三星,9,1,0
2026-07-22,5203,訊連,1202,-28,2
2026-07-22,5215,科嘉-KY,673,2,0
2026-07-22,5222,全訊,1911,-1,9
2026-07-22,5225,東科-KY,1436,-1,2
2026-07-22,5234,達興材料,1575,18,8
2026-07-22,5236,凌陽創新,200,-1,4
2026-07-22,5243,乙盛-KY,10553,27,12
2026-07-22,5244,弘凱,2658,-20,23
2026-07-22,5258,虹堡,3971,-35,4
2026-07-22,5269,祥碩,2106,-5,126
2026-07-22,5283,禾聯碩,92,0,0
2026-07-22,5284,jpp-KY,3864,2,8
2026-07-22,5285,界霖,5169,4,49
2026-07-22,5288,豐祥-KY,2542,35,1
2026-07-22,5292,華懋,990,-2,0
2026-07-22,5306,桂盟,563,-11,0
2026-07-22,5388,中磊,5609,-24,16
2026-07-22,5434,崇越,949,24,1
2026-07-22,5469,瀚宇博,14338,-23,54
2026-07-22,5471,松翰,4692,304,30
2026-07-22,5484,慧友,0,0,0
2026-07-22,5515,建國,1827,-54,4
2026-07-22,5519,隆大,830,-6,58
2026-07-22,5521,工信,14722,-2,3
2026-07-22,5522,遠雄,929,25,2
2026-07-22,5525,順天,364,-8,0
2026-07-22,5531,鄉林,3369,3,12
2026-07-22,5533,皇鼎,471,3,0
2026-07-22,5534,長虹,3548,-41,0
2026-07-22,5538,東明-KY,10,0,0
2026-07-22,5546,永固-KY,19,0,0
2026-07-22,5607,遠雄港,1575,43,0
2026-07-22,5608,四維航,4291,36,35
2026-07-22,5706,鳳凰,747,1,20
2026-07-22,5871,中租-KY,4058,70,7
2026-07-22,5876,上海商銀,523,-150,0
2026-07-22,5880,合庫金,1931,-3,27
2026-07-22,5906,台南-KY,26,0,0
2026-07-22,5907,大洋-KY,5429,-15,4
2026-07-22,6005,群益證,5094,-44,4
2026-07-22,6024,群益期,174,8,0
2026-07-22,6108,競國,1470,1,0
2026-07-22,6112,邁達特,3247,-2,8
2026-07-22,6115,鎰勝,91,1,0
2026-07-22,6116,彩晶,36676,-226,4719
2026-07-22,6117,迎廣,2568,3,18
2026-07-22,6120,達運,7302,6,5
2026-07-22,6128,上福,1211,9,0
2026-07-22,6133,金橋,3064,44,11
2026-07-22,6136,富爾特,2656,15,0
2026-07-22,6139,亞翔,7848,203,53
2026-07-22,6141,柏承,36,0,0
2026-07-22,6142,友勁,0,0,0
2026-07-22,6152,百一,0,0,0
2026-07-22,6153,嘉聯益,14279,-23,29
2026-07-22,6155,鈞寶,3399,27,12
2026-07-22,6164,華興,3682,36,2
2026-07-22,6165,浪凡,8194,-16,1
2026-07-22,6166,凌華,3722,412,58
2026-07-22,6168,宏齊,5221,-6,331
2026-07-22,6176,瑞儀,6893,-84,10
2026-07-22,6177,達麗,2615,-41,4
2026-07-22,6183,關貿,8,0,0
2026-07-22,6184,大豐電,495,-2,0
2026-07-22,6189,豐藝,2434,-32,4
2026-07-22,6191,精成科,21486,-22,44
2026-07-22,6192,巨路,808,0,0
2026-07-22,6196,帆宣,1606,39,19
2026-07-22,6197,佳必琪,5324,82,243
2026-07-22,6201,亞弘電,29,0,0
2026-07-22,6202,盛群,5975,160,26
2026-07-22,6205,詮欣,4525,-10,5
2026-07-22,6206,飛捷,1872,161,17
2026-07-22,6209,今國光,13367,226,75
2026-07-22,6213,聯茂,17197,885,287
2026-07-22,6214,精誠,1675,-49,1
2026-07-22,6215,和椿,5449,9,9
2026-07-22,6216,居易,700,4,10
2026-07-22,6224,聚鼎,2025,6,8
2026-07-22,6225,天瀚,0,0,0
2026-07-22,6226,光鼎,2568,950,29
2026-07-22,6230,尼得科超眾,456,0,0
2026-07-22,6235,華孚,4988,3,24
2026-07-22,6239,力成,22069,219,78
2026-07-22,6243,迅杰,1748,-178,149
2026-07-22,6257,矽格,9850,-84,26
2026-07-22,6269,台郡,10156,-4,146
2026-07-22,6271,同欣電,7307,101,28
2026-07-22,6272,驊陞,19,0,0
2026-07-22,6277,宏正,382,-24,40
2026-07-22,6278,台表科,10323,-86,75
2026-07-22,6281,全國電,48,0,0
2026-07-22,6282,康舒,29933,149,413
2026-07-22,6283,淳安,2526,-31,1
2026-07-22,6285,啟碁,15911,-76,182
2026-07-22,6405,悅城,6234,-59,45
2026-07-22,6409,旭隼,1094,20,0
2026-07-22,6412,群電,3013,30,15
2026-07-22,6414,樺漢,2555,358,860
2026-07-22,6415,矽力*-KY,4720,118,90
2026-07-22,6416,瑞祺電通,4268,338,2
2026-07-22,6426,統新,2204,22,10
2026-07-22,6431,光麗-KY,0,0,0
2026-07-22,6438,迅得,4092,-44,9
2026-07-22,6442,光聖,4044,130,16
2026-07-22,6443,元晶,12976,-41,487
2026-07-22,6446,藥華藥,8305,41,38
2026-07-22,6449,鈺邦,2239,-86,25
2026-07-22,6451,訊芯-KY,7859,62,0
2026-07-22,6456,GIS-KY,12312,-252,159
2026-07-22,6464,台數科,2,0,0
2026-07-22,6472,保瑞,3561,-27,16
2026-07-22,6477,安集,3740,-175,960
2026-07-22,6491,晶碩,544,23,1
2026-07-22,6504,南六,126,3,0
2026-07-22,6505,台塑化,16717,110,1622
2026-07-22,6515,穎崴,450,72,2
2026-07-22,6525,捷敏-KY,3472,57,16
2026-07-22,6526,達發,1535,3,2
2026-07-22,6531,愛普*,7486,-52,52
2026-07-22,6533,晶心科,2435,-116,85
2026-07-22,6534,正瀚-創,1802,2,0
2026-07-22,6541,泰福-KY,3724,6,0
2026-07-22,6550,北極星藥業-KY,0,0,0
2026-07-22,6552,易華電,1134,0,20
2026-07-22,6558,興能高,3633,3,15
2026-07-22,6573,虹揚-KY,0,0,0
2026-07-22,6579,研揚,1223,-22,12
2026-07-22,6581,鋼聯,5,0,0
2026-07-22,6582,申豐,365,0,0
2026-07-22,6585,鼎基,2498,24,108
2026-07-22,6589,台康生技,3090,-26,0
2026-07-22,6591,動力-KY,2132,-4,16
2026-07-22,6592,和潤企業,681,-4,1
2026-07-22,6598,ABC-KY,0,0,0
2026-07-22,6605,帝寶,2352,-27,0
2026-07-22,6606,建德工業,565,-7,0
2026-07-22,6614,資拓宏宇,56,0,0
2026-07-22,6625,必應,846,6,0
2026-07-22,6641,基士德-KY,101,0,1
2026-07-22,6645,金萬林-創,12,0,0
2026-07-22,6655,科定,0,0,0
2026-07-22,6657,華安,1402,-4,0
2026-07-22,6658,聯策,1617,21,10
2026-07-22,6666,羅麗芬-KY,287,3,0
2026-07-22,6668,中揚光,2844,15,9
2026-07-22,6669,緯穎,1852,209,13
2026-07-22,6670,復盛應用,402,-5,3
2026-07-22,6671,三能-KY,71,5,0
2026-07-22,6672,騰輝電子-KY,5904,-62,356
2026-07-22,6674,鋐寶科技,266,-9,0
2026-07-22,6689,伊雲谷,1415,-7,0
2026-07-22,6691,洋基工程,1527,-11,24
2026-07-22,6695,芯鼎,3754,157,36
2026-07-22,6698,旭暉應材,2422,17,0
2026-07-22,6706,惠特,8336,-23,72
2026-07-22,6715,嘉基,7007,444,1
2026-07-22,6719,力智,4351,137,20
2026-07-22,6722,輝創,0,0,0
2026-07-22,6742,澤米,2108,-29,21
2026-07-22,6743,安普新,587,11,0
2026-07-22,6753,龍德造船,5695,-378,145
2026-07-22,6754,匯僑設計,131,0,0
2026-07-22,6756,威鋒電子,690,-8,2
2026-07-22,6757,台灣虎航,3473,-8,0
2026-07-22,6768,志強-KY,1265,-7,1
2026-07-22,6770,力積電,158842,1411,3659
2026-07-22,6771,平和環保-創,80,0,0
2026-07-22,6776,展碁國際,892,-13,0
2026-07-22,6781,AES-KY,2785,7,5
2026-07-22,6782,視陽,457,0,0
2026-07-22,6789,采鈺,5807,74,39
2026-07-22,6790,永豐實,597,0,0
2026-07-22,6792,詠業,285,-4,0
2026-07-22,6794,向榮生技,261,0,0
2026-07-22,6796,晉弘,543,4,0
2026-07-22,6799,來頡,2012,-1,0
2026-07-22,6805,富世達,2525,45,10
2026-07-22,6807,峰源-KY,139,2,0
2026-07-22,6830,汎銓,3826,59,46
2026-07-22,6831,邁科,462,74,4
2026-07-22,6834,天二科技,4080,186,127
2026-07-22,6835,圓裕,821,0,4
2026-07-22,6838,台新藥,2605,0,0
2026-07-22,6854,錼創科技-KY創,3469,0,2
2026-07-22,6861,睿生光電,2175,-6,6
2026-07-22,6862,三集瑞-KY,1129,-6,9
2026-07-22,6863,永道-KY,955,-13,0
2026-07-22,6869,雲豹能源,3232,-3,81
2026-07-22,6873,泓德能源,3933,8,33
2026-07-22,6885,全福生技,2292,-5,0
2026-07-22,6887,寶綠特-KY,875,4,0
2026-07-22,6890,來億-KY,843,23,2
2026-07-22,6901,鑽石投資,6385,-25,68
2026-07-22,6902,GOGOLOOK,618,-18,0
2026-07-22,6906,現觀科,520,3,0
2026-07-22,6909,創控,1625,1,15
2026-07-22,6914,阜爾運通,329,3,0
2026-07-22,6916,華凌,394,0,0
2026-07-22,6918,愛派司,94,0,0
2026-07-22,6919,康霈*,0,0,0
2026-07-22,6923,中台,1774,-57,0
2026-07-22,6928,攸泰科技,1040,115,21
2026-07-22,6931,青松健康,123,0,0
2026-07-22,6933,AMAX-KY,800,-7,1
2026-07-22,6936,永鴻生技,242,0,0
2026-07-22,6937,天虹,1749,0,10
2026-07-22,6944,兆聯實業,701,30,0
2026-07-22,6949,沛爾生醫-創,5285,-76,4
2026-07-22,6951,青新-創,77,0,0
2026-07-22,6952,大武山,27,2,0
2026-07-22,6957,裕慶-KY,1638,0,45
2026-07-22,6958,日盛台駿,170,1,0
2026-07-22,6962,奕力-KY,8941,-37,7
2026-07-22,6965,中傑-KY,39,0,0
2026-07-22,6994,富威電力,3040,2,12
2026-07-22,7631,聚賢研發-創,0,0,0
2026-07-22,7705,三商餐飲,94,0,0
2026-07-22,7711,永擎,515,-27,0
2026-07-22,7721,微程式,1176,6,0
2026-07-22,7722,LINEPAY,733,-7,0
2026-07-22,7730,暉盛-創,688,6,3
2026-07-22,7732,金興精密,108,1,0
2026-07-22,7736,虎山,69,1,0
2026-07-22,7740,熙特爾-創,1829,-13,0
2026-07-22,7749,意騰-KY,1143,-9,0
2026-07-22,7750,新代,580,1,4
2026-07-22,7765,中華資安,472,0,0
2026-07-22,7769,鴻勁,299,9,0
2026-07-22,7780,大研生醫*,272,16,0
2026-07-22,7786,東方風能,259,3,0
2026-07-22,7788,松川精密,2066,11,0
2026-07-22,7791,皇家可口,16,0,0
2026-07-22,7795,長廣,0,0,0
2026-07-22,7799,禾榮科,1251,47,3
2026-07-22,8011,台通,3580,20,34
2026-07-22,8016,矽創,1749,17,5
2026-07-22,8021,尖點,11660,817,46
2026-07-22,8028,昇陽半導體,6197,-15,254
2026-07-22,8033,雷虎,7194,-702,995
2026-07-22,8039,台虹,24505,2219,2305
2026-07-22,8045,達運光電,5038,7,4
2026-07-22,8046,南電,11613,915,513
2026-07-22,8070,長華*,6919,-100,7
2026-07-22,8072,陞泰,1912,1,0
2026-07-22,8081,致新,1639,72,2
2026-07-22,8101,華冠,0,0,0
2026-07-22,8103,瀚荃,3578,43,5
2026-07-22,8104,錸寶,4349,-105,1
2026-07-22,8105,凌巨,8597,-399,576
2026-07-22,8110,華東,17620,3,191
2026-07-22,8112,至上,17067,-1412,1972
2026-07-22,8114,振樺電,2057,35,2
2026-07-22,8131,福懋科,6056,-361,20
2026-07-22,8150,南茂,25073,-265,361
2026-07-22,8162,微矽電子-創,1985,46,1
2026-07-22,8163,達方,2665,38,53
2026-07-22,8201,無敵,0,0,0
2026-07-22,8210,勤誠,2303,54,24
2026-07-22,8213,志超,3960,19,1
2026-07-22,8215,明基材,3400,-13,5
2026-07-22,8222,寶一,3428,39,50
2026-07-22,8249,菱光,4172,-7,18
2026-07-22,8261,富鼎,9626,-217,60
2026-07-22,8271,宇瞻,5304,119,184
2026-07-22,8341,日友,371,-2,0
2026-07-22,8367,建新國際,12,1,0
2026-07-22,8374,羅昇,1702,9,1
2026-07-22,8404,百和興業-KY,3910,0,0
2026-07-22,8411,福貞-KY,20,-2,0
2026-07-22,8422,可寧衛*,28242,162,76
2026-07-22,8429,金麗-KY,13725,1,0
2026-07-22,8438,昶昕,5111,29,2
2026-07-22,8442,威宏-KY,767,4,20
2026-07-22,8443,阿瘦,28,0,0
2026-07-22,8454,富邦媒,1490,12,54
2026-07-22,8462,柏文,1089,-3,4
2026-07-22,8463,潤泰材,121,0,0
2026-07-22,8464,億豐,68,4,0
2026-07-22,8466,美吉吉-KY,1312,0,0
2026-07-22,8467,波力-KY,253,0,0
2026-07-22,8473,山林水,2525,-18,33
2026-07-22,8476,台境*,18028,82,748
2026-07-22,8478,東哥遊艇,1137,-4,0
2026-07-22,8481,政伸,5,0,0
2026-07-22,8482,商億-KY,161,0,0
2026-07-22,8487,愛爾達-創,36,1,0
2026-07-22,8488,吉源-KY,21,0,0
2026-07-22,8499,鼎炫-KY,591,4,0
2026-07-22,8926,台汽電,7581,119,57
2026-07-22,8940,新天地,121,-5,0
2026-07-22,8996,高力,4357,143,120
2026-07-22,9802,鈺齊-KY,2413,2,6
2026-07-22,9902,台火,3483,41,1
2026-07-22,9904,寶成,26539,-320,6
2026-07-22,9905,大華,24,0,0
2026-07-22,9906,欣巴巴,424,3,4
2026-07-22,9907,統一實,4013,69,2
2026-07-22,9908,大台北,146,0,0
2026-07-22,9910,豐泰,2481,-16,2
2026-07-22,9911,櫻花,391,8,0
2026-07-22,9912,偉聯,0,0,0
2026-07-22,9914,美利達,2691,-165,117
2026-07-22,9917,中保科,166,-2,0
2026-07-22,9918,欣天然,69,0,0
2026-07-22,9919,康那香,7774,-30,10
2026-07-22,9921,巨大,2069,-184,181
2026-07-22,9924,福興,721,-2,0
2026-07-22,9925,新保,11,8,0
2026-07-22,9926,新海,15,0,0
2026-07-22,9927,泰銘,58,1,0
2026-07-22,9928,中視,457,1,0
2026-07-22,9929,秋雨,0,0,0
2026-07-22,9930,中聯資源,21,0,0
2026-07-22,9931,欣高,73,0,0
2026-07-22,9933,中鼎,4033,-2,3
2026-07-22,9934,成霖,5899,13,6
2026-07-22,9935,慶豐富,1156,42,0
2026-07-22,9937,全國,137,1,0
2026-07-22,9938,百和,3575,80,3
2026-07-22,9939,宏全,1324,52,4
2026-07-22,9940,信義,1280,2,0
2026-07-22,9941,裕融,1027,3,3
2026-07-22,9942,茂順,57,-2,0
2026-07-22,9943,好樂迪,89,-5,0
2026-07-22,9944,新麗,5515,-6,0
2026-07-22,9945,潤泰新,21131,19,10
2026-07-22,9946,三發地產,1084,11,0
2026-07-22,9955,佳龍,1320,5,0
2026-07-22,9958,世紀鋼,8808,4,0
2026-07-23,1101,台泥,33210,-5,48
2026-07-23,1102,亞泥,1650,7,0
2026-07-23,1103,嘉泥,4118,-22,0
2026-07-23,1104,環泥,1680,29,0
2026-07-23,1108,幸福,435,-7,44
2026-07-23,1109,信大,275,-1,1
2026-07-23,1110,東泥,2729,-1,0
2026-07-23,1201,味全,1496,0,0
2026-07-23,1203,味王,2,0,0
2026-07-23,1210,大成,628,-24,0
2026-07-23,1213,大飲,0,0,0
2026-07-23,1215,卜蜂,429,8,1
2026-07-23,1216,統一,446,-92,4
2026-07-23,1217,愛之味,947,4,2
2026-07-23,1218,泰山,1506,3,118
2026-07-23,1219,福壽,510,0,105
2026-07-23,1220,台榮,862,0,0
2026-07-23,1225,福懋油,6934,1,10
2026-07-23,1227,佳格,932,-12,2
2026-07-23,1229,聯華,3496,237,17
2026-07-23,1231,聯華食,247,1,0
2026-07-23,1232,大統益,241,-14,0
2026-07-23,1233,天仁,19,0,0
2026-07-23,1234,黑松,16,0,0
2026-07-23,1235,興泰,1163,-11,0
2026-07-23,1236,宏亞,182,-1,0
2026-07-23,1256,鮮活果汁-KY,326,6,7
2026-07-23,1301,台塑,26538,2716,988
2026-07-23,1303,南亞,48225,-23,1031
2026-07-23,1304,台聚,11752,261,77
2026-07-23,1305,華夏,6928,-22,0
2026-07-23,1307,三芳,1330,-1,1
2026-07-23,1308,亞聚,6946,263,5
2026-07-23,1309,台達化,8708,390,33
2026-07-23,1310,台苯,14087,85,36
2026-07-23,1312,國喬,32835,2753,260
2026-07-23,1313,聯成,11761,515,151
2026-07-23,1314,中石化,79820,1225,399
2026-07-23,1315,達新,18,0,0
2026-07-23,1316,上曜,10924,30,28
2026-07-23,1319,東陽,7045,22,16
2026-07-23,1321,大洋,7199,3,0
2026-07-23,1323,永裕,83,0,0
2026-07-23,1324,地球,1279,2,0
2026-07-23,1325,恆大,2366,175,105
2026-07-23,1326,台化,37277,279,1068
2026-07-23,1337,再生-KY,21396,18,0
2026-07-23,1338,廣華-KY,3912,1,0
2026-07-23,1339,昭輝,885,-2,0
2026-07-23,1340,勝悅-KY,993,-5,0
2026-07-23,1342,八貫,625,5,0
2026-07-23,1402,遠東新,7130,-24,75
2026-07-23,1409,新纖,24699,115,138
2026-07-23,1410,南染,307,1,0
2026-07-23,1413,宏洲,0,0,0
2026-07-23,1414,東和,1181,-20,0
2026-07-23,1416,廣豐,3339,16,0
2026-07-23,1417,嘉裕,1935,22,0
2026-07-23,1418,東華,788,26,0
2026-07-23,1419,新紡,1252,5,0
2026-07-23,1423,利華,87,0,0
2026-07-23,1432,大魯閣,155,0,38
2026-07-23,1434,福懋,9218,766,50
2026-07-23,1435,中福,0,0,0
2026-07-23,1436,華友聯,995,-19,33
2026-07-23,1437,勤益控,2394,0,0
2026-07-23,1438,三地開發,135,0,0
2026-07-23,1439,雋揚,1044,-7,0
2026-07-23,1440,南紡,5464,10,3
2026-07-23,1441,大東,0,0,0
2026-07-23,1442,名軒,2860,3,8
2026-07-23,1443,立益物流,31,0,0
2026-07-23,1444,力麗,569,0,0
2026-07-23,1445,大宇,1370,-7,11
2026-07-23,1446,宏和,1638,10,0
2026-07-23,1447,力鵬,811,0,0
2026-07-23,1449,佳和,3139,3,0
2026-07-23,1451,年興,761,0,0
2026-07-23,1452,宏益,109,0,0
2026-07-23,1453,大將,1044,1,1
2026-07-23,1454,台富,2168,0,0
2026-07-23,1455,集盛,3196,2,0
2026-07-23,1456,怡華,809,1,0
2026-07-23,1457,宜進,709,-2,1
2026-07-23,1459,聯發,437,0,0
2026-07-23,1460,宏遠,0,0,0
2026-07-23,1463,強盛新,459,7,0
2026-07-23,1464,得力,2133,19,0
2026-07-23,1465,偉全,3295,-1,0
2026-07-23,1466,聚隆,2812,-30,24
2026-07-23,1467,南緯,6701,-151,16
2026-07-23,1468,昶和,0,0,0
2026-07-23,1470,大統新創,6,0,0
2026-07-23,1471,首利,0,0,0
2026-07-23,1472,三洋實業,3893,-5,2
2026-07-23,1473,台南,844,-1,0
2026-07-23,1474,弘裕,3381,13,0
2026-07-23,1475,業旺,459,2,0
2026-07-23,1476,儒鴻,847,-96,15
2026-07-23,1477,聚陽,1603,-18,3
2026-07-23,1503,士電,3017,-63,23
2026-07-23,1504,東元,30598,-225,103
2026-07-23,1506,正道,0,0,0
2026-07-23,1512,瑞利,0,0,0
2026-07-23,1513,中興電,7919,12,19
2026-07-23,1514,亞力,6679,24,32
2026-07-23,1515,力山,3236,-138,366
2026-07-23,1516,川飛,2,0,0
2026-07-23,1517,利奇,2017,21,3
2026-07-23,1519,華城,3278,-17,10
2026-07-23,1521,大億,447,0,0
2026-07-23,1522,堤維西,4401,25,0
2026-07-23,1524,耿鼎,4234,7,15
2026-07-23,1525,江申,232,0,0
2026-07-23,1526,日馳,759,-48,20
2026-07-23,1527,鑽全,561,0,0
2026-07-23,1528,恩德,6827,13,65
2026-07-23,1529,樂事綠能,2994,-1,480
2026-07-23,1530,亞崴,291,-2,0
2026-07-23,1531,高林股,1689,7,1
2026-07-23,1532,勤美,2770,-2,0
2026-07-23,1533,車王電,464,-16,9
2026-07-23,1535,中宇,63,1,0
2026-07-23,1536,和大,8395,7,180
2026-07-23,1537,廣隆,57,0,0
2026-07-23,1538,正峰,0,0,0
2026-07-23,1539,巨庭,1371,-2,0
2026-07-23,1540,喬福,1645,-48,0
2026-07-23,1541,錩泰,111,-1,0
2026-07-23,1558,伸興,253,5,0
2026-07-23,1560,中砂,1554,-30,41
2026-07-23,1563,巧新,7650,34,2
2026-07-23,1568,倉佑,2426,-12,0
2026-07-23,1582,信錦,4212,-49,9
2026-07-23,1583,程泰,66,-1,0
2026-07-23,1587,吉茂,1931,-10,23
2026-07-23,1589,永冠-KY,793,0,0
2026-07-23,1590,亞德客-KY,139,30,0
2026-07-23,1597,直得,2996,225,27
2026-07-23,1598,岱宇,2091,-1,0
2026-07-23,1603,華電,2116,-107,10
2026-07-23,1604,聲寶,228,7,0
2026-07-23,1605,華新,51835,-198,601
2026-07-23,1608,華榮,8454,85,0
2026-07-23,1609,大亞,13293,15,27
2026-07-23,1611,中電,3299,1,4
2026-07-23,1612,宏泰,1891,10,55
2026-07-23,1614,三洋電,343,0,0
2026-07-23,1615,大山,157,-1,0
2026-07-23,1616,億泰,3229,10,1
2026-07-23,1617,榮星,1933,-94,0
2026-07-23,1618,合機,3546,9,35
2026-07-23,1626,艾美特-KY,1660,2,0
2026-07-23,1702,南僑,301,0,0
2026-07-23,1707,葡萄王,350,-22,20
2026-07-23,1708,東鹼,7618,62,76
2026-07-23,1709,和益,17249,-206,19
2026-07-23,1710,東聯,13704,-152,509
2026-07-23,1711,永光,18499,-133,80
2026-07-23,1712,興農,477,-1,0
2026-07-23,1713,國化,2947,-9,1
2026-07-23,1714,和桐,16744,-87,96
2026-07-23,1717,長興,20531,-207,298
2026-07-23,1718,中纖,18244,-238,341
2026-07-23,1720,生達,325,-24,0
2026-07-23,1721,三晃,126,0,0
2026-07-23,1722,台肥,2708,-20,3
2026-07-23,1723,中碳,686,51,1
2026-07-23,1725,元禎,288,0,0
2026-07-23,1726,永記,25,0,0
2026-07-23,1727,中華化,7709,-11,131
2026-07-23,1730,花仙子,4,0,0
2026-07-23,1731,美吾華,318,0,0
2026-07-23,1732,毛寶,775,133,3
2026-07-23,1733,五鼎,2620,-1,1
2026-07-23,1734,杏輝,384,10,0
2026-07-23,1735,日勝化,759,-1,0
2026-07-23,1736,喬山,1857,-253,2
2026-07-23,1737,臺鹽,22,0,0
2026-07-23,1752,南光,329,2,0
2026-07-23,1760,寶齡富錦,1066,20,0
2026-07-23,1762,中化生,733,3,2
2026-07-23,1773,勝一,1138,-54,1
2026-07-23,1776,展宇,881,1,1
2026-07-23,1783,和康生,572,3,0
2026-07-23,1786,科妍,5039,-3,11
2026-07-23,1789,神隆,3252,2,0
2026-07-23,1795,美時,9030,45,38
2026-07-23,1802,台玻,46512,11,697
2026-07-23,1805,寶徠,1426,19,0
2026-07-23,1806,冠軍,2944,-3,0
2026-07-23,1808,潤隆,5764,-1,0
2026-07-23,1809,中釉,6162,11,3
2026-07-23,1810,和成,24591,963,3635
2026-07-23,1817,凱撒衛,17,0,0
2026-07-23,1903,士紙,2506,-22,5
2026-07-23,1904,正隆,4600,63,20
2026-07-23,1905,華紙,12726,134,338
2026-07-23,1906,寶隆,7262,0,0
2026-07-23,1907,永豐餘,24222,-2,1
2026-07-23,1909,榮成,10189,79,23
2026-07-23,2002,中鋼,44402,848,0
2026-07-23,2006,東和鋼鐵,1058,21,1
2026-07-23,2007,燁興,5,0,0
2026-07-23,2008,高興昌,122,0,0
2026-07-23,2009,第一銅,6619,67,0
2026-07-23,2010,春源,2083,40,5
2026-07-23,2012,春雨,196,3,0
2026-07-23,2013,中鋼構,1409,-2,0
2026-07-23,2014,中鴻,1716,0,0
2026-07-23,2015,豐興,35,-1,0
2026-07-23,2017,官田鋼,8165,-1,0
2026-07-23,2020,美亞,791,0,0
2026-07-23,2022,聚亨,1073,-5,1
2026-07-23,2023,燁輝,2576,18,40
2026-07-23,2024,志聯,65,0,0
2026-07-23,2025,千興,0,0,0
2026-07-23,2027,大成鋼,24466,9,237
2026-07-23,2028,威致,1189,0,0
2026-07-23,2029,盛餘,397,4,0
2026-07-23,2030,彰源,4366,35,0
2026-07-23,2031,新光鋼,1134,110,6
2026-07-23,2032,新鋼,2771,17,0
2026-07-23,2033,佳大,2730,7,5
2026-07-23,2034,允強,3662,6,0
2026-07-23,2038,海光,3634,1,0
2026-07-23,2049,上銀,3442,-61,32
2026-07-23,2059,川湖,454,-14,2
2026-07-23,2062,橋椿,1380,5,2
2026-07-23,2069,運錩,412,0,0
2026-07-23,2101,南港,22111,-48,15
2026-07-23,2102,泰豐,3834,10,2
2026-07-23,2103,台橡,15988,-172,114
2026-07-23,2104,國際中橡,19492,6,46
2026-07-23,2105,正新,9197,30,21
2026-07-23,2106,建大,2909,25,0
2026-07-23,2107,厚生,97,-8,0
2026-07-23,2108,南帝,2828,22,38
2026-07-23,2109,華豐,691,40,0
2026-07-23,2114,鑫永銓,10,4,0
2026-07-23,2115,六暉-KY,561,-1,3
2026-07-23,2201,裕隆,10186,-27,7
2026-07-23,2204,中華,1239,38,4
2026-07-23,2206,三陽工業,4447,-31,29
2026-07-23,2207,和泰車,65,-2,0
2026-07-23,2208,台船,0,0,0
2026-07-23,2211,長榮鋼,465,-5,5
2026-07-23,2228,劍麟,1679,-2,0
2026-07-23,2231,為升,2771,-65,176
2026-07-23,2233,宇隆,5381,6,6
2026-07-23,2236,百達-KY,11478,33,7
2026-07-23,2239,英利-KY,1547,-9,0
2026-07-23,2241,艾姆勒,7525,-445,3
2026-07-23,2243,宏旭-KY,1497,0,13
2026-07-23,2247,汎德永業,131,9,1
2026-07-23,2248,華勝-KY,562,22,0
2026-07-23,2250,IKKA-KY,1280,-7,2
2026-07-23,2254,巨鎧精密-創,2520,2,0
2026-07-23,2301,光寶科,16571,-817,289
2026-07-23,2302,麗正,3880,12,68
2026-07-23,2303,聯電,221960,-481,933
2026-07-23,2305,全友,6935,249,145
2026-07-23,2308,台達電,7696,-35,47
2026-07-23,2312,金寶,47796,-206,1336
2026-07-23,2313,華通,41048,-1341,5842
2026-07-23,2314,台揚,0,0,0
2026-07-23,2316,楠梓電,3848,-69,20
2026-07-23,2317,鴻海,54448,-243,368
2026-07-23,2321,東訊,0,0,0
2026-07-23,2323,中環,29211,-136,48
2026-07-23,2324,仁寶,58120,-199,877
2026-07-23,2327,國巨*,42553,-429,386
2026-07-23,2328,廣宇,18372,-69,42
2026-07-23,2329,華泰,16151,174,341
2026-07-23,2330,台積電,31932,4,82
2026-07-23,2331,精英,10268,78,17
2026-07-23,2332,友訊,24995,-781,1123
2026-07-23,2337,旺宏,91002,-1873,3289
2026-07-23,2338,光罩,6353,-6,15
2026-07-23,2340,台亞,9288,11,52
2026-07-23,2342,茂矽,4720,9,48
2026-07-23,2344,華邦電,142437,-1518,2567
2026-07-23,2345,智邦,1477,64,9
2026-07-23,2347,聯強,601,-6,4
2026-07-23,2348,海悅,2528,3,3
2026-07-23,2349,錸德,0,0,0
2026-07-23,2351,順德,14151,-108,39
2026-07-23,2352,佳世達,16527,262,2
2026-07-23,2353,宏碁,40490,177,2314
2026-07-23,2354,鴻準,25399,-169,24
2026-07-23,2355,敬鵬,10683,-36,30
2026-07-23,2356,英業達,29771,235,271
2026-07-23,2357,華碩,2179,-84,18
2026-07-23,2359,所羅門,7157,56,59
2026-07-23,2360,致茂,1365,225,7
2026-07-23,2362,藍天,2334,-15,6
2026-07-23,2363,矽統,18379,177,164
2026-07-23,2364,倫飛,725,4,0
2026-07-23,2365,昆盈,9093,35,60
2026-07-23,2367,燿華,31235,-31,823
2026-07-23,2368,金像電,4979,122,264
2026-07-23,2369,菱生,14442,341,169
2026-07-23,2371,大同,50716,-192,344
2026-07-23,2373,震旦行,45,0,0
2026-07-23,2374,佳能,18142,-26,58
2026-07-23,2375,凱美,6482,-124,135
2026-07-23,2376,技嘉,7117,-136,492
2026-07-23,2377,微星,14655,752,410
2026-07-23,2379,瑞昱,2752,-44,31
2026-07-23,2380,虹光,0,0,0
2026-07-23,2382,廣達,14058,328,38
2026-07-23,2383,台光電,1693,-28,54
2026-07-23,2385,群光,3387,8,20
2026-07-23,2387,精元,1332,5,0
2026-07-23,2388,威盛,11256,-85,205
2026-07-23,2390,云辰,1947,1,2
2026-07-23,2392,正崴,4681,-27,9
2026-07-23,2393,億光,2766,0,12
2026-07-23,2395,研華,2187,4,17
2026-07-23,2397,友通,1649,-4,0
2026-07-23,2399,映泰,11975,-119,138
2026-07-23,2401,凌陽,8602,324,139
2026-07-23,2402,毅嘉,13760,-13,0
2026-07-23,2404,漢唐,2317,2,3
2026-07-23,2405,輔信,8086,7,15
2026-07-23,2406,國碩,13562,210,456
2026-07-23,2408,南亞科,90111,2299,1010
2026-07-23,2409,友達,214620,-751,20327
2026-07-23,2412,中華電,2519,30,87
2026-07-23,2413,環科,4510,-5,20
2026-07-23,2414,精技,570,-5,19
2026-07-23,2415,錩新,2421,32,5
2026-07-23,2417,圓剛,3705,-24,6
2026-07-23,2419,仲琦,6597,-9,3
2026-07-23,2420,新巨,1176,1,2
2026-07-23,2421,建準,5329,-20,34
2026-07-23,2423,固緯,657,-1,0
2026-07-23,2424,隴華,0,0,0
2026-07-23,2425,承啟,4677,16,69
2026-07-23,2426,鼎元,14032,794,196
2026-07-23,2427,三商電,5431,-41,19
2026-07-23,2428,興勤,2460,8,20
2026-07-23,2429,銘旺科,1864,-126,0
2026-07-23,2430,燦坤,97,15,7
2026-07-23,2431,聯昌,1646,-1,0
2026-07-23,2432,倚天酷碁-創,324,0,0
2026-07-23,2433,互盛電,26,0,0
2026-07-23,2434,統懋,381,-20,76
2026-07-23,2436,偉詮電,6344,-35,638
2026-07-23,2438,翔耀,0,0,0
2026-07-23,2439,美律,3582,-28,132
2026-07-23,2440,太空梭,1587,-23,0
2026-07-23,2441,超豐,8551,-32,215
2026-07-23,2442,新美齊,4101,-14,0
2026-07-23,2444,兆勁,0,0,0
2026-07-23,2449,京元電子,20134,385,0
2026-07-23,2450,神腦,76,1,0
2026-07-23,2451,創見,5739,236,55
2026-07-23,2453,凌群,2458,9,2
2026-07-23,2454,聯發科,9665,-153,31
2026-07-23,2455,全新,9489,204,405
2026-07-23,2457,飛宏,15289,11,43
2026-07-23,2458,義隆,3503,-47,94
2026-07-23,2459,敦吉,100,0,0
2026-07-23,2460,建通,293,0,0
2026-07-23,2461,光群雷,8546,-187,0
2026-07-23,2462,良得電,2543,-6,0
2026-07-23,2464,盟立,13335,16,727
2026-07-23,2465,麗臺,3423,29,82
2026-07-23,2466,冠西電,5874,-122,528
2026-07-23,2467,志聖,1967,-18,41
2026-07-23,2468,華經,3397,-2,5
2026-07-23,2471,資通,1309,6,21
2026-07-23,2472,立隆電,6181,-6,35
2026-07-23,2474,可成,9814,-68,8
2026-07-23,2476,鉅祥,39960,144,19
2026-07-23,2477,美隆電,1139,0,45
2026-07-23,2478,大毅,8259,391,30
2026-07-23,2480,敦陽科,349,-1,0
2026-07-23,2481,強茂,13268,302,601
2026-07-23,2482,連宇,1785,15,0
2026-07-23,2483,百容,1801,-84,21
2026-07-23,2484,希華,16987,262,608
2026-07-23,2485,兆赫,13594,-116,239
2026-07-23,2486,一詮,23364,-49,257
2026-07-23,2488,漢平,466,0,0
2026-07-23,2489,瑞軒,34445,180,218
2026-07-23,2491,吉祥全,2308,0,11
2026-07-23,2492,華新科,9299,-312,28
2026-07-23,2493,揚博,9207,212,118
2026-07-23,2495,普安,8828,-28,0
2026-07-23,2496,卓越,45,0,0
2026-07-23,2497,怡利電,3582,38,0
2026-07-23,2498,宏達電,29554,127,787
2026-07-23,2501,國建,4519,-12,2
2026-07-23,2504,國產,4613,-16,0
2026-07-23,2505,國揚,3399,1,0
2026-07-23,2506,太設,1850,0,0
2026-07-23,2509,全坤建,548,0,1
2026-07-23,2511,太子,3241,-31,1
2026-07-23,2514,龍邦,18084,-3,0
2026-07-23,2515,中工,26208,-40,42
2026-07-23,2516,新建,0,0,0
2026-07-23,2520,冠德,2371,-91,10
2026-07-23,2524,京城,3190,-3,0
2026-07-23,2527,宏璟,4986,213,18
2026-07-23,2528,皇普,6546,55,0
2026-07-23,2530,華建,6728,-6,6
2026-07-23,2534,宏盛,12007,-1,60
2026-07-23,2535,達欣工,298,2,8
2026-07-23,2536,宏普,5449,-709,0
2026-07-23,2537,聯上發,3776,-6,1
2026-07-23,2538,基泰,2490,5,0
2026-07-23,2539,櫻花建,2110,-18,0
2026-07-23,2540,愛山林,2741,10,7
2026-07-23,2542,興富發,5482,-177,348
2026-07-23,2543,皇昌,10753,-1,32
2026-07-23,2545,皇翔,2754,-15,0
2026-07-23,2546,根基,68,-2,0
2026-07-23,2547,日勝生,9599,15,0
2026-07-23,2548,華固,2094,-73,5
2026-07-23,2597,潤弘,167,0,0
2026-07-23,2601,益航,409,0,0
2026-07-23,2603,長榮,15322,57,243
2026-07-23,2605,新興,14597,2290,15
2026-07-23,2606,裕民,2956,5,7
2026-07-23,2607,榮運,834,0,1
2026-07-23,2608,嘉里大榮,1414,6,1
2026-07-23,2609,陽明,33938,242,308
2026-07-23,2610,華航,51740,675,96
2026-07-23,2611,志信,2026,4,1
2026-07-23,2612,中航,1817,3,0
2026-07-23,2613,中櫃,2071,16,14
2026-07-23,2614,東森,5581,-141,1
2026-07-23,2615,萬海,17068,-192,253
2026-07-23,2616,山隆,497,0,0
2026-07-23,2617,台航,2309,2,5
2026-07-23,2618,長榮航,28290,176,444
2026-07-23,2630,亞航,6226,-291,240
2026-07-23,2633,台灣高鐵,1775,15,99
2026-07-23,2634,漢翔,28834,-865,647
2026-07-23,2636,台驊控股,631,3,21
2026-07-23,2637,慧洋-KY,2598,91,45
2026-07-23,2642,宅配通,599,3,3
2026-07-23,2645,長榮航太,3126,-6,26
2026-07-23,2646,星宇航空,3867,87,76
2026-07-23,2701,萬企,382,2,0
2026-07-23,2702,華園,423,4,0
2026-07-23,2704,國賓,109,-1,0
2026-07-23,2705,六福,571,-1,0
2026-07-23,2706,第一店,802,-3,0
2026-07-23,2707,晶華,134,11,0
2026-07-23,2712,遠雄來,7,0,0
2026-07-23,2722,夏都,347,7,0
2026-07-23,2723,美食-KY,1669,-44,1
2026-07-23,2727,王品,374,-25,1
2026-07-23,2731,雄獅,927,-52,9
2026-07-23,2739,寒舍,848,-1,0
2026-07-23,2748,雲品,672,14,0
2026-07-23,2753,八方雲集,530,2,2
2026-07-23,2762,世界健身-KY,177,4,0
2026-07-23,2801,彰銀,6532,135,211
2026-07-23,2812,台中銀,4598,-3,2
2026-07-23,2816,旺旺保,556,14,1
2026-07-23,2820,華票,680,0,1
2026-07-23,2832,台產,552,17,0
2026-07-23,2834,臺企銀,11034,3822,7
2026-07-23,2836,高雄銀,5760,-49,0
2026-07-23,2838,聯邦銀,744,0,7
2026-07-23,2845,遠東銀,4242,153,33
2026-07-23,2849,安泰銀,181,7,0
2026-07-23,2850,新產,245,2,0
2026-07-23,2851,中再保,821,0,0
2026-07-23,2852,第一保,1319,-2,0
2026-07-23,2855,統一證,7005,42,110
2026-07-23,2867,三商壽,3370,396,18
2026-07-23,2880,華南金,521,10,46
2026-07-23,2881,富邦金,6552,-16,169
2026-07-23,2882,國泰金,5221,70,191
2026-07-23,2883,凱基金,13073,-1547,136
2026-07-23,2884,玉山金,5443,-76,132
2026-07-23,2885,元大金,3334,-56,6
2026-07-23,2886,兆豐金,529,-16,47
2026-07-23,2887,台新新光金,42839,114,53
2026-07-23,2889,國票金,2627,119,21
2026-07-23,2890,永豐金,3051,348,18
2026-07-23,2891,中信金,4174,98,10
2026-07-23,2892,第一金,2251,1,10
2026-07-23,2897,王道銀行,1880,-142,3
2026-07-23,2901,欣欣,475,-3,0
2026-07-23,2903,遠百,1343,48,0
2026-07-23,2904,匯僑,35,0,0
2026-07-23,2905,三商,7541,-269,1
2026-07-23,2906,高林,703,-6,0
2026-07-23,2908,特力,14181,-19,0
2026-07-23,2910,統領,41,6,0
2026-07-23,2911,麗嬰房,158,8,0
2026-07-23,2912,統一超,546,-19,0
2026-07-23,2913,農林,7220,47,4
2026-07-23,2915,潤泰全,8654,46,9
2026-07-23,2929,淘帝-KY,1976,-30,0
2026-07-23,2939,永邑-KY,259,3,0
2026-07-23,3002,歐格,2005,8,0
2026-07-23,3003,健和興,3466,-8,9
2026-07-23,3004,豐達科,1888,-85,7
2026-07-23,3005,神基,8723,91,51
2026-07-23,3006,晶豪科,17635,-416,330
2026-07-23,3008,大立光,1931,41,10
2026-07-23,3010,華立,1265,-8,9
2026-07-23,3011,今皓,2655,9,40
2026-07-23,3013,晟銘電,9913,-9,31
2026-07-23,3014,聯陽,2307,-8,58
2026-07-23,3015,全漢,2592,-4,1
2026-07-23,3016,嘉晶,8023,-100,217
2026-07-23,3017,奇鋐,4509,-246,47
2026-07-23,3018,隆銘綠能,0,0,0
2026-07-23,3019,亞光,11726,-59,51
2026-07-23,3021,鴻名,614,-19,0
2026-07-23,3022,威強電,6176,174,28
2026-07-23,3023,信邦,1299,31,17
2026-07-23,3024,憶聲,8324,65,12
2026-07-23,3025,星通,1714,-3,0
2026-07-23,3026,禾伸堂,9357,-254,146
2026-07-23,3027,盛達,4715,7,3
2026-07-23,3028,增你強,3417,-31,59
2026-07-23,3029,零壹,3325,-36,15
2026-07-23,3030,德律,10898,-90,34
2026-07-23,3031,佰鴻,7154,10,2
2026-07-23,3032,偉訓,8135,44,19
2026-07-23,3033,威健,10775,-18,370
2026-07-23,3034,聯詠,2491,-88,14
2026-07-23,3035,智原,11398,47,129
2026-07-23,3036,文曄,14865,146,658
2026-07-23,3037,欣興,40067,-69,336
2026-07-23,3038,全台,1177,-5,0
2026-07-23,3040,遠見,11935,3,8
2026-07-23,3041,揚智,3755,-57,6
2026-07-23,3042,晶技,13031,-117,107
2026-07-23,3043,科風,984,-3,0
2026-07-23,3044,健鼎,6100,25,5
2026-07-23,3045,台灣大,534,125,63
2026-07-23,3046,建碁,973,6,7
2026-07-23,3047,訊舟,6710,-71,11
2026-07-23,3048,益登,6294,-5,46
2026-07-23,3049,精金,0,0,0
2026-07-23,3050,鈺德,3279,-13,0
2026-07-23,3051,力特,4279,1,2
2026-07-23,3052,夆典,1762,2,0
2026-07-23,3054,立萬利,960,-37,0
2026-07-23,3055,蔚華科,6286,-103,71
2026-07-23,3056,富華新,3824,9,4
2026-07-23,3057,喬鼎,0,0,0
2026-07-23,3058,立德,0,0,0
2026-07-23,3059,華晶科,11869,38,42
2026-07-23,3060,銘異,9190,-173,16
2026-07-23,3062,建漢,11480,-76,69
2026-07-23,3090,日電貿,4444,-124,22
2026-07-23,3092,鴻碩,3692,-10,1
2026-07-23,3094,聯傑,2861,3,86
2026-07-23,3130,一零四,11,1,0
2026-07-23,3135,凌航,2273,17,93
2026-07-23,3138,耀登,2434,9,0
2026-07-23,3149,正達,21157,-664,4352
2026-07-23,3150,鈺寶-創,262,3,0
2026-07-23,3164,景岳,284,0,0
2026-07-23,3167,大量,11851,-180,278
2026-07-23,3168,眾福科,37,-1,0
2026-07-23,3189,景碩,19726,177,181
2026-07-23,3209,全科,5764,-70,50
2026-07-23,3229,晟鈦,0,0,0
2026-07-23,3231,緯創,51357,-2606,1615
2026-07-23,3257,虹冠電,2843,-15,4
2026-07-23,3266,昇陽,351,-5,0
2026-07-23,3296,勝德,1847,9,4
2026-07-23,3305,昇貿,7423,148,14
2026-07-23,3308,聯德,690,5,0
2026-07-23,3311,閎暉,2693,44,1
2026-07-23,3312,弘憶股,5344,9,38
2026-07-23,3321,同泰,0,0,0
2026-07-23,3338,泰碩,3850,14,9
2026-07-23,3346,麗清,2976,14,0
2026-07-23,3356,奇偶,1826,-30,1
2026-07-23,3376,新日興,12562,-88,107
2026-07-23,3380,明泰,5521,16,7
2026-07-23,3406,玉晶光,2688,22,40
2026-07-23,3413,京鼎,5380,205,3
2026-07-23,3416,融程電,1058,15,11
2026-07-23,3419,譁裕,1092,0,0
2026-07-23,3432,台端,0,0,0
2026-07-23,3437,榮創,3086,-7,15
2026-07-23,3443,創意,4542,13,28
2026-07-23,3447,展達,2334,-4,21
2026-07-23,3450,聯鈞,17496,-613,195
2026-07-23,3481,群創,380152,-8354,7419
2026-07-23,3494,誠研,0,0,0
2026-07-23,3501,維熹,1177,1,0
2026-07-23,3504,揚明光,2814,10,32
2026-07-23,3515,華擎,1692,3,2
2026-07-23,3518,柏騰,4076,23,23
2026-07-23,3528,安馳,2287,13,0
2026-07-23,3530,晶相光,1302,-11,0
2026-07-23,3532,台勝科,9660,536,955
2026-07-23,3533,嘉澤,665,64,1
2026-07-23,3535,晶彩科,5698,-18,67
2026-07-23,3543,州巧,4626,-90,0
2026-07-23,3545,敦泰,4468,-3,29
2026-07-23,3550,聯穎,13824,-51,12
2026-07-23,3557,嘉威,425,3,0
2026-07-23,3563,牧德,5303,37,2
2026-07-23,3576,聯合再生,0,0,0
2026-07-23,3583,辛耘,2096,8,9
2026-07-23,3588,通嘉,1763,26,1
2026-07-23,3591,艾笛森,26861,709,8
2026-07-23,3592,瑞鼎,949,1,1
2026-07-23,3593,力銘,0,0,0
2026-07-23,3596,智易,1377,-16,25
2026-07-23,3605,宏致,9953,927,193
2026-07-23,3607,谷崧,1851,-15,0
2026-07-23,3617,碩天,1964,-14,9
2026-07-23,3622,洋華,1871,-4,0
2026-07-23,3645,達邁,5917,-46,19
2026-07-23,3652,精聯,531,-37,0
2026-07-23,3653,健策,2465,3,11
2026-07-23,3661,世芯-KY,5887,35,43
2026-07-23,3665,貿聯-KY,2573,-436,45
2026-07-23,3669,圓展,942,21,2
2026-07-23,3673,TPK-KY,16291,57,50
2026-07-23,3679,新至陞,120,1,0
2026-07-23,3686,達能,0,0,0
2026-07-23,3694,海華,7119,-52,0
2026-07-23,3701,大眾控,6748,2,46
2026-07-23,3702,大聯大,6289,-417,1455
2026-07-23,3703,欣陸,1435,31,0
2026-07-23,3704,合勤控,5541,-292,56
2026-07-23,3705,永信,378,0,0
2026-07-23,3706,神達,32224,144,201
2026-07-23,3708,上緯投控,2983,-6,15
2026-07-23,3711,日月光投控,11226,-332,103
2026-07-23,3712,永崴投控,2789,-50,26
2026-07-23,3714,富采,27773,-40,80
2026-07-23,3715,定穎投控,22723,115,437
2026-07-23,3716,中化控股,497,-3,0
2026-07-23,3717,聯嘉投控,9824,215,122
2026-07-23,4104,佳醫,80,-1,0
2026-07-23,4106,雃博,674,-2,0
2026-07-23,4108,懷特,0,0,0
2026-07-23,4119,旭富,597,9,0
2026-07-23,4133,亞諾法,1275,103,24
2026-07-23,4137,麗豐-KY,1077,-3,0
2026-07-23,4142,國光生,6569,35,2
2026-07-23,4148,全宇生技-KY,400,1,0
2026-07-23,4155,訊映,857,-46,0
2026-07-23,4164,承業醫,6963,45,0
2026-07-23,4190,佐登-KY,298,0,0
2026-07-23,4306,炎洲,4619,-45,0
2026-07-23,4414,如興,758,9,0
2026-07-23,4426,利勤,926,6,0
2026-07-23,4438,廣越,792,-195,0
2026-07-23,4439,冠星-KY,244,0,5
2026-07-23,4440,宜新實業,154,1,0
2026-07-23,4441,振大環球,158,1,1
2026-07-23,4526,東台,6671,7,3
2026-07-23,4532,瑞智,2628,3,1
2026-07-23,4536,拓凱,635,-26,0
2026-07-23,4540,全球傳動,4150,-22,101
2026-07-23,4545,銘鈺,1290,-2,0
2026-07-23,4551,智伸科,3332,157,64
2026-07-23,4552,力達-KY,2083,-19,12
2026-07-23,4555,氣立,2843,-1,29
2026-07-23,4557,永新-KY,332,-2,0
2026-07-23,4560,強信-KY,287,-3,0
2026-07-23,4562,穎漢,2015,2,36
2026-07-23,4564,元翎,11171,-98,41
2026-07-23,4566,時碩工業,3916,-51,29
2026-07-23,4569,六方科-KY,739,7,0
2026-07-23,4571,鈞興-KY,1047,1,0
2026-07-23,4572,駐龍,322,1,1
2026-07-23,4576,大銀微系統,2441,-2,22
2026-07-23,4581,光隆精密-KY,31,0,0
2026-07-23,4583,台灣精銳,3597,-1,4
2026-07-23,4585,達明,661,-1,59
2026-07-23,4588,玖鼎電力,431,0,1
2026-07-23,4720,德淵,3712,-4,8
2026-07-23,4722,國精化,12088,-10,82
2026-07-23,4736,泰博,216,-1,0
2026-07-23,4737,華廣,1548,4,0
2026-07-23,4739,康普,9825,21,91
2026-07-23,4746,台耀,2084,4,0
2026-07-23,4755,三福化,1211,-15,2
2026-07-23,4763,材料*-KY,42835,252,14
2026-07-23,4764,雙鍵,5987,-44,0
2026-07-23,4766,南寶,1205,7,0
2026-07-23,4770,上品,1098,33,13
2026-07-23,4771,望隼,540,-9,0
2026-07-23,4807,日成-KY,1335,-26,3
2026-07-23,4904,遠傳,379,178,4
2026-07-23,4906,正文,30225,9,107
2026-07-23,4912,聯德控股-KY,3681,11,1
2026-07-23,4915,致伸,3866,29,38
2026-07-23,4916,事欣科,7793,79,124
2026-07-23,4919,新唐,15680,-105,1848
2026-07-23,4927,泰鼎-KY,28835,19,828
2026-07-23,4930,燦星網,3775,1,0
2026-07-23,4934,太極,0,0,0
2026-07-23,4935,茂林-KY,634,1,0
2026-07-23,4938,和碩,5635,623,46
2026-07-23,4942,嘉彰,605,0,0
2026-07-23,4943,康控-KY,0,0,0
2026-07-23,4949,有成精密,3278,13,47
2026-07-23,4952,凌通,1453,19,4
2026-07-23,4956,光鋐,6373,-58,13
2026-07-23,4958,臻鼎-KY,31127,2760,1022
2026-07-23,4960,誠美材,16158,128,93
2026-07-23,4961,天鈺,1584,10,5
2026-07-23,4967,十銓,8188,141,94
2026-07-23,4968,立積,5847,-2,33
2026-07-23,4976,佳凌,4635,-7,41
2026-07-23,4977,眾達-KY,6705,68,9
2026-07-23,4989,榮科,18131,-203,3495
2026-07-23,4994,傳奇,2303,4,2
2026-07-23,4999,鑫禾,401,0,9
2026-07-23,5007,三星,7,-2,0
2026-07-23,5203,訊連,1204,2,2
2026-07-23,5215,科嘉-KY,675,2,0
2026-07-23,5222,全訊,1915,4,9
2026-07-23,5225,東科-KY,1436,0,2
2026-07-23,5234,達興材料,1579,4,9
2026-07-23,5236,凌陽創新,198,-2,4
2026-07-23,5243,乙盛-KY,10536,-17,12
2026-07-23,5244,弘凱,2662,4,23
2026-07-23,5258,虹堡,4019,48,4
2026-07-23,5269,祥碩,2130,24,139
2026-07-23,5283,禾聯碩,92,0,0
2026-07-23,5284,jpp-KY,3859,-5,9
2026-07-23,5285,界霖,5152,-17,51
2026-07-23,5288,豐祥-KY,2577,35,1
2026-07-23,5292,華懋,980,-10,0
2026-07-23,5306,桂盟,564,1,0
2026-07-23,5388,中磊,5579,-30,18
2026-07-23,5434,崇越,955,6,1
2026-07-23,5469,瀚宇博,14333,-5,48
2026-07-23,5471,松翰,4670,-22,30
2026-07-23,5484,慧友,0,0,0
2026-07-23,5515,建國,1838,11,4
2026-07-23,5519,隆大,837,7,58
2026-07-23,5521,工信,14666,-56,13
2026-07-23,5522,遠雄,940,11,3
2026-07-23,5525,順天,372,8,0
2026-07-23,5531,鄉林,3390,21,11
2026-07-23,5533,皇鼎,470,-1,0
2026-07-23,5534,長虹,3539,-9,0
2026-07-23,5538,東明-KY,10,0,0
2026-07-23,5546,永固-KY,17,-2,0
2026-07-23,5607,遠雄港,1594,19,0
2026-07-23,5608,四維航,4312,21,35
2026-07-23,5706,鳳凰,742,-5,20
2026-07-23,5871,中租-KY,4325,267,0
2026-07-23,5876,上海商銀,519,-4,0
2026-07-23,5880,合庫金,1927,-4,27
2026-07-23,5906,台南-KY,25,-1,0
2026-07-23,5907,大洋-KY,5438,9,4
2026-07-23,6005,群益證,5152,58,4
2026-07-23,6024,群益期,179,5,0
2026-07-23,6108,競國,1471,1,0
2026-07-23,6112,邁達特,3239,-8,6
2026-07-23,6115,鎰勝,90,-1,0
2026-07-23,6116,彩晶,36988,312,4596
2026-07-23,6117,迎廣,2563,-5,18
2026-07-23,6120,達運,7384,82,4
2026-07-23,6128,上福,1208,-3,0
2026-07-23,6133,金橋,3044,-20,11
2026-07-23,6136,富爾特,2677,21,0
2026-07-23,6139,亞翔,7985,137,61
2026-07-23,6141,柏承,36,0,0
2026-07-23,6142,友勁,0,0,0
2026-07-23,6152,百一,0,0,0
2026-07-23,6153,嘉聯益,14271,-8,46
2026-07-23,6155,鈞寶,3382,-17,21
2026-07-23,6164,華興,3740,58,3
2026-07-23,6165,浪凡,8205,11,1
2026-07-23,6166,凌華,3385,-337,196
2026-07-23,6168,宏齊,5237,16,298
2026-07-23,6176,瑞儀,6883,-10,27
2026-07-23,6177,達麗,2638,23,4
2026-07-23,6183,關貿,8,0,0
2026-07-23,6184,大豐電,493,-2,0
2026-07-23,6189,豐藝,2428,-6,4
2026-07-23,6191,精成科,21474,-12,43
2026-07-23,6192,巨路,768,-40,0
2026-07-23,6196,帆宣,1639,33,22
2026-07-23,6197,佳必琪,5354,30,244
2026-07-23,6201,亞弘電,29,0,0
2026-07-23,6202,盛群,6042,67,28
2026-07-23,6205,詮欣,4529,4,5
2026-07-23,6206,飛捷,2062,190,9
2026-07-23,6209,今國光,13503,136,53
2026-07-23,6213,聯茂,17714,517,360
2026-07-23,6214,精誠,1700,25,1
2026-07-23,6215,和椿,5464,15,12
2026-07-23,6216,居易,699,-1,10
2026-07-23,6224,聚鼎,2019,-6,10
2026-07-23,6225,天瀚,0,0,0
2026-07-23,6226,光鼎,2367,-201,20
2026-07-23,6230,尼得科超眾,466,10,0
2026-07-23,6235,華孚,4967,-21,24
2026-07-23,6239,力成,22979,910,68
2026-07-23,6243,迅杰,1710,-38,147
2026-07-23,6257,矽格,9947,97,34
2026-07-23,6269,台郡,10238,82,147
2026-07-23,6271,同欣電,7308,1,22
2026-07-23,6272,驊陞,21,2,0
2026-07-23,6277,宏正,348,-34,40
2026-07-23,6278,台表科,10139,-184,77
2026-07-23,6281,全國電,48,0,0
2026-07-23,6282,康舒,29923,-10,417
2026-07-23,6283,淳安,2523,-3,1
2026-07-23,6285,啟碁,15955,44,215
2026-07-23,6405,悅城,6245,11,30
2026-07-23,6409,旭隼,1078,-16,0
2026-07-23,6412,群電,3000,-13,12
2026-07-23,6414,樺漢,2797,242,866
2026-07-23,6415,矽力*-KY,4469,-251,91
2026-07-23,6416,瑞祺電通,4221,-47,0
2026-07-23,6426,統新,2237,33,5
2026-07-23,6431,光麗-KY,0,0,0
2026-07-23,6438,迅得,4095,3,8
2026-07-23,6442,光聖,4399,355,11
2026-07-23,6443,元晶,12961,-15,485
2026-07-23,6446,藥華藥,7949,-356,35
2026-07-23,6449,鈺邦,2335,96,23
2026-07-23,6451,訊芯-KY,8190,331,0
2026-07-23,6456,GIS-KY,12166,-146,220
2026-07-23,6464,台數科,2,0,0
2026-07-23,6472,保瑞,3683,122,11
2026-07-23,6477,安集,3692,-48,813
2026-07-23,6491,晶碩,534,-10,1
2026-07-23,6504,南六,129,3,0
2026-07-23,6505,台塑化,13847,-2870,2454
2026-07-23,6515,穎崴,449,-1,2
2026-07-23,6525,捷敏-KY,3335,-137,16
2026-07-23,6526,達發,1540,5,2
2026-07-23,6531,愛普*,7769,283,51
2026-07-23,6533,晶心科,2413,-22,32
2026-07-23,6534,正瀚-創,1803,1,0
2026-07-23,6541,泰福-KY,3741,17,0
2026-07-23,6550,北極星藥業-KY,0,0,0
2026-07-23,6552,易華電,1128,-6,22
2026-07-23,6558,興能高,3626,-7,17
2026-07-23,6573,虹揚-KY,0,0,0
2026-07-23,6579,研揚,1195,-28,19
2026-07-23,6581,鋼聯,5,0,0
2026-07-23,6582,申豐,365,0,0
2026-07-23,6585,鼎基,2531,33,94
2026-07-23,6589,台康生技,3082,-8,0
2026-07-23,6591,動力-KY,2134,2,16
2026-07-23,6592,和潤企業,680,-1,1
2026-07-23,6598,ABC-KY,0,0,0
2026-07-23,6605,帝寶,2442,90,0
2026-07-23,6606,建德工業,564,-1,0
2026-07-23,6614,資拓宏宇,58,2,0
2026-07-23,6625,必應,846,0,0
2026-07-23,6641,基士德-KY,101,0,1
2026-07-23,6645,金萬林-創,12,0,0
2026-07-23,6655,科定,0,0,0
2026-07-23,6657,華安,1401,-1,0
2026-07-23,6658,聯策,1581,-36,6
2026-07-23,6666,羅麗芬-KY,286,-1,0
2026-07-23,6668,中揚光,2831,-13,9
2026-07-23,6669,緯穎,1766,-86,12
2026-07-23,6670,復盛應用,402,0,3
2026-07-23,6671,三能-KY,73,2,0
2026-07-23,6672,騰輝電子-KY,5931,27,343
2026-07-23,6674,鋐寶科技,267,1,0
2026-07-23,6689,伊雲谷,1406,-9,0
2026-07-23,6691,洋基工程,1502,-25,24
2026-07-23,6695,芯鼎,3765,11,40
2026-07-23,6698,旭暉應材,2432,10,0
2026-07-23,6706,惠特,8487,151,73
2026-07-23,6715,嘉基,6898,-109,0
2026-07-23,6719,力智,4381,30,16
2026-07-23,6722,輝創,0,0,0
2026-07-23,6742,澤米,2065,-43,17
2026-07-23,6743,安普新,592,5,0
2026-07-23,6753,龍德造船,5671,-24,118
2026-07-23,6754,匯僑設計,131,0,0
2026-07-23,6756,威鋒電子,687,-3,2
2026-07-23,6757,台灣虎航,3523,50,0
2026-07-23,6768,志強-KY,1257,-8,2
2026-07-23,6770,力積電,156765,-2077,3445
2026-07-23,6771,平和環保-創,80,0,0
2026-07-23,6776,展碁國際,892,0,0
2026-07-23,6781,AES-KY,2774,-11,8
2026-07-23,6782,視陽,457,0,0
2026-07-23,6789,采鈺,5743,-64,33
2026-07-23,6790,永豐實,597,0,0
2026-07-23,6792,詠業,290,5,0
2026-07-23,6794,向榮生技,261,0,0
2026-07-23,6796,晉弘,546,3,0
2026-07-23,6799,來頡,2069,57,0
2026-07-23,6805,富世達,2560,35,11
2026-07-23,6807,峰源-KY,139,0,0
2026-07-23,6830,汎銓,3974,148,51
2026-07-23,6831,邁科,495,33,5
2026-07-23,6834,天二科技,4031,-49,113
2026-07-23,6835,圓裕,821,0,4
2026-07-23,6838,台新藥,2594,-11,0
2026-07-23,6854,錼創科技-KY創,3463,-6,4
2026-07-23,6861,睿生光電,2180,5,5
2026-07-23,6862,三集瑞-KY,1097,-32,9
2026-07-23,6863,永道-KY,929,-26,0
2026-07-23,6869,雲豹能源,3236,4,77
2026-07-23,6873,泓德能源,3930,-3,38
2026-07-23,6885,全福生技,2288,-4,20
2026-07-23,6887,寶綠特-KY,882,7,0
2026-07-23,6890,來億-KY,841,-2,1
2026-07-23,6901,鑽石投資,6303,-82,33
2026-07-23,6902,GOGOLOOK,621,3,0
2026-07-23,6906,現觀科,522,2,0
2026-07-23,6909,創控,1631,6,15
2026-07-23,6914,阜爾運通,326,-3,0
2026-07-23,6916,華凌,402,8,0
2026-07-23,6918,愛派司,99,5,0
2026-07-23,6919,康霈*,0,0,0
2026-07-23,6923,中台,1779,5,0
2026-07-23,6928,攸泰科技,1041,1,21
2026-07-23,6931,青松健康,123,0,0
2026-07-23,6933,AMAX-KY,786,-14,1
2026-07-23,6936,永鴻生技,242,0,0
2026-07-23,6937,天虹,1750,1,9
2026-07-23,6944,兆聯實業,743,42,6
2026-07-23,6949,沛爾生醫-創,5284,-1,4
2026-07-23,6951,青新-創,77,0,0
2026-07-23,6952,大武山,25,-2,0
2026-07-23,6957,裕慶-KY,1602,-36,41
2026-07-23,6958,日盛台駿,170,0,0
2026-07-23,6962,奕力-KY,9154,213,7
2026-07-23,6965,中傑-KY,39,0,0
2026-07-23,6994,富威電力,3046,6,12
2026-07-23,7631,聚賢研發-創,6,6,0
2026-07-23,7705,三商餐飲,94,0,0
2026-07-23,7711,永擎,510,-5,0
2026-07-23,7721,微程式,1173,-3,0
2026-07-23,7722,LINEPAY,731,-2,0
2026-07-23,7730,暉盛-創,672,-16,3
2026-07-23,7732,金興精密,107,-1,0
2026-07-23,7736,虎山,70,1,0
2026-07-23,7740,熙特爾-創,1819,-10,0
2026-07-23,7749,意騰-KY,1141,-2,0
2026-07-23,7750,新代,578,-2,5
2026-07-23,7765,中華資安,468,-4,0
2026-07-23,7769,鴻勁,302,3,0
2026-07-23,7780,大研生醫*,269,-3,0
2026-07-23,7786,東方風能,203,-56,0
2026-07-23,7788,松川精密,1998,-68,0
2026-07-23,7791,皇家可口,16,0,0
2026-07-23,7795,長廣,24,24,0
2026-07-23,7799,禾榮科,1248,-3,4
2026-07-23,8011,台通,3583,3,30
2026-07-23,8016,矽創,1746,-3,5
2026-07-23,8021,尖點,11471,-189,32
2026-07-23,8028,昇陽半導體,6194,-3,63
2026-07-23,8033,雷虎,7036,-158,553
2026-07-23,8039,台虹,24077,-428,3717
2026-07-23,8045,達運光電,5032,-6,2
2026-07-23,8046,南電,11100,-513,476
2026-07-23,8070,長華*,6907,-12,3
2026-07-23,8072,陞泰,1925,13,0
2026-07-23,8081,致新,1638,-1,2
2026-07-23,8101,華冠,0,0,0
2026-07-23,8103,瀚荃,3548,-30,5
2026-07-23,8104,錸寶,4376,27,0
2026-07-23,8105,凌巨,8697,100,564
2026-07-23,8110,華東,17607,-13,246
2026-07-23,8112,至上,17353,286,1977
2026-07-23,8114,振樺電,2419,362,8
2026-07-23,8131,福懋科,5997,-59,35
2026-07-23,8150,南茂,23894,-1179,398
2026-07-23,8162,微矽電子-創,1966,-19,1
2026-07-23,8163,達方,2656,-9,53
2026-07-23,8201,無敵,0,0,0
2026-07-23,8210,勤誠,2314,11,24
2026-07-23,8213,志超,3965,5,1
2026-07-23,8215,明基材,3409,9,1
2026-07-23,8222,寶一,3416,-12,29
2026-07-23,8249,菱光,4177,5,19
2026-07-23,8261,富鼎,9511,-115,77
2026-07-23,8271,宇瞻,5658,354,207
2026-07-23,8341,日友,370,-1,0
2026-07-23,8367,建新國際,11,-1,0
2026-07-23,8374,羅昇,1714,12,3
2026-07-23,8404,百和興業-KY,3910,0,0
2026-07-23,8411,福貞-KY,21,1,0
2026-07-23,8422,可寧衛*,28335,93,75
2026-07-23,8429,金麗-KY,13724,-1,0
2026-07-23,8438,昶昕,5095,-16,2
2026-07-23,8442,威宏-KY,766,-1,20
2026-07-23,8443,阿瘦,28,0,0
2026-07-23,8454,富邦媒,1396,-94,53
2026-07-23,8462,柏文,1076,-13,2
2026-07-23,8463,潤泰材,121,0,0
2026-07-23,8464,億豐,66,-2,0
2026-07-23,8466,美吉吉-KY,1303,-9,0
2026-07-23,8467,波力-KY,254,1,0
2026-07-23,8473,山林水,2541,16,1
2026-07-23,8476,台境*,18290,262,848
2026-07-23,8478,東哥遊艇,1168,31,0
2026-07-23,8481,政伸,5,0,0
2026-07-23,8482,商億-KY,160,-1,0
2026-07-23,8487,愛爾達-創,36,0,0
2026-07-23,8488,吉源-KY,21,0,0
2026-07-23,8499,鼎炫-KY,589,-2,0
2026-07-23,8926,台汽電,7590,9,64
2026-07-23,8940,新天地,106,-15,0
2026-07-23,8996,高力,4464,107,127
2026-07-23,9802,鈺齊-KY,2426,13,8
2026-07-23,9902,台火,3495,12,1
2026-07-23,9904,寶成,26497,-42,3
2026-07-23,9905,大華,24,0,0
2026-07-23,9906,欣巴巴,432,8,4
2026-07-23,9907,統一實,4103,90,3
2026-07-23,9908,大台北,146,0,0
2026-07-23,9910,豐泰,2411,-70,5
2026-07-23,9911,櫻花,395,4,0
2026-07-23,9912,偉聯,0,0,0
2026-07-23,9914,美利達,2660,-31,64
2026-07-23,9917,中保科,146,-20,0
2026-07-23,9918,欣天然,69,0,0
2026-07-23,9919,康那香,8224,450,21
2026-07-23,9921,巨大,2120,51,174
2026-07-23,9924,福興,724,3,0
2026-07-23,9925,新保,72,61,0
2026-07-23,9926,新海,15,0,0
2026-07-23,9927,泰銘,58,0,0
2026-07-23,9928,中視,463,6,0
2026-07-23,9929,秋雨,0,0,0
2026-07-23,9930,中聯資源,21,0,0
2026-07-23,9931,欣高,73,0,0
2026-07-23,9933,中鼎,4030,-3,3
2026-07-23,9934,成霖,6002,103,6
2026-07-23,9935,慶豐富,1163,7,0
2026-07-23,9937,全國,137,0,0
2026-07-23,9938,百和,3465,-110,3
2026-07-23,9939,宏全,1273,-51,2
2026-07-23,9940,信義,1276,-4,0
2026-07-23,9941,裕融,1042,15,3
2026-07-23,9942,茂順,57,0,0
2026-07-23,9943,好樂迪,89,0,0
2026-07-23,9944,新麗,5509,-6,0
2026-07-23,9945,潤泰新,21118,-13,10
2026-07-23,9946,三發地產,1094,10,0
2026-07-23,9955,佳龍,1322,2,0
2026-07-23,9958,世紀鋼,8866,58,2
2026-07-24,1101,台泥,32740,-470,51
2026-07-24,1102,亞泥,1540,-110,0
2026-07-24,1103,嘉泥,4115,-3,0
2026-07-24,1104,環泥,1685,5,0
2026-07-24,1108,幸福,454,19,44
2026-07-24,1109,信大,275,0,1
2026-07-24,1110,東泥,2715,-14,0
2026-07-24,1201,味全,1468,-28,0
2026-07-24,1203,味王,2,0,0
2026-07-24,1210,大成,578,-50,0
2026-07-24,1213,大飲,0,0,0
2026-07-24,1215,卜蜂,421,-8,1
2026-07-24,1216,統一,482,36,0
2026-07-24,1217,愛之味,913,-34,3
2026-07-24,1218,泰山,1504,-2,117
2026-07-24,1219,福壽,508,-2,105
2026-07-24,1220,台榮,868,6,0
2026-07-24,1225,福懋油,6934,0,9
2026-07-24,1227,佳格,928,-4,2
2026-07-24,1229,聯華,3463,-33,11
2026-07-24,1231,聯華食,255,8,0
2026-07-24,1232,大統益,242,1,0
2026-07-24,1233,天仁,17,-2,0
2026-07-24,1234,黑松,16,0,0
2026-07-24,1235,興泰,1162,-1,0
2026-07-24,1236,宏亞,182,0,0
2026-07-24,1256,鮮活果汁-KY,334,8,6
2026-07-24,1301,台塑,26963,425,873
2026-07-24,1303,南亞,39992,-8233,3185
2026-07-24,1304,台聚,11988,236,78
2026-07-24,1305,華夏,6903,-25,0
2026-07-24,1307,三芳,1316,-14,1
2026-07-24,1308,亞聚,6885,-61,2
2026-07-24,1309,台達化,8687,-21,27
2026-07-24,1310,台苯,14096,9,38
2026-07-24,1312,國喬,33315,480,126
2026-07-24,1313,聯成,11814,53,153
2026-07-24,1314,中石化,80998,1178,218
2026-07-24,1315,達新,18,0,0
2026-07-24,1316,上曜,10868,-56,26
2026-07-24,1319,東陽,7041,-4,12
2026-07-24,1321,大洋,7174,-25,0
2026-07-24,1323,永裕,84,1,0
2026-07-24,1324,地球,1277,-2,0
2026-07-24,1325,恆大,2266,-100,116
2026-07-24,1326,台化,38672,1395,841
2026-07-24,1337,再生-KY,21403,7,0
2026-07-24,1338,廣華-KY,3913,1,0
2026-07-24,1339,昭輝,883,-2,0
2026-07-24,1340,勝悅-KY,990,-3,0
2026-07-24,1342,八貫,638,13,0
2026-07-24,1402,遠東新,7122,-8,35
2026-07-24,1409,新纖,24441,-258,141
2026-07-24,1410,南染,307,0,0
2026-07-24,1413,宏洲,0,0,0
2026-07-24,1414,東和,1141,-40,0
2026-07-24,1416,廣豐,3346,7,1
2026-07-24,1417,嘉裕,1935,0,0
2026-07-24,1418,東華,783,-5,0
2026-07-24,1419,新紡,1255,3,0
2026-07-24,1423,利華,87,0,0
2026-07-24,1432,大魯閣,156,1,38
2026-07-24,1434,福懋,8190,-1028,3
2026-07-24,1435,中福,0,0,0
2026-07-24,1436,華友聯,986,-9,33
2026-07-24,1437,勤益控,2432,38,0
2026-07-24,1438,三地開發,135,0,0
2026-07-24,1439,雋揚,1045,1,0
2026-07-24,1440,南紡,5525,61,2
2026-07-24,1441,大東,0,0,0
2026-07-24,1442,名軒,2819,-41,8
2026-07-24,1443,立益物流,31,0,0
2026-07-24,1444,力麗,569,0,0
2026-07-24,1445,大宇,1358,-12,30
2026-07-24,1446,宏和,1653,15,0
2026-07-24,1447,力鵬,795,-16,0
2026-07-24,1449,佳和,3159,20,0
2026-07-24,1451,年興,758,-3,0
2026-07-24,1452,宏益,109,0,0
2026-07-24,1453,大將,1044,0,4
2026-07-24,1454,台富,2168,0,0
2026-07-24,1455,集盛,3174,-22,1
2026-07-24,1456,怡華,784,-25,0
2026-07-24,1457,宜進,709,0,1
2026-07-24,1459,聯發,437,0,0
2026-07-24,1460,宏遠,0,0,0
2026-07-24,1463,強盛新,466,7,0
2026-07-24,1464,得力,2084,-49,0
2026-07-24,1465,偉全,3290,-5,0
2026-07-24,1466,聚隆,2858,46,26
2026-07-24,1467,南緯,6643,-58,14
2026-07-24,1468,昶和,0,0,0
2026-07-24,1470,大統新創,6,0,0
2026-07-24,1471,首利,0,0,0
2026-07-24,1472,三洋實業,3893,0,2
2026-07-24,1473,台南,832,-12,0
2026-07-24,1474,弘裕,3379,-2,0
2026-07-24,1475,業旺,460,1,0
2026-07-24,1476,儒鴻,821,-26,15
2026-07-24,1477,聚陽,1582,-21,3
2026-07-24,1503,士電,3026,9,24
2026-07-24,1504,東元,30583,-15,100
2026-07-24,1506,正道,0,0,0
2026-07-24,1512,瑞利,0,0,0
2026-07-24,1513,中興電,7930,11,19
2026-07-24,1514,亞力,6709,30,0
2026-07-24,1515,力山,3143,-93,233
2026-07-24,1516,川飛,2,0,0
2026-07-24,1517,利奇,2026,9,3
2026-07-24,1519,華城,3270,-8,9
2026-07-24,1521,大億,447,0,0
2026-07-24,1522,堤維西,4392,-9,0
2026-07-24,1524,耿鼎,4088,-146,15
2026-07-24,1525,江申,232,0,0
2026-07-24,1526,日馳,820,61,15
2026-07-24,1527,鑽全,561,0,0
2026-07-24,1528,恩德,6817,-10,69
2026-07-24,1529,樂事綠能,3021,27,591
2026-07-24,1530,亞崴,288,-3,0
2026-07-24,1531,高林股,1673,-16,1
2026-07-24,1532,勤美,2799,29,0
2026-07-24,1533,車王電,474,10,9
2026-07-24,1535,中宇,63,0,0
2026-07-24,1536,和大,8448,53,180
2026-07-24,1537,廣隆,58,1,0
2026-07-24,1538,正峰,0,0,0
2026-07-24,1539,巨庭,1376,5,0
2026-07-24,1540,喬福,1647,2,0
2026-07-24,1541,錩泰,112,1,0
2026-07-24,1558,伸興,253,0,0
2026-07-24,1560,中砂,1575,21,29
2026-07-24,1563,巧新,7904,254,0
2026-07-24,1568,倉佑,2449,23,0
2026-07-24,1582,信錦,4188,-24,6
2026-07-24,1583,程泰,64,-2,0
2026-07-24,1587,吉茂,1900,-31,23
2026-07-24,1589,永冠-KY,793,0,0
2026-07-24,1590,亞德客-KY,140,1,0
2026-07-24,1597,直得,2667,-329,38
2026-07-24,1598,岱宇,2088,-3,0
2026-07-24,1603,華電,2050,-66,10
2026-07-24,1604,聲寶,213,-15,0
2026-07-24,1605,華新,52205,370,567
2026-07-24,1608,華榮,8474,20,1
2026-07-24,1609,大亞,13312,19,22
2026-07-24,1611,中電,3292,-7,3
2026-07-24,1612,宏泰,1886,-5,57
2026-07-24,1614,三洋電,343,0,0
2026-07-24,1615,大山,158,1,0
2026-07-24,1616,億泰,3228,-1,1
2026-07-24,1617,榮星,1936,3,0
2026-07-24,1618,合機,3538,-8,35
2026-07-24,1626,艾美特-KY,1654,-6,0
2026-07-24,1702,南僑,298,-3,0
2026-07-24,1707,葡萄王,348,-2,20
2026-07-24,1708,東鹼,7737,119,89
2026-07-24,1709,和益,17432,183,22
2026-07-24,1710,東聯,13004,-700,625
2026-07-24,1711,永光,18463,-36,112
2026-07-24,1712,興農,476,-1,0
2026-07-24,1713,國化,2941,-6,1
2026-07-24,1714,和桐,16659,-85,82
2026-07-24,1717,長興,20478,-53,330
2026-07-24,1718,中纖,19756,1512,286
2026-07-24,1720,生達,313,-12,0
2026-07-24,1721,三晃,126,0,0
2026-07-24,1722,台肥,2706,-2,2
2026-07-24,1723,中碳,659,-27,1
2026-07-24,1725,元禎,286,-2,0
2026-07-24,1726,永記,25,0,0
2026-07-24,1727,中華化,7634,-75,77
2026-07-24,1730,花仙子,4,0,0
2026-07-24,1731,美吾華,317,-1,0
2026-07-24,1732,毛寶,737,-38,5
2026-07-24,1733,五鼎,2611,-9,1
2026-07-24,1734,杏輝,344,-40,0
2026-07-24,1735,日勝化,758,-1,0
2026-07-24,1736,喬山,1849,-8,4
2026-07-24,1737,臺鹽,22,0,0
2026-07-24,1752,南光,330,1,0
2026-07-24,1760,寶齡富錦,1039,-27,0
2026-07-24,1762,中化生,734,1,2
2026-07-24,1773,勝一,1141,3,1
2026-07-24,1776,展宇,875,-6,1
2026-07-24,1783,和康生,574,2,0
2026-07-24,1786,科妍,5039,0,11
2026-07-24,1789,神隆,3263,11,0
2026-07-24,1795,美時,9005,-25,41
2026-07-24,1802,台玻,45833,-679,1231
2026-07-24,1805,寶徠,1427,1,0
2026-07-24,1806,冠軍,2957,13,0
2026-07-24,1808,潤隆,5724,-40,0
2026-07-24,1809,中釉,6097,-65,4
2026-07-24,1810,和成,21091,-3500,1692
2026-07-24,1817,凱撒衛,17,0,0
2026-07-24,1903,士紙,2511,5,5
2026-07-24,1904,正隆,4686,86,20
2026-07-24,1905,華紙,12790,64,339
2026-07-24,1906,寶隆,7261,-1,0
2026-07-24,1907,永豐餘,24212,-10,1
2026-07-24,1909,榮成,10121,-68,3
2026-07-24,2002,中鋼,43076,-1326,41
2026-07-24,2006,東和鋼鐵,1037,-21,1
2026-07-24,2007,燁興,5,0,0
2026-07-24,2008,高興昌,122,0,0
2026-07-24,2009,第一銅,6627,8,0
2026-07-24,2010,春源,2068,-15,5
2026-07-24,2012,春雨,195,-1,0
2026-07-24,2013,中鋼構,1408,-1,0
2026-07-24,2014,中鴻,1713,-3,0
2026-07-24,2015,豐興,35,0,0
2026-07-24,2017,官田鋼,8133,-32,0
2026-07-24,2020,美亞,786,-5,0
2026-07-24,2022,聚亨,1165,92,1
2026-07-24,2023,燁輝,2497,-79,51
2026-07-24,2024,志聯,65,0,0
2026-07-24,2025,千興,0,0,0
2026-07-24,2027,大成鋼,24553,87,214
2026-07-24,2028,威致,1180,-9,0
2026-07-24,2029,盛餘,395,-2,0
2026-07-24,2030,彰源,4295,-71,0
2026-07-24,2031,新光鋼,1121,-13,6
2026-07-24,2032,新鋼,2781,10,0
2026-07-24,2033,佳大,2732,2,5
2026-07-24,2034,允強,3612,-50,2
2026-07-24,2038,海光,3631,-3,0
2026-07-24,2049,上銀,3444,2,35
2026-07-24,2059,川湖,464,10,0
2026-07-24,2062,橋椿,1380,0,2
2026-07-24,2069,運錩,420,8,0
2026-07-24,2101,南港,22162,51,16
2026-07-24,2102,泰豐,3762,-72,2
2026-07-24,2103,台橡,14406,-1582,114
2026-07-24,2104,國際中橡,19546,54,50
2026-07-24,2105,正新,9129,-68,21
2026-07-24,2106,建大,2908,-1,0
2026-07-24,2107,厚生,97,0,0
2026-07-24,2108,南帝,2843,15,38
2026-07-24,2109,華豐,689,-2,0
2026-07-24,2114,鑫永銓,10,0,0
2026-07-24,2115,六暉-KY,559,-2,3
2026-07-24,2201,裕隆,10038,-148,6
2026-07-24,2204,中華,1265,26,4
2026-07-24,2206,三陽工業,4417,-30,17
2026-07-24,2207,和泰車,61,-4,0
2026-07-24,2208,台船,0,0,0
2026-07-24,2211,長榮鋼,465,0,0
2026-07-24,2228,劍麟,1674,-5,0
2026-07-24,2231,為升,2754,-17,167
2026-07-24,2233,宇隆,5284,-97,0
2026-07-24,2236,百達-KY,11423,-55,6
2026-07-24,2239,英利-KY,1574,27,0
2026-07-24,2241,艾姆勒,7561,36,3
2026-07-24,2243,宏旭-KY,1517,20,26
2026-07-24,2247,汎德永業,139,8,1
2026-07-24,2248,華勝-KY,573,11,0
2026-07-24,2250,IKKA-KY,1270,-10,2
2026-07-24,2254,巨鎧精密-創,2520,0,0
2026-07-24,2301,光寶科,17602,1031,268
2026-07-24,2302,麗正,4454,574,108
2026-07-24,2303,聯電,209022,-12938,1440
2026-07-24,2305,全友,7005,70,141
2026-07-24,2308,台達電,7627,-69,45
2026-07-24,2312,金寶,47897,101,1200
2026-07-24,2313,華通,41281,233,5580
2026-07-24,2314,台揚,0,0,0
2026-07-24,2316,楠梓電,3747,-101,24
2026-07-24,2317,鴻海,53711,-737,345
2026-07-24,2321,東訊,0,0,0
2026-07-24,2323,中環,29301,90,46
2026-07-24,2324,仁寶,57656,-464,924
2026-07-24,2327,國巨*,40006,-2547,348
2026-07-24,2328,廣宇,18419,47,42
2026-07-24,2329,華泰,16193,42,325
2026-07-24,2330,台積電,31915,-17,67
2026-07-24,2331,精英,10315,47,18
2026-07-24,2332,友訊,26652,1657,1167
2026-07-24,2337,旺宏,91348,346,3313
2026-07-24,2338,光罩,6326,-27,86
2026-07-24,2340,台亞,9102,-186,61
2026-07-24,2342,茂矽,4626,-94,40
2026-07-24,2344,華邦電,140747,-1690,2566
2026-07-24,2345,智邦,1458,-19,0
2026-07-24,2347,聯強,567,-34,9
2026-07-24,2348,海悅,2603,75,0
2026-07-24,2349,錸德,0,0,0
2026-07-24,2351,順德,13930,-221,42
2026-07-24,2352,佳世達,16483,-44,35
2026-07-24,2353,宏碁,40479,-11,2299
2026-07-24,2354,鴻準,25411,12,25
2026-07-24,2355,敬鵬,10643,-40,33
2026-07-24,2356,英業達,30178,407,360
2026-07-24,2357,華碩,2091,-88,21
2026-07-24,2359,所羅門,7085,-72,125
2026-07-24,2360,致茂,1357,-8,4
2026-07-24,2362,藍天,2345,11,6
2026-07-24,2363,矽統,18466,87,159
2026-07-24,2364,倫飛,722,-3,0
2026-07-24,2365,昆盈,9070,-23,56
2026-07-24,2367,燿華,31133,-102,690
2026-07-24,2368,金像電,4975,-4,259
2026-07-24,2369,菱生,14597,155,154
2026-07-24,2371,大同,50695,-21,333
2026-07-24,2373,震旦行,45,0,0
2026-07-24,2374,佳能,18241,99,55
2026-07-24,2375,凱美,6341,-141,106
2026-07-24,2376,技嘉,7148,31,471
2026-07-24,2377,微星,14541,-114,393
2026-07-24,2379,瑞昱,2744,-8,37
2026-07-24,2380,虹光,0,0,0
2026-07-24,2382,廣達,14203,145,111
2026-07-24,2383,台光電,1648,-45,33
2026-07-24,2385,群光,3281,-106,21
2026-07-24,2387,精元,1329,-3,0
2026-07-24,2388,威盛,11287,31,243
2026-07-24,2390,云辰,1931,-16,2
2026-07-24,2392,正崴,4653,-28,11
2026-07-24,2393,億光,2803,37,10
2026-07-24,2395,研華,2135,-52,12
2026-07-24,2397,友通,1669,20,0
2026-07-24,2399,映泰,12101,126,137
2026-07-24,2401,凌陽,8528,-74,148
2026-07-24,2402,毅嘉,13864,104,0
2026-07-24,2404,漢唐,2240,-77,2
2026-07-24,2405,輔信,8087,1,0
2026-07-24,2406,國碩,13795,233,461
2026-07-24,2408,南亞科,92320,2209,1376
2026-07-24,2409,友達,213801,-819,7
2026-07-24,2412,中華電,2532,13,88
2026-07-24,2413,環科,4516,6,19
2026-07-24,2414,精技,529,-41,19
2026-07-24,2415,錩新,2444,23,4
2026-07-24,2417,圓剛,3763,58,8
2026-07-24,2419,仲琦,6620,23,3
2026-07-24,2420,新巨,1139,-37,2
2026-07-24,2421,建準,5343,14,29
2026-07-24,2423,固緯,663,6,2
2026-07-24,2424,隴華,0,0,0
2026-07-24,2425,承啟,4745,68,46
2026-07-24,2426,鼎元,14937,905,347
2026-07-24,2427,三商電,5424,-7,16
2026-07-24,2428,興勤,2458,-2,20
2026-07-24,2429,銘旺科,1864,0,0
2026-07-24,2430,燦坤,98,1,7
2026-07-24,2431,聯昌,1646,0,0
2026-07-24,2432,倚天酷碁-創,324,0,0
2026-07-24,2433,互盛電,26,0,0
2026-07-24,2434,統懋,393,12,72
2026-07-24,2436,偉詮電,6395,51,846
2026-07-24,2438,翔耀,0,0,0
2026-07-24,2439,美律,3616,34,132
2026-07-24,2440,太空梭,1559,-28,0
2026-07-24,2441,超豐,8384,-167,222
2026-07-24,2442,新美齊,4068,-33,0
2026-07-24,2444,兆勁,0,0,0
2026-07-24,2449,京元電子,19974,-160,0
2026-07-24,2450,神腦,75,-1,0
2026-07-24,2451,創見,6402,663,260
2026-07-24,2453,凌群,2462,4,2
2026-07-24,2454,聯發科,9704,39,35
2026-07-24,2455,全新,9090,-399,396
2026-07-24,2457,飛宏,15265,-24,28
2026-07-24,2458,義隆,3482,-21,90
2026-07-24,2459,敦吉,98,-2,0
2026-07-24,2460,建通,293,0,0
2026-07-24,2461,光群雷,8506,-40,0
2026-07-24,2462,良得電,2543,0,0
2026-07-24,2464,盟立,13583,248,735
2026-07-24,2465,麗臺,3460,37,80
2026-07-24,2466,冠西電,5882,8,279
2026-07-24,2467,志聖,1956,-11,52
2026-07-24,2468,華經,3405,8,5
2026-07-24,2471,資通,1309,0,4
2026-07-24,2472,立隆電,6056,-125,22
2026-07-24,2474,可成,9635,-179,7
2026-07-24,2476,鉅祥,40286,326,41
2026-07-24,2477,美隆電,1139,0,45
2026-07-24,2478,大毅,8097,-162,44
2026-07-24,2480,敦陽科,346,-3,0
2026-07-24,2481,強茂,13080,-188,559
2026-07-24,2482,連宇,1788,3,0
2026-07-24,2483,百容,1785,-16,20
2026-07-24,2484,希華,17110,123,774
2026-07-24,2485,兆赫,13583,-11,203
2026-07-24,2486,一詮,23678,314,254
2026-07-24,2488,漢平,465,-1,0
2026-07-24,2489,瑞軒,33700,-745,233
2026-07-24,2491,吉祥全,2295,-13,10
2026-07-24,2492,華新科,9073,-226,30
2026-07-24,2493,揚博,9091,-116,7
2026-07-24,2495,普安,8824,-4,3
2026-07-24,2496,卓越,45,0,0
2026-07-24,2497,怡利電,3597,15,0
2026-07-24,2498,宏達電,29660,106,781
2026-07-24,2501,國建,4520,1,2
2026-07-24,2504,國產,4435,-178,0
2026-07-24,2505,國揚,3349,-50,0
2026-07-24,2506,太設,1850,0,0
2026-07-24,2509,全坤建,548,0,1
2026-07-24,2511,太子,3201,-40,1
2026-07-24,2514,龍邦,18098,14,1
2026-07-24,2515,中工,26673,465,38
2026-07-24,2516,新建,0,0,0
2026-07-24,2520,冠德,2354,-17,10
2026-07-24,2524,京城,3192,2,1
2026-07-24,2527,宏璟,5161,175,21
2026-07-24,2528,皇普,6480,-66,0
2026-07-24,2530,華建,6738,10,3
2026-07-24,2534,宏盛,11983,-24,52
2026-07-24,2535,達欣工,301,3,8
2026-07-24,2536,宏普,5445,-4,0
2026-07-24,2537,聯上發,3697,-79,1
2026-07-24,2538,基泰,2421,-69,0
2026-07-24,2539,櫻花建,2128,18,0
2026-07-24,2540,愛山林,2686,-55,7
2026-07-24,2542,興富發,5626,144,254
2026-07-24,2543,皇昌,10729,-24,19
2026-07-24,2545,皇翔,2763,9,0
2026-07-24,2546,根基,66,-2,0
2026-07-24,2547,日勝生,9474,-125,0
2026-07-24,2548,華固,2044,-50,4
2026-07-24,2597,潤弘,170,3,0
2026-07-24,2601,益航,409,0,0
2026-07-24,2603,長榮,15212,-110,250
2026-07-24,2605,新興,13980,-617,14
2026-07-24,2606,裕民,2912,-44,9
2026-07-24,2607,榮運,834,0,1
2026-07-24,2608,嘉里大榮,1411,-3,1
2026-07-24,2609,陽明,33106,-832,330
2026-07-24,2610,華航,50746,-994,89
2026-07-24,2611,志信,2026,0,1
2026-07-24,2612,中航,1819,2,0
2026-07-24,2613,中櫃,2054,-17,14
2026-07-24,2614,東森,5586,5,1
2026-07-24,2615,萬海,16843,-225,301
2026-07-24,2616,山隆,497,0,0
2026-07-24,2617,台航,2169,-140,5
2026-07-24,2618,長榮航,27333,-957,453
2026-07-24,2630,亞航,6398,172,163
2026-07-24,2633,台灣高鐵,1776,1,51
2026-07-24,2634,漢翔,28407,-427,669
2026-07-24,2636,台驊控股,626,-5,1
2026-07-24,2637,慧洋-KY,2717,119,61
2026-07-24,2642,宅配通,599,0,3
2026-07-24,2645,長榮航太,3353,227,22
2026-07-24,2646,星宇航空,3913,46,76
2026-07-24,2701,萬企,380,-2,0
2026-07-24,2702,華園,423,0,0
2026-07-24,2704,國賓,109,0,0
2026-07-24,2705,六福,561,-10,0
2026-07-24,2706,第一店,783,-19,0
2026-07-24,2707,晶華,132,-2,0
2026-07-24,2712,遠雄來,7,0,0
2026-07-24,2722,夏都,359,12,0
2026-07-24,2723,美食-KY,1677,8,1
2026-07-24,2727,王品,375,1,1
2026-07-24,2731,雄獅,923,-4,8
2026-07-24,2739,寒舍,845,-3,0
2026-07-24,2748,雲品,668,-4,0
2026-07-24,2753,八方雲集,525,-5,2
2026-07-24,2762,世界健身-KY,172,-5,0
2026-07-24,2801,彰銀,6649,117,208
2026-07-24,2812,台中銀,4594,-4,24
2026-07-24,2816,旺旺保,554,-2,1
2026-07-24,2820,華票,680,0,1
2026-07-24,2832,台產,556,4,0
2026-07-24,2834,臺企銀,10565,-469,61
2026-07-24,2836,高雄銀,5741,-19,0
2026-07-24,2838,聯邦銀,699,-45,7
2026-07-24,2845,遠東銀,4127,-115,34
2026-07-24,2849,安泰銀,185,4,0
2026-07-24,2850,新產,249,4,0
2026-07-24,2851,中再保,816,-5,2
2026-07-24,2852,第一保,1319,0,0
2026-07-24,2855,統一證,6966,-39,108
2026-07-24,2867,三商壽,3563,193,12
2026-07-24,2880,華南金,1081,560,27
2026-07-24,2881,富邦金,6709,157,164
2026-07-24,2882,國泰金,5266,45,192
2026-07-24,2883,凱基金,13020,-53,122
2026-07-24,2884,玉山金,5280,-163,136
2026-07-24,2885,元大金,3317,-17,10
2026-07-24,2886,兆豐金,723,194,47
2026-07-24,2887,台新新光金,40988,-1851,56
2026-07-24,2889,國票金,2632,5,27
2026-07-24,2890,永豐金,3198,147,26
2026-07-24,2891,中信金,4125,-49,11
2026-07-24,2892,第一金,1346,-905,10
2026-07-24,2897,王道銀行,1776,-104,3
2026-07-24,2901,欣欣,473,-2,0
2026-07-24,2903,遠百,1301,-42,0
2026-07-24,2904,匯僑,36,1,0
2026-07-24,2905,三商,7658,117,1
2026-07-24,2906,高林,739,36,0
2026-07-24,2908,特力,14130,-51,0
2026-07-24,2910,統領,44,3,0
2026-07-24,2911,麗嬰房,161,3,0
2026-07-24,2912,統一超,492,-54,0
2026-07-24,2913,農林,7119,-101,0
2026-07-24,2915,潤泰全,8693,39,9
2026-07-24,2929,淘帝-KY,1985,9,0
2026-07-24,2939,永邑-KY,269,10,0
2026-07-24,3002,歐格,1997,-8,0
2026-07-24,3003,健和興,3463,-3,8
2026-07-24,3004,豐達科,1889,1,7
2026-07-24,3005,神基,8688,-35,49
2026-07-24,3006,晶豪科,17927,292,330
2026-07-24,3008,大立光,1850,-81,8
2026-07-24,3010,華立,1152,-113,7
2026-07-24,3011,今皓,2679,24,40
2026-07-24,3013,晟銘電,9963,50,31
2026-07-24,3014,聯陽,2283,-24,58
2026-07-24,3015,全漢,2625,33,0
2026-07-24,3016,嘉晶,7802,-221,264
2026-07-24,3017,奇鋐,4531,22,44
2026-07-24,3018,隆銘綠能,0,0,0
2026-07-24,3019,亞光,11708,-18,40
2026-07-24,3021,鴻名,611,-3,0
2026-07-24,3022,威強電,6052,-124,17
2026-07-24,3023,信邦,1387,88,14
2026-07-24,3024,憶聲,8235,-89,13
2026-07-24,3025,星通,1713,-1,0
2026-07-24,3026,禾伸堂,8888,-469,130
2026-07-24,3027,盛達,4724,9,1
2026-07-24,3028,增你強,3456,39,40
2026-07-24,3029,零壹,3312,-13,12
2026-07-24,3030,德律,10956,58,35
2026-07-24,3031,佰鴻,7148,-6,3
2026-07-24,3032,偉訓,8144,9,17
2026-07-24,3033,威健,10552,-223,343
2026-07-24,3034,聯詠,2491,0,21
2026-07-24,3035,智原,11273,-125,161
2026-07-24,3036,文曄,15336,471,580
2026-07-24,3037,欣興,39509,-558,372
2026-07-24,3038,全台,1203,26,0
2026-07-24,3040,遠見,11865,-70,15
2026-07-24,3041,揚智,3714,-41,16
2026-07-24,3042,晶技,13787,756,120
2026-07-24,3043,科風,982,-2,0
2026-07-24,3044,健鼎,6158,58,24
2026-07-24,3045,台灣大,328,-206,76
2026-07-24,3046,建碁,992,19,7
2026-07-24,3047,訊舟,6722,12,11
2026-07-24,3048,益登,6277,-17,51
2026-07-24,3049,精金,0,0,0
2026-07-24,3050,鈺德,3261,-18,0
2026-07-24,3051,力特,4200,-79,0
2026-07-24,3052,夆典,1769,7,0
2026-07-24,3054,立萬利,958,-2,0
2026-07-24,3055,蔚華科,6341,55,241
2026-07-24,3056,富華新,3817,-7,4
2026-07-24,3057,喬鼎,0,0,0
2026-07-24,3058,立德,0,0,0
2026-07-24,3059,華晶科,11851,-18,32
2026-07-24,3060,銘異,9118,-72,14
2026-07-24,3062,建漢,11395,-85,69
2026-07-24,3090,日電貿,4342,-102,33
2026-07-24,3092,鴻碩,3701,9,23
2026-07-24,3094,聯傑,2872,11,59
2026-07-24,3130,一零四,10,-1,0
2026-07-24,3135,凌航,2445,172,97
2026-07-24,3138,耀登,2436,2,0
2026-07-24,3149,正達,21495,338,4237
2026-07-24,3150,鈺寶-創,262,0,0
2026-07-24,3164,景岳,284,0,0
2026-07-24,3167,大量,11559,-292,106
2026-07-24,3168,眾福科,37,0,0
2026-07-24,3189,景碩,19709,-17,214
2026-07-24,3209,全科,5775,11,48
2026-07-24,3229,晟鈦,0,0,0
2026-07-24,3231,緯創,50869,-488,2279
2026-07-24,3257,虹冠電,2808,-35,4
2026-07-24,3266,昇陽,341,-10,0
2026-07-24,3296,勝德,1858,11,2
2026-07-24,3305,昇貿,7399,-24,16
2026-07-24,3308,聯德,695,5,0
2026-07-24,3311,閎暉,2731,38,0
2026-07-24,3312,弘憶股,5330,-14,38
2026-07-24,3321,同泰,0,0,0
2026-07-24,3338,泰碩,3836,-14,4
2026-07-24,3346,麗清,3018,42,3
2026-07-24,3356,奇偶,1821,-5,1
2026-07-24,3376,新日興,12717,155,69
2026-07-24,3380,明泰,5549,28,9
2026-07-24,3406,玉晶光,2577,-111,34
2026-07-24,3413,京鼎,5243,-137,4
2026-07-24,3416,融程電,1222,164,14
2026-07-24,3419,譁裕,1092,0,0
2026-07-24,3432,台端,0,0,0
2026-07-24,3437,榮創,3056,-30,16
2026-07-24,3443,創意,4497,-45,21
2026-07-24,3447,展達,2311,-23,21
2026-07-24,3450,聯鈞,17954,458,302
2026-07-24,3481,群創,376086,-4066,8165
2026-07-24,3494,誠研,0,0,0
2026-07-24,3501,維熹,1176,-1,0
2026-07-24,3504,揚明光,2834,20,36
2026-07-24,3515,華擎,1707,15,1
2026-07-24,3518,柏騰,4086,10,23
2026-07-24,3528,安馳,2306,19,0
2026-07-24,3530,晶相光,1303,1,0
2026-07-24,3532,台勝科,9216,-444,627
2026-07-24,3533,嘉澤,631,-34,1
2026-07-24,3535,晶彩科,5673,-25,69
2026-07-24,3543,州巧,4492,-134,20
2026-07-24,3545,敦泰,4491,23,19
2026-07-24,3550,聯穎,13841,17,11
2026-07-24,3557,嘉威,424,-1,0
2026-07-24,3563,牧德,5435,132,2
2026-07-24,3576,聯合再生,0,0,0
2026-07-24,3583,辛耘,2116,20,0
2026-07-24,3588,通嘉,1781,18,0
2026-07-24,3591,艾笛森,26897,36,13
2026-07-24,3592,瑞鼎,920,-29,1
2026-07-24,3593,力銘,0,0,0
2026-07-24,3596,智易,1342,-35,25
2026-07-24,3605,宏致,9979,26,168
2026-07-24,3607,谷崧,1811,-40,0
2026-07-24,3617,碩天,1964,0,9
2026-07-24,3622,洋華,1867,-4,0
2026-07-24,3645,達邁,5824,-93,13
2026-07-24,3652,精聯,675,144,0
2026-07-24,3653,健策,2388,-77,6
2026-07-24,3661,世芯-KY,5939,52,43
2026-07-24,3665,貿聯-KY,2469,-104,37
2026-07-24,3669,圓展,1088,146,15
2026-07-24,3673,TPK-KY,16229,-62,54
2026-07-24,3679,新至陞,119,-1,0
2026-07-24,3686,達能,0,0,0
2026-07-24,3694,海華,7209,90,14
2026-07-24,3701,大眾控,6741,-7,57
2026-07-24,3702,大聯大,6404,115,538
2026-07-24,3703,欣陸,1497,62,0
2026-07-24,3704,合勤控,5995,454,48
2026-07-24,3705,永信,378,0,0
2026-07-24,3706,神達,32222,-2,220
2026-07-24,3708,上緯投控,2983,0,14
2026-07-24,3711,日月光投控,11272,46,83
2026-07-24,3712,永崴投控,2779,-10,130
2026-07-24,3714,富采,27544,-229,113
2026-07-24,3715,定穎投控,22412,-311,471
2026-07-24,3716,中化控股,499,2,0
2026-07-24,3717,聯嘉投控,9663,-161,107
2026-07-24,4104,佳醫,80,0,0
2026-07-24,4106,雃博,669,-5,0
2026-07-24,4108,懷特,0,0,0
2026-07-24,4119,旭富,592,-5,0
2026-07-24,4133,亞諾法,1273,-2,11
2026-07-24,4137,麗豐-KY,1077,0,0
2026-07-24,4142,國光生,6552,-17,2
2026-07-24,4148,全宇生技-KY,401,1,0
2026-07-24,4155,訊映,854,-3,0
2026-07-24,4164,承業醫,6946,-17,0
2026-07-24,4190,佐登-KY,297,-1,0
2026-07-24,4306,炎洲,4631,12,0
2026-07-24,4414,如興,751,-7,0
2026-07-24,4426,利勤,914,-12,0
2026-07-24,4438,廣越,792,0,0
2026-07-24,4439,冠星-KY,242,-2,5
2026-07-24,4440,宜新實業,154,0,0
2026-07-24,4441,振大環球,160,2,1
2026-07-24,4526,東台,6644,-27,0
2026-07-24,4532,瑞智,2656,28,1
2026-07-24,4536,拓凱,623,-12,0
2026-07-24,4540,全球傳動,4120,-30,71
2026-07-24,4545,銘鈺,1286,-4,0
2026-07-24,4551,智伸科,3208,-124,0
2026-07-24,4552,力達-KY,2100,17,12
2026-07-24,4555,氣立,2812,-31,29
2026-07-24,4557,永新-KY,330,-2,0
2026-07-24,4560,強信-KY,287,0,0
2026-07-24,4562,穎漢,2021,6,38
2026-07-24,4564,元翎,11135,-36,32
2026-07-24,4566,時碩工業,4255,339,34
2026-07-24,4569,六方科-KY,732,-7,0
2026-07-24,4571,鈞興-KY,1045,-2,0
2026-07-24,4572,駐龍,322,0,1
2026-07-24,4576,大銀微系統,2445,4,24
2026-07-24,4581,光隆精密-KY,26,-5,0
2026-07-24,4583,台灣精銳,3575,-22,3
2026-07-24,4585,達明,658,-3,59
2026-07-24,4588,玖鼎電力,428,-3,1
2026-07-24,4720,德淵,3695,-17,8
2026-07-24,4722,國精化,11883,-205,93
2026-07-24,4736,泰博,212,-4,0
2026-07-24,4737,華廣,1554,6,0
2026-07-24,4739,康普,9950,125,87
2026-07-24,4746,台耀,2097,13,0
2026-07-24,4755,三福化,1125,-86,2
2026-07-24,4763,材料*-KY,43360,525,13
2026-07-24,4764,雙鍵,5698,-289,104
2026-07-24,4766,南寶,1195,-10,0
2026-07-24,4770,上品,1122,24,13
2026-07-24,4771,望隼,540,0,0
2026-07-24,4807,日成-KY,1350,15,2
2026-07-24,4904,遠傳,164,-215,8
2026-07-24,4906,正文,30180,-45,69
2026-07-24,4912,聯德控股-KY,3691,10,1
2026-07-24,4915,致伸,3882,16,42
2026-07-24,4916,事欣科,7859,66,8
2026-07-24,4919,新唐,15586,-94,1844
2026-07-24,4927,泰鼎-KY,28710,-125,751
2026-07-24,4930,燦星網,3775,0,0
2026-07-24,4934,太極,0,0,0
2026-07-24,4935,茂林-KY,630,-4,0
2026-07-24,4938,和碩,5598,-37,52
2026-07-24,4942,嘉彰,605,0,0
2026-07-24,4943,康控-KY,0,0,0
2026-07-24,4949,有成精密,3290,12,60
2026-07-24,4952,凌通,1442,-11,4
2026-07-24,4956,光鋐,6367,-6,10
2026-07-24,4958,臻鼎-KY,30350,-777,518
2026-07-24,4960,誠美材,16203,45,96
2026-07-24,4961,天鈺,1577,-7,5
2026-07-24,4967,十銓,8372,184,104
2026-07-24,4968,立積,5848,1,33
2026-07-24,4976,佳凌,4653,18,36
2026-07-24,4977,眾達-KY,6816,111,117
2026-07-24,4989,榮科,17372,-759,3557
2026-07-24,4994,傳奇,2309,6,2
2026-07-24,4999,鑫禾,401,0,9
2026-07-24,5007,三星,7,0,0
2026-07-24,5203,訊連,1201,-3,2
2026-07-24,5215,科嘉-KY,675,0,0
2026-07-24,5222,全訊,1917,2,9
2026-07-24,5225,東科-KY,1434,-2,2
2026-07-24,5234,達興材料,1595,16,11
2026-07-24,5236,凌陽創新,197,-1,4
2026-07-24,5243,乙盛-KY,10590,54,14
2026-07-24,5244,弘凱,2657,-5,23
2026-07-24,5258,虹堡,4056,37,3
2026-07-24,5269,祥碩,2114,-16,149
2026-07-24,5283,禾聯碩,92,0,0
2026-07-24,5284,jpp-KY,3823,-36,6
2026-07-24,5285,界霖,5121,-31,52
2026-07-24,5288,豐祥-KY,2573,-4,1
2026-07-24,5292,華懋,973,-7,0
2026-07-24,5306,桂盟,545,-19,0
2026-07-24,5388,中磊,5600,21,18
2026-07-24,5434,崇越,941,-14,1
2026-07-24,5469,瀚宇博,14386,53,46
2026-07-24,5471,松翰,4660,-10,23
2026-07-24,5484,慧友,0,0,0
2026-07-24,5515,建國,1873,35,4
2026-07-24,5519,隆大,832,-5,58
2026-07-24,5521,工信,14653,-13,0
2026-07-24,5522,遠雄,933,-7,3
2026-07-24,5525,順天,351,-21,0
2026-07-24,5531,鄉林,3390,0,11
2026-07-24,5533,皇鼎,470,0,0
2026-07-24,5534,長虹,3507,-32,0
2026-07-24,5538,東明-KY,10,0,0
2026-07-24,5546,永固-KY,24,7,0
2026-07-24,5607,遠雄港,1625,31,0
2026-07-24,5608,四維航,4315,3,77
2026-07-24,5706,鳳凰,731,-11,20
2026-07-24,5871,中租-KY,4270,-55,0
2026-07-24,5876,上海商銀,561,42,0
2026-07-24,5880,合庫金,1898,-29,2
2026-07-24,5906,台南-KY,24,-1,0
2026-07-24,5907,大洋-KY,5440,2,3
2026-07-24,6005,群益證,5235,83,5
2026-07-24,6024,群益期,172,-7,0
2026-07-24,6108,競國,1468,-3,0
2026-07-24,6112,邁達特,3238,-1,11
2026-07-24,6115,鎰勝,90,0,0
2026-07-24,6116,彩晶,36571,-417,6000
2026-07-24,6117,迎廣,2546,-17,18
2026-07-24,6120,達運,7363,-21,4
2026-07-24,6128,上福,1222,14,0
2026-07-24,6133,金橋,3080,36,11
2026-07-24,6136,富爾特,2685,8,0
2026-07-24,6139,亞翔,7977,-8,93
2026-07-24,6141,柏承,36,0,0
2026-07-24,6142,友勁,0,0,0
2026-07-24,6152,百一,0,0,0
2026-07-24,6153,嘉聯益,14456,185,39
2026-07-24,6155,鈞寶,3354,-28,25
2026-07-24,6164,華興,3772,32,1
2026-07-24,6165,浪凡,8204,-1,6
2026-07-24,6166,凌華,3639,254,243
2026-07-24,6168,宏齊,5178,-59,245
2026-07-24,6176,瑞儀,6895,12,12
2026-07-24,6177,達麗,2584,-54,4
2026-07-24,6183,關貿,8,0,0
2026-07-24,6184,大豐電,493,0,0
2026-07-24,6189,豐藝,2426,-2,4
2026-07-24,6191,精成科,21465,-9,45
2026-07-24,6192,巨路,768,0,0
2026-07-24,6196,帆宣,1633,-6,11
2026-07-24,6197,佳必琪,5290,-64,149
2026-07-24,6201,亞弘電,30,1,0
2026-07-24,6202,盛群,6057,15,29
2026-07-24,6205,詮欣,4478,-51,6
2026-07-24,6206,飛捷,2212,150,0
2026-07-24,6209,今國光,13752,249,51
2026-07-24,6213,聯茂,18384,670,551
2026-07-24,6214,精誠,1638,-62,1
2026-07-24,6215,和椿,5488,24,14
2026-07-24,6216,居易,697,-2,10
2026-07-24,6224,聚鼎,2014,-5,9
2026-07-24,6225,天瀚,0,0,0
2026-07-24,6226,光鼎,2713,346,34
2026-07-24,6230,尼得科超眾,465,-1,0
2026-07-24,6235,華孚,4974,7,30
2026-07-24,6239,力成,23140,161,3
2026-07-24,6243,迅杰,1898,188,198
2026-07-24,6257,矽格,10405,458,47
2026-07-24,6269,台郡,10086,-152,156
2026-07-24,6271,同欣電,7173,-135,18
2026-07-24,6272,驊陞,23,2,0
2026-07-24,6277,宏正,349,1,24
2026-07-24,6278,台表科,10092,-47,80
2026-07-24,6281,全國電,48,0,0
2026-07-24,6282,康舒,29881,-42,408
2026-07-24,6283,淳安,2492,-31,1
2026-07-24,6285,啟碁,16092,137,131
2026-07-24,6405,悅城,5840,-405,22
2026-07-24,6409,旭隼,1030,-48,0
2026-07-24,6412,群電,2986,-14,6
2026-07-24,6414,樺漢,2560,-237,888
2026-07-24,6415,矽力*-KY,4440,-29,93
2026-07-24,6416,瑞祺電通,4280,59,0
2026-07-24,6426,統新,2373,136,15
2026-07-24,6431,光麗-KY,0,0,0
2026-07-24,6438,迅得,4119,24,8
2026-07-24,6442,光聖,4601,202,10
2026-07-24,6443,元晶,12888,-73,484
2026-07-24,6446,藥華藥,7909,-40,23
2026-07-24,6449,鈺邦,2320,-15,28
2026-07-24,6451,訊芯-KY,8198,8,0
2026-07-24,6456,GIS-KY,12320,154,218
2026-07-24,6464,台數科,2,0,0
2026-07-24,6472,保瑞,3688,5,11
2026-07-24,6477,安集,3796,104,579
2026-07-24,6491,晶碩,528,-6,1
2026-07-24,6504,南六,126,-3,0
2026-07-24,6505,台塑化,16314,2467,1726
2026-07-24,6515,穎崴,446,-3,1
2026-07-24,6525,捷敏-KY,3065,-270,20
2026-07-24,6526,達發,1503,-37,3
2026-07-24,6531,愛普*,7894,125,36
2026-07-24,6533,晶心科,2416,3,20
2026-07-24,6534,正瀚-創,1798,-5,0
2026-07-24,6541,泰福-KY,3739,-2,0
2026-07-24,6550,北極星藥業-KY,0,0,0
2026-07-24,6552,易華電,1126,-2,22
2026-07-24,6558,興能高,3596,-30,16
2026-07-24,6573,虹揚-KY,0,0,0
2026-07-24,6579,研揚,1481,286,52
2026-07-24,6581,鋼聯,5,0,0
2026-07-24,6582,申豐,365,0,0
2026-07-24,6585,鼎基,2583,52,93
2026-07-24,6589,台康生技,3064,-18,0
2026-07-24,6591,動力-KY,2126,-8,16
2026-07-24,6592,和潤企業,683,3,1
2026-07-24,6598,ABC-KY,0,0,0
2026-07-24,6605,帝寶,2407,-35,0
2026-07-24,6606,建德工業,564,0,0
2026-07-24,6614,資拓宏宇,58,0,0
2026-07-24,6625,必應,842,-4,0
2026-07-24,6641,基士德-KY,102,1,1
2026-07-24,6645,金萬林-創,11,-1,0
2026-07-24,6655,科定,0,0,0
2026-07-24,6657,華安,1387,-14,0
2026-07-24,6658,聯策,1584,3,4
2026-07-24,6666,羅麗芬-KY,288,2,0
2026-07-24,6668,中揚光,2801,-30,1
2026-07-24,6669,緯穎,1708,-58,20
2026-07-24,6670,復盛應用,390,-12,1
2026-07-24,6671,三能-KY,81,8,0
2026-07-24,6672,騰輝電子-KY,5956,25,341
2026-07-24,6674,鋐寶科技,266,-1,3
2026-07-24,6689,伊雲谷,1410,4,0
2026-07-24,6691,洋基工程,1516,14,24
2026-07-24,6695,芯鼎,3785,20,44
2026-07-24,6698,旭暉應材,2439,7,0
2026-07-24,6706,惠特,8548,61,74
2026-07-24,6715,嘉基,7051,153,0
2026-07-24,6719,力智,4296,-85,16
2026-07-24,6722,輝創,4,4,0
2026-07-24,6742,澤米,2041,-24,17
2026-07-24,6743,安普新,602,10,0
2026-07-24,6753,龍德造船,5815,144,112
2026-07-24,6754,匯僑設計,131,0,0
2026-07-24,6756,威鋒電子,680,-7,2
2026-07-24,6757,台灣虎航,3529,6,0
2026-07-24,6768,志強-KY,1280,23,16
2026-07-24,6770,力積電,159977,3212,3207
2026-07-24,6771,平和環保-創,80,0,0
2026-07-24,6776,展碁國際,883,-9,0
2026-07-24,6781,AES-KY,2781,7,2
2026-07-24,6782,視陽,471,14,0
2026-07-24,6789,采鈺,5776,33,31
2026-07-24,6790,永豐實,597,0,0
2026-07-24,6792,詠業,289,-1,0
2026-07-24,6794,向榮生技,258,-3,0
2026-07-24,6796,晉弘,545,-1,0
2026-07-24,6799,來頡,2062,-7,0
2026-07-24,6805,富世達,2581,21,11
2026-07-24,6807,峰源-KY,140,1,0
2026-07-24,6830,汎銓,4110,136,56
2026-07-24,6831,邁科,502,7,7
2026-07-24,6834,天二科技,3865,-166,97
2026-07-24,6835,圓裕,824,3,4
2026-07-24,6838,台新藥,2594,0,0
2026-07-24,6854,錼創科技-KY創,3411,-52,4
2026-07-24,6861,睿生光電,2157,-23,7
2026-07-24,6862,三集瑞-KY,1086,-11,10
2026-07-24,6863,永道-KY,946,17,6
2026-07-24,6869,雲豹能源,3237,1,76
2026-07-24,6873,泓德能源,3940,10,57
2026-07-24,6885,全福生技,2286,-2,20
2026-07-24,6887,寶綠特-KY,890,8,0
2026-07-24,6890,來億-KY,852,11,2
2026-07-24,6901,鑽石投資,6181,-122,31
2026-07-24,6902,GOGOLOOK,630,9,0
2026-07-24,6906,現觀科,523,1,0
2026-07-24,6909,創控,1642,11,16
2026-07-24,6914,阜爾運通,328,2,0
2026-07-24,6916,華凌,401,-1,0
2026-07-24,6918,愛派司,98,-1,0
2026-07-24,6919,康霈*,0,0,0
2026-07-24,6923,中台,1780,1,0
2026-07-24,6928,攸泰科技,1081,40,22
2026-07-24,6931,青松健康,123,0,0
2026-07-24,6933,AMAX-KY,796,10,1
2026-07-24,6936,永鴻生技,242,0,0
2026-07-24,6937,天虹,1742,-8,11
2026-07-24,6944,兆聯實業,770,27,14
2026-07-24,6949,沛爾生醫-創,5282,-2,4
2026-07-24,6951,青新-創,77,0,0
2026-07-24,6952,大武山,20,-5,0
2026-07-24,6957,裕慶-KY,1627,25,39
2026-07-24,6958,日盛台駿,169,-1,0
2026-07-24,6962,奕力-KY,9144,-10,3
2026-07-24,6965,中傑-KY,39,0,0
2026-07-24,6994,富威電力,3060,14,12
2026-07-24,7631,聚賢研發-創,14,8,0
2026-07-24,7705,三商餐飲,94,0,0
2026-07-24,7711,永擎,514,4,0
2026-07-24,7721,微程式,1181,8,0
2026-07-24,7722,LINEPAY,732,1,0
2026-07-24,7730,暉盛-創,658,-14,3
2026-07-24,7732,金興精密,107,0,0
2026-07-24,7736,虎山,70,0,0
2026-07-24,7740,熙特爾-創,1850,31,1
2026-07-24,7749,意騰-KY,1141,0,0
2026-07-24,7750,新代,583,5,4
2026-07-24,7765,中華資安,468,0,0
2026-07-24,7769,鴻勁,333,31,0
2026-07-24,7780,大研生醫*,264,-5,0
2026-07-24,7786,東方風能,209,6,0
2026-07-24,7788,松川精密,1979,-19,32
2026-07-24,7791,皇家可口,16,0,0
2026-07-24,7795,長廣,60,36,0
2026-07-24,7799,禾榮科,1257,9,2
2026-07-24,8011,台通,3518,-65,32
2026-07-24,8016,矽創,1735,-11,5
2026-07-24,8021,尖點,10722,-749,76
2026-07-24,8028,昇陽半導體,6087,-107,62
2026-07-24,8033,雷虎,7671,635,1225
2026-07-24,8039,台虹,24125,48,2959
2026-07-24,8045,達運光電,5051,19,0
2026-07-24,8046,南電,10893,-207,716
2026-07-24,8070,長華*,6893,-14,3
2026-07-24,8072,陞泰,1930,5,0
2026-07-24,8081,致新,1707,69,3
2026-07-24,8101,華冠,0,0,0
2026-07-24,8103,瀚荃,3503,-45,4
2026-07-24,8104,錸寶,4377,1,2
2026-07-24,8105,凌巨,8723,26,560
2026-07-24,8110,華東,17611,4,245
2026-07-24,8112,至上,16827,-526,2861
2026-07-24,8114,振樺電,1940,-479,12
2026-07-24,8131,福懋科,5903,-94,49
2026-07-24,8150,南茂,22323,-1571,961
2026-07-24,8162,微矽電子-創,1982,16,0
2026-07-24,8163,達方,2662,6,55
2026-07-24,8201,無敵,0,0,0
2026-07-24,8210,勤誠,2373,59,22
2026-07-24,8213,志超,3960,-5,1
2026-07-24,8215,明基材,3424,15,1
2026-07-24,8222,寶一,3452,36,25
2026-07-24,8249,菱光,4180,3,19
2026-07-24,8261,富鼎,8995,-516,87
2026-07-24,8271,宇瞻,5669,11,207
2026-07-24,8341,日友,370,0,0
2026-07-24,8367,建新國際,11,0,0
2026-07-24,8374,羅昇,1749,35,1
2026-07-24,8404,百和興業-KY,3922,12,0
2026-07-24,8411,福貞-KY,21,0,0
2026-07-24,8422,可寧衛*,28383,48,63
2026-07-24,8429,金麗-KY,13721,-3,0
2026-07-24,8438,昶昕,5132,37,0
2026-07-24,8442,威宏-KY,768,2,20
2026-07-24,8443,阿瘦,28,0,0
2026-07-24,8454,富邦媒,1405,9,52
2026-07-24,8462,柏文,1072,-4,2
2026-07-24,8463,潤泰材,121,0,0
2026-07-24,8464,億豐,65,-1,0
2026-07-24,8466,美吉吉-KY,1297,-6,0
2026-07-24,8467,波力-KY,252,-2,0
2026-07-24,8473,山林水,2517,-24,1
2026-07-24,8476,台境*,18401,111,798
2026-07-24,8478,東哥遊艇,1175,7,0
2026-07-24,8481,政伸,5,0,0
2026-07-24,8482,商億-KY,160,0,0
2026-07-24,8487,愛爾達-創,37,1,0
2026-07-24,8488,吉源-KY,20,-1,0
2026-07-24,8499,鼎炫-KY,590,1,0
2026-07-24,8926,台汽電,7582,-8,76
2026-07-24,8940,新天地,105,-1,0
2026-07-24,8996,高力,4439,-25,118
2026-07-24,9802,鈺齊-KY,2414,-12,18
2026-07-24,9902,台火,3384,-111,1
2026-07-24,9904,寶成,26427,-70,3
2026-07-24,9905,大華,24,0,0
2026-07-24,9906,欣巴巴,429,-3,4
2026-07-24,9907,統一實,3970,-133,2
2026-07-24,9908,大台北,166,20,0
2026-07-24,9910,豐泰,2420,9,2
2026-07-24,9911,櫻花,395,0,0
2026-07-24,9912,偉聯,0,0,0
2026-07-24,9914,美利達,2633,-27,50
2026-07-24,9917,中保科,98,-48,0
2026-07-24,9918,欣天然,112,43,0
2026-07-24,9919,康那香,8239,15,11
2026-07-24,9921,巨大,1984,-136,185
2026-07-24,9924,福興,724,0,0
2026-07-24,9925,新保,3,-69,0
2026-07-24,9926,新海,15,0,0
2026-07-24,9927,泰銘,57,-1,0
2026-07-24,9928,中視,462,-1,0
2026-07-24,9929,秋雨,0,0,0
2026-07-24,9930,中聯資源,21,0,0
2026-07-24,9931,欣高,73,0,0
2026-07-24,9933,中鼎,4013,-17,3
2026-07-24,9934,成霖,5976,-26,6
2026-07-24,9935,慶豐富,1178,15,0
2026-07-24,9937,全國,136,-1,0
2026-07-24,9938,百和,3496,31,2
2026-07-24,9939,宏全,1218,-55,2
2026-07-24,9940,信義,1251,-25,0
2026-07-24,9941,裕融,1059,17,3
2026-07-24,9942,茂順,57,0,0
2026-07-24,9943,好樂迪,89,0,0
2026-07-24,9944,新麗,5510,1,0
2026-07-24,9945,潤泰新,21058,-60,10
2026-07-24,9946,三發地產,1079,-15,0
2026-07-24,9955,佳龍,1301,-21,0
2026-07-24,9958,世紀鋼,8883,17,4
2026-07-27,1101,台泥,31530,-1210,80
2026-07-27,1102,亞泥,1424,-116,0
2026-07-27,1103,嘉泥,4077,-38,0
2026-07-27,1104,環泥,1680,-5,0
2026-07-27,1108,幸福,426,-28,44
2026-07-27,1109,信大,265,-10,1
2026-07-27,1110,東泥,2695,-20,0
2026-07-27,1201,味全,1475,7,0
2026-07-27,1203,味王,2,0,0
2026-07-27,1210,大成,628,50,0
2026-07-27,1213,大飲,0,0,0
2026-07-27,1215,卜蜂,413,-8,35
2026-07-27,1216,統一,480,-2,0
2026-07-27,1217,愛之味,918,5,3
2026-07-27,1218,泰山,1790,286,125
2026-07-27,1219,福壽,412,-96,105
2026-07-27,1220,台榮,867,-1,0
2026-07-27,1225,福懋油,6933,-1,9
2026-07-27,1227,佳格,929,1,2
2026-07-27,1229,聯華,3470,7,19
2026-07-27,1231,聯華食,263,8,0
2026-07-27,1232,大統益,238,-4,0
2026-07-27,1233,天仁,17,0,0
2026-07-27,1234,黑松,16,0,0
2026-07-27,1235,興泰,1162,0,0
2026-07-27,1236,宏亞,182,0,0
2026-07-27,1256,鮮活果汁-KY,338,4,6
2026-07-27,1301,台塑,25842,-1121,652
2026-07-27,1303,南亞,35624,-4368,1534
2026-07-27,1304,台聚,11852,-136,135
2026-07-27,1305,華夏,6772,-131,42
2026-07-27,1307,三芳,1367,51,0
2026-07-27,1308,亞聚,6782,-103,53
2026-07-27,1309,台達化,8376,-311,266
2026-07-27,1310,台苯,14104,8,866
2026-07-27,1312,國喬,33323,8,241
2026-07-27,1313,聯成,11486,-328,70
2026-07-27,1314,中石化,78699,-2299,224
2026-07-27,1315,達新,18,0,0
2026-07-27,1316,上曜,10852,-16,20
2026-07-27,1319,東陽,6996,-45,13
2026-07-27,1321,大洋,7161,-13,0
2026-07-27,1323,永裕,84,0,0
2026-07-27,1324,地球,1277,0,0
2026-07-27,1325,恆大,2221,-45,114
2026-07-27,1326,台化,36117,-2555,607
2026-07-27,1337,再生-KY,21404,1,0
2026-07-27,1338,廣華-KY,3907,-6,0
2026-07-27,1339,昭輝,885,2,0
2026-07-27,1340,勝悅-KY,990,0,0
2026-07-27,1342,八貫,647,9,0
2026-07-27,1402,遠東新,7182,60,34
2026-07-27,1409,新纖,23940,-501,109
2026-07-27,1410,南染,293,-14,0
2026-07-27,1413,宏洲,0,0,0
2026-07-27,1414,東和,1003,-138,1
2026-07-27,1416,廣豐,3345,-1,1
2026-07-27,1417,嘉裕,1933,-2,0
2026-07-27,1418,東華,783,0,0
2026-07-27,1419,新紡,1256,1,0
2026-07-27,1423,利華,87,0,0
2026-07-27,1432,大魯閣,156,0,38
2026-07-27,1434,福懋,7947,-243,6
2026-07-27,1435,中福,0,0,0
2026-07-27,1436,華友聯,1004,18,36
2026-07-27,1437,勤益控,2489,57,0
2026-07-27,1438,三地開發,135,0,0
2026-07-27,1439,雋揚,1043,-2,0
2026-07-27,1440,南紡,5528,3,2
2026-07-27,1441,大東,0,0,0
2026-07-27,1442,名軒,2723,-96,8
2026-07-27,1443,立益物流,31,0,0
2026-07-27,1444,力麗,569,0,0
2026-07-27,1445,大宇,1357,-1,30
2026-07-27,1446,宏和,1630,-23,1
2026-07-27,1447,力鵬,795,0,0
2026-07-27,1449,佳和,3191,32,0
2026-07-27,1451,年興,685,-73,0
2026-07-27,1452,宏益,109,0,0
2026-07-27,1453,大將,1043,-1,4
2026-07-27,1454,台富,2168,0,0
2026-07-27,1455,集盛,3198,24,1
2026-07-27,1456,怡華,714,-70,0
2026-07-27,1457,宜進,708,-1,1
2026-07-27,1459,聯發,437,0,0
2026-07-27,1460,宏遠,0,0,0
2026-07-27,1463,強盛新,471,5,0
2026-07-27,1464,得力,2070,-14,0
2026-07-27,1465,偉全,3295,5,0
2026-07-27,1466,聚隆,2942,84,13
2026-07-27,1467,南緯,6537,-106,16
2026-07-27,1468,昶和,0,0,0
2026-07-27,1470,大統新創,6,0,0
2026-07-27,1471,首利,0,0,0
2026-07-27,1472,三洋實業,3893,0,2
2026-07-27,1473,台南,831,-1,0
2026-07-27,1474,弘裕,3379,0,0
2026-07-27,1475,業旺,459,-1,0
2026-07-27,1476,儒鴻,821,0,15
2026-07-27,1477,聚陽,1556,-26,0
2026-07-27,1503,士電,2989,-37,22
2026-07-27,1504,東元,30563,-20,66
2026-07-27,1506,正道,0,0,0
2026-07-27,1512,瑞利,0,0,0
2026-07-27,1513,中興電,7987,57,16
2026-07-27,1514,亞力,6713,4,0
2026-07-27,1515,力山,2931,-212,178
2026-07-27,1516,川飛,2,0,0
2026-07-27,1517,利奇,2164,138,4
2026-07-27,1519,華城,3237,-33,8
2026-07-27,1521,大億,448,1,0
2026-07-27,1522,堤維西,4389,-3,0
2026-07-27,1524,耿鼎,4067,-21,15
2026-07-27,1525,江申,231,-1,0
2026-07-27,1526,日馳,825,5,34
2026-07-27,1527,鑽全,561,0,0
2026-07-27,1528,恩德,6794,-23,68
2026-07-27,1529,樂事綠能,3018,-3,611
2026-07-27,1530,亞崴,285,-3,0
2026-07-27,1531,高林股,1663,-10,1
2026-07-27,1532,勤美,2847,48,0
2026-07-27,1533,車王電,489,15,9
2026-07-27,1535,中宇,63,0,0
2026-07-27,1536,和大,8400,-48,175
2026-07-27,1537,廣隆,58,0,1
2026-07-27,1538,正峰,0,0,0
2026-07-27,1539,巨庭,1369,-7,0
2026-07-27,1540,喬福,1649,2,0
2026-07-27,1541,錩泰,101,-11,0
2026-07-27,1558,伸興,253,0,0
2026-07-27,1560,中砂,1545,-30,29
2026-07-27,1563,巧新,7953,49,3
2026-07-27,1568,倉佑,2451,2,0
2026-07-27,1582,信錦,4129,-59,7
2026-07-27,1583,程泰,64,0,0
2026-07-27,1587,吉茂,1886,-14,3
2026-07-27,1589,永冠-KY,793,0,0
2026-07-27,1590,亞德客-KY,144,4,0
2026-07-27,1597,直得,2660,-7,26
2026-07-27,1598,岱宇,2082,-6,0
2026-07-27,1603,華電,2053,3,10
2026-07-27,1604,聲寶,214,1,0
2026-07-27,1605,華新,52588,383,489
2026-07-27,1608,華榮,8620,146,6
2026-07-27,1609,大亞,13216,-96,21
2026-07-27,1611,中電,3228,-64,3
2026-07-27,1612,宏泰,1886,0,57
2026-07-27,1614,三洋電,345,2,0
2026-07-27,1615,大山,157,-1,0
2026-07-27,1616,億泰,3175,-53,0
2026-07-27,1617,榮星,1907,-29,0
2026-07-27,1618,合機,3534,-4,34
2026-07-27,1626,艾美特-KY,1654,0,0
2026-07-27,1702,南僑,297,-1,0
2026-07-27,1707,葡萄王,347,-1,20
2026-07-27,1708,東鹼,7490,-247,119
2026-07-27,1709,和益,17426,-6,35
2026-07-27,1710,東聯,11439,-1565,588
2026-07-27,1711,永光,17729,-734,92
2026-07-27,1712,興農,448,-28,0
2026-07-27,1713,國化,2947,6,1
2026-07-27,1714,和桐,13997,-2662,69
2026-07-27,1717,長興,20742,264,131
2026-07-27,1718,中纖,17150,-2606,244
2026-07-27,1720,生達,348,35,0
2026-07-27,1721,三晃,126,0,0
2026-07-27,1722,台肥,2739,33,3
2026-07-27,1723,中碳,685,26,1
2026-07-27,1725,元禎,287,1,0
2026-07-27,1726,永記,25,0,0
2026-07-27,1727,中華化,7589,-45,85
2026-07-27,1730,花仙子,4,0,0
2026-07-27,1731,美吾華,316,-1,0
2026-07-27,1732,毛寶,821,84,34
2026-07-27,1733,五鼎,2614,3,1
2026-07-27,1734,杏輝,337,-7,0
2026-07-27,1735,日勝化,752,-6,0
2026-07-27,1736,喬山,1847,-2,2
2026-07-27,1737,臺鹽,22,0,0
2026-07-27,1752,南光,331,1,0
2026-07-27,1760,寶齡富錦,1041,2,0
2026-07-27,1762,中化生,740,6,2
2026-07-27,1773,勝一,1127,-14,1
2026-07-27,1776,展宇,876,1,1
2026-07-27,1783,和康生,600,26,0
2026-07-27,1786,科妍,5041,2,11
2026-07-27,1789,神隆,3278,15,0
2026-07-27,1795,美時,9041,36,14
2026-07-27,1802,台玻,45276,-557,1027
2026-07-27,1805,寶徠,1440,13,0
2026-07-27,1806,冠軍,2957,0,0
2026-07-27,1808,潤隆,5732,8,0
2026-07-27,1809,中釉,6026,-71,6
2026-07-27,1810,和成,20914,-177,500
2026-07-27,1817,凱撒衛,17,0,0
2026-07-27,1903,士紙,2509,-2,5
2026-07-27,1904,正隆,4591,-95,20
2026-07-27,1905,華紙,12701,-89,307
2026-07-27,1906,寶隆,7254,-7,0
2026-07-27,1907,永豐餘,24195,-17,1
2026-07-27,1909,榮成,10109,-12,32
2026-07-27,2002,中鋼,42569,-507,49
2026-07-27,2006,東和鋼鐵,1004,-33,1
2026-07-27,2007,燁興,5,0,0
2026-07-27,2008,高興昌,122,0,0
2026-07-27,2009,第一銅,6639,12,0
2026-07-27,2010,春源,2030,-38,5
2026-07-27,2012,春雨,194,-1,0
2026-07-27,2013,中鋼構,1408,0,0
2026-07-27,2014,中鴻,1711,-2,0
2026-07-27,2015,豐興,35,0,0
2026-07-27,2017,官田鋼,8096,-37,0
2026-07-27,2020,美亞,805,19,0
2026-07-27,2022,聚亨,1265,100,1
2026-07-27,2023,燁輝,2599,102,51
2026-07-27,2024,志聯,69,4,0
2026-07-27,2025,千興,0,0,0
2026-07-27,2027,大成鋼,24299,-254,231
2026-07-27,2028,威致,1171,-9,0
2026-07-27,2029,盛餘,395,0,0
2026-07-27,2030,彰源,4327,32,0
2026-07-27,2031,新光鋼,1147,26,7
2026-07-27,2032,新鋼,2762,-19,0
2026-07-27,2033,佳大,2735,3,5
2026-07-27,2034,允強,3624,12,2
2026-07-27,2038,海光,3631,0,0
2026-07-27,2049,上銀,3458,14,46
2026-07-27,2059,川湖,456,-8,3
2026-07-27,2062,橋椿,1378,-2,2
2026-07-27,2069,運錩,421,1,0
2026-07-27,2101,南港,22034,-128,16
2026-07-27,2102,泰豐,3760,-2,2
2026-07-27,2103,台橡,13651,-755,114
2026-07-27,2104,國際中橡,19698,152,50
2026-07-27,2105,正新,9158,29,21
2026-07-27,2106,建大,2840,-68,0
2026-07-27,2107,厚生,97,0,0
2026-07-27,2108,南帝,2836,-7,38
2026-07-27,2109,華豐,687,-2,0
2026-07-27,2114,鑫永銓,10,0,0
2026-07-27,2115,六暉-KY,510,-49,3
2026-07-27,2201,裕隆,9885,-153,2
2026-07-27,2204,中華,1255,-10,4
2026-07-27,2206,三陽工業,4370,-47,9
2026-07-27,2207,和泰車,56,-5,0
2026-07-27,2208,台船,0,0,0
2026-07-27,2211,長榮鋼,463,-2,0
2026-07-27,2228,劍麟,1674,0,0
2026-07-27,2231,為升,2741,-13,161
2026-07-27,2233,宇隆,5184,-100,0
2026-07-27,2236,百達-KY,11439,16,3
2026-07-27,2239,英利-KY,1567,-7,0
2026-07-27,2241,艾姆勒,7133,-428,3
2026-07-27,2243,宏旭-KY,1517,0,22
2026-07-27,2247,汎德永業,139,0,1
2026-07-27,2248,華勝-KY,570,-3,0
2026-07-27,2250,IKKA-KY,1270,0,2
2026-07-27,2254,巨鎧精密-創,2520,0,0
2026-07-27,2301,光寶科,17484,-118,251
2026-07-27,2302,麗正,4151,-303,122
2026-07-27,2303,聯電,187069,-21953,1490
2026-07-27,2305,全友,7000,-5,162
2026-07-27,2308,台達電,7640,13,25
2026-07-27,2312,金寶,47950,53,1136
2026-07-27,2313,華通,40808,-473,843
2026-07-27,2314,台揚,0,0,0
2026-07-27,2316,楠梓電,3727,-20,41
2026-07-27,2317,鴻海,53037,-674,281
2026-07-27,2321,東訊,0,0,0
2026-07-27,2323,中環,29379,78,44
2026-07-27,2324,仁寶,57970,314,1217
2026-07-27,2327,國巨*,39686,-320,319
2026-07-27,2328,廣宇,18404,-15,39
2026-07-27,2329,華泰,16212,19,318
2026-07-27,2330,台積電,31906,-9,64
2026-07-27,2331,精英,10393,78,16
2026-07-27,2332,友訊,31073,4421,1706
2026-07-27,2337,旺宏,92178,830,3090
2026-07-27,2338,光罩,6323,-3,21
2026-07-27,2340,台亞,9063,-39,50
2026-07-27,2342,茂矽,4555,-71,38
2026-07-27,2344,華邦電,143499,2752,2779
2026-07-27,2345,智邦,1466,8,0
2026-07-27,2347,聯強,576,9,9
2026-07-27,2348,海悅,2602,-1,0
2026-07-27,2349,錸德,0,0,0
2026-07-27,2351,順德,13827,-103,37
2026-07-27,2352,佳世達,16252,-231,5
2026-07-27,2353,宏碁,40537,58,2305
2026-07-27,2354,鴻準,25509,98,18
2026-07-27,2355,敬鵬,10470,-173,31
2026-07-27,2356,英業達,30131,-47,279
2026-07-27,2357,華碩,2122,31,20
2026-07-27,2359,所羅門,6912,-173,111
2026-07-27,2360,致茂,1559,202,11
2026-07-27,2362,藍天,2328,-17,5
2026-07-27,2363,矽統,18397,-69,163
2026-07-27,2364,倫飛,732,10,0
2026-07-27,2365,昆盈,8935,-135,52
2026-07-27,2367,燿華,30957,-176,659
2026-07-27,2368,金像電,4935,-40,264
2026-07-27,2369,菱生,14483,-114,139
2026-07-27,2371,大同,50471,-224,333
2026-07-27,2373,震旦行,45,0,0
2026-07-27,2374,佳能,18377,136,64
2026-07-27,2375,凱美,6169,-172,100
2026-07-27,2376,技嘉,6911,-237,313
2026-07-27,2377,微星,13845,-696,338
2026-07-27,2379,瑞昱,2721,-23,48
2026-07-27,2380,虹光,0,0,0
2026-07-27,2382,廣達,14308,105,121
2026-07-27,2383,台光電,1663,15,26
2026-07-27,2385,群光,3293,12,23
2026-07-27,2387,精元,1333,4,0
2026-07-27,2388,威盛,11383,96,195
2026-07-27,2390,云辰,1935,4,2
2026-07-27,2392,正崴,4698,45,7
2026-07-27,2393,億光,2662,-141,9
2026-07-27,2395,研華,1985,-150,15
2026-07-27,2397,友通,1665,-4,0
2026-07-27,2399,映泰,12118,17,96
2026-07-27,2401,凌陽,8617,89,130
2026-07-27,2402,毅嘉,13818,-46,0
2026-07-27,2404,漢唐,2249,9,5
2026-07-27,2405,輔信,8126,39,0
2026-07-27,2406,國碩,14059,264,471
2026-07-27,2408,南亞科,92351,31,1770
2026-07-27,2409,友達,210637,-3164,0
2026-07-27,2412,中華電,2403,-129,93
2026-07-27,2413,環科,4519,3,19
2026-07-27,2414,精技,522,-7,0
2026-07-27,2415,錩新,2440,-4,0
2026-07-27,2417,圓剛,3788,25,7
2026-07-27,2419,仲琦,6641,21,4
2026-07-27,2420,新巨,1130,-9,2
2026-07-27,2421,建準,5297,-46,36
2026-07-27,2423,固緯,658,-5,2
2026-07-27,2424,隴華,0,0,0
2026-07-27,2425,承啟,4840,95,43
2026-07-27,2426,鼎元,14637,-300,306
2026-07-27,2427,三商電,5413,-11,15
2026-07-27,2428,興勤,2427,-31,18
2026-07-27,2429,銘旺科,1641,-223,0
2026-07-27,2430,燦坤,97,-1,7
2026-07-27,2431,聯昌,1631,-15,0
2026-07-27,2432,倚天酷碁-創,324,0,0
2026-07-27,2433,互盛電,26,0,0
2026-07-27,2434,統懋,406,13,72
2026-07-27,2436,偉詮電,6402,7,803
2026-07-27,2438,翔耀,0,0,0
2026-07-27,2439,美律,3599,-17,132
2026-07-27,2440,太空梭,1559,0,0
2026-07-27,2441,超豐,8260,-124,216
2026-07-27,2442,新美齊,4090,22,0
2026-07-27,2444,兆勁,0,0,0
2026-07-27,2449,京元電子,19927,-47,0
2026-07-27,2450,神腦,75,0,0
2026-07-27,2451,創見,6525,123,558
2026-07-27,2453,凌群,2452,-10,2
2026-07-27,2454,聯發科,9903,199,34
2026-07-27,2455,全新,9195,105,379
2026-07-27,2457,飛宏,15208,-57,43
2026-07-27,2458,義隆,3443,-39,82
2026-07-27,2459,敦吉,97,-1,0
2026-07-27,2460,建通,293,0,0
2026-07-27,2461,光群雷,8503,-3,0
2026-07-27,2462,良得電,2436,-107,0
2026-07-27,2464,盟立,13392,-191,733
2026-07-27,2465,麗臺,3462,2,77
2026-07-27,2466,冠西電,5885,3,286
2026-07-27,2467,志聖,1974,18,47
2026-07-27,2468,華經,3394,-11,1
2026-07-27,2471,資通,1306,-3,0
2026-07-27,2472,立隆電,5934,-122,23
2026-07-27,2474,可成,9438,-197,8
2026-07-27,2476,鉅祥,40503,217,42
2026-07-27,2477,美隆電,1157,18,45
2026-07-27,2478,大毅,7600,-497,49
2026-07-27,2480,敦陽科,346,0,0
2026-07-27,2481,強茂,12875,-205,542
2026-07-27,2482,連宇,1802,14,0
2026-07-27,2483,百容,1787,2,21
2026-07-27,2484,希華,16820,-290,816
2026-07-27,2485,兆赫,13405,-178,189
2026-07-27,2486,一詮,23406,-272,281
2026-07-27,2488,漢平,477,12,0
2026-07-27,2489,瑞軒,33186,-514,248
2026-07-27,2491,吉祥全,2292,-3,9
2026-07-27,2492,華新科,8671,-402,100
2026-07-27,2493,揚博,8381,-710,5
2026-07-27,2495,普安,8816,-8,5
2026-07-27,2496,卓越,45,0,0
2026-07-27,2497,怡利電,3622,25,0
2026-07-27,2498,宏達電,29710,50,662
2026-07-27,2501,國建,4543,23,2
2026-07-27,2504,國產,4422,-13,0
2026-07-27,2505,國揚,3390,41,0
2026-07-27,2506,太設,1849,-1,0
2026-07-27,2509,全坤建,548,0,1
2026-07-27,2511,太子,3194,-7,0
2026-07-27,2514,龍邦,18113,15,1
2026-07-27,2515,中工,26955,282,39
2026-07-27,2516,新建,0,0,0
2026-07-27,2520,冠德,2275,-79,10
2026-07-27,2524,京城,3193,1,1
2026-07-27,2527,宏璟,5248,87,22
2026-07-27,2528,皇普,6229,-251,0
2026-07-27,2530,華建,6803,65,6
2026-07-27,2534,宏盛,11977,-6,52
2026-07-27,2535,達欣工,304,3,6
2026-07-27,2536,宏普,5212,-233,0
2026-07-27,2537,聯上發,3689,-8,1
2026-07-27,2538,基泰,2288,-133,0
2026-07-27,2539,櫻花建,2113,-15,0
2026-07-27,2540,愛山林,2855,169,17
2026-07-27,2542,興富發,5597,-29,212
2026-07-27,2543,皇昌,10695,-34,19
2026-07-27,2545,皇翔,2758,-5,0
2026-07-27,2546,根基,68,2,0
2026-07-27,2547,日勝生,9489,15,0
2026-07-27,2548,華固,2014,-30,4
2026-07-27,2597,潤弘,170,0,0
2026-07-27,2601,益航,409,0,0
2026-07-27,2603,長榮,15265,53,229
2026-07-27,2605,新興,14082,102,9
2026-07-27,2606,裕民,2886,-26,4
2026-07-27,2607,榮運,834,0,1
2026-07-27,2608,嘉里大榮,1407,-4,1
2026-07-27,2609,陽明,32989,-117,326
2026-07-27,2610,華航,49561,-1185,257
2026-07-27,2611,志信,2025,-1,1
2026-07-27,2612,中航,1795,-24,0
2026-07-27,2613,中櫃,2053,-1,12
2026-07-27,2614,東森,5575,-11,1
2026-07-27,2615,萬海,15999,-844,214
2026-07-27,2616,山隆,497,0,0
2026-07-27,2617,台航,2168,-1,5
2026-07-27,2618,長榮航,27573,240,439
2026-07-27,2630,亞航,6170,-228,104
2026-07-27,2633,台灣高鐵,1779,3,51
2026-07-27,2634,漢翔,27408,-999,433
2026-07-27,2636,台驊控股,628,2,1
2026-07-27,2637,慧洋-KY,2748,31,64
2026-07-27,2642,宅配通,599,0,3
2026-07-27,2645,長榮航太,3077,-276,13
2026-07-27,2646,星宇航空,3892,-21,27
2026-07-27,2701,萬企,379,-1,0
2026-07-27,2702,華園,423,0,0
2026-07-27,2704,國賓,108,-1,0
2026-07-27,2705,六福,561,0,0
2026-07-27,2706,第一店,757,-26,0
2026-07-27,2707,晶華,133,1,0
2026-07-27,2712,遠雄來,7,0,0
2026-07-27,2722,夏都,357,-2,0
2026-07-27,2723,美食-KY,1676,-1,1
2026-07-27,2727,王品,370,-5,1
2026-07-27,2731,雄獅,915,-8,8
2026-07-27,2739,寒舍,845,0,0
2026-07-27,2748,雲品,651,-17,0
2026-07-27,2753,八方雲集,523,-2,2
2026-07-27,2762,世界健身-KY,164,-8,0
2026-07-27,2801,彰銀,8933,2284,58
2026-07-27,2812,台中銀,4856,262,7
2026-07-27,2816,旺旺保,556,2,1
2026-07-27,2820,華票,660,-20,1
2026-07-27,2832,台產,554,-2,0
2026-07-27,2834,臺企銀,13013,2448,63
2026-07-27,2836,高雄銀,5649,-92,0
2026-07-27,2838,聯邦銀,759,60,7
2026-07-27,2845,遠東銀,3853,-274,36
2026-07-27,2849,安泰銀,192,7,0
2026-07-27,2850,新產,263,14,0
2026-07-27,2851,中再保,813,-3,3
2026-07-27,2852,第一保,1326,7,0
2026-07-27,2855,統一證,6912,-54,130
2026-07-27,2867,三商壽,3593,30,12
2026-07-27,2880,華南金,590,-491,47
2026-07-27,2881,富邦金,6498,-211,183
2026-07-27,2882,國泰金,5125,-141,221
2026-07-27,2883,凱基金,12999,-21,105
2026-07-27,2884,玉山金,5243,-37,147
2026-07-27,2885,元大金,3044,-273,11
2026-07-27,2886,兆豐金,628,-95,55
2026-07-27,2887,台新新光金,41071,83,51
2026-07-27,2889,國票金,2650,18,27
2026-07-27,2890,永豐金,2954,-244,52
2026-07-27,2891,中信金,4239,114,8
2026-07-27,2892,第一金,1501,155,19
2026-07-27,2897,王道銀行,1353,-423,4
2026-07-27,2901,欣欣,473,0,0
2026-07-27,2903,遠百,1297,-4,0
2026-07-27,2904,匯僑,36,0,0
2026-07-27,2905,三商,7686,28,1
2026-07-27,2906,高林,715,-24,0
2026-07-27,2908,特力,14096,-34,0
2026-07-27,2910,統領,66,22,0
2026-07-27,2911,麗嬰房,174,13,0
2026-07-27,2912,統一超,506,14,0
2026-07-27,2913,農林,7054,-65,0
2026-07-27,2915,潤泰全,8647,-46,10
2026-07-27,2929,淘帝-KY,1987,2,0
2026-07-27,2939,永邑-KY,263,-6,0
2026-07-27,3002,歐格,1952,-45,2
2026-07-27,3003,健和興,3493,30,9
2026-07-27,3004,豐達科,1836,-53,7
2026-07-27,3005,神基,8649,-39,52
2026-07-27,3006,晶豪科,18167,240,320
2026-07-27,3008,大立光,1958,108,12
2026-07-27,3010,華立,1164,12,10
2026-07-27,3011,今皓,2698,19,40
2026-07-27,3013,晟銘電,9951,-12,59
2026-07-27,3014,聯陽,2288,5,55
2026-07-27,3015,全漢,2626,1,0
2026-07-27,3016,嘉晶,7671,-131,234
2026-07-27,3017,奇鋐,4581,50,37
2026-07-27,3018,隆銘綠能,0,0,0
2026-07-27,3019,亞光,11796,88,35
2026-07-27,3021,鴻名,619,8,0
2026-07-27,3022,威強電,5923,-129,33
2026-07-27,3023,信邦,1324,-63,16
2026-07-27,3024,憶聲,8465,230,11
2026-07-27,3025,星通,1698,-15,0
2026-07-27,3026,禾伸堂,8586,-302,122
2026-07-27,3027,盛達,4722,-2,1
2026-07-27,3028,增你強,3429,-27,61
2026-07-27,3029,零壹,3327,15,12
2026-07-27,3030,德律,11053,97,25
2026-07-27,3031,佰鴻,7150,2,3
2026-07-27,3032,偉訓,8303,159,23
2026-07-27,3033,威健,10642,90,370
2026-07-27,3034,聯詠,2470,-21,23
2026-07-27,3035,智原,11420,147,185
2026-07-27,3036,文曄,14315,-1021,416
2026-07-27,3037,欣興,39585,76,281
2026-07-27,3038,全台,1203,0,0
2026-07-27,3040,遠見,11855,-10,13
2026-07-27,3041,揚智,3766,52,14
2026-07-27,3042,晶技,13839,52,99
2026-07-27,3043,科風,976,-6,0
2026-07-27,3044,健鼎,6158,0,21
2026-07-27,3045,台灣大,368,40,46
2026-07-27,3046,建碁,997,5,6
2026-07-27,3047,訊舟,6728,6,11
2026-07-27,3048,益登,6247,-30,49
2026-07-27,3049,精金,0,0,0
2026-07-27,3050,鈺德,3264,3,0
2026-07-27,3051,力特,4211,11,0
2026-07-27,3052,夆典,1774,5,0
2026-07-27,3054,立萬利,912,-46,0
2026-07-27,3055,蔚華科,6245,-96,31
2026-07-27,3056,富華新,3801,-16,3
2026-07-27,3057,喬鼎,0,0,0
2026-07-27,3058,立德,0,0,0
2026-07-27,3059,華晶科,11884,33,35
2026-07-27,3060,銘異,9064,-54,14
2026-07-27,3062,建漢,11098,-297,65
2026-07-27,3090,日電貿,4361,19,26
2026-07-27,3092,鴻碩,3713,12,23
2026-07-27,3094,聯傑,2881,9,59
2026-07-27,3130,一零四,10,0,0
2026-07-27,3135,凌航,2496,51,104
2026-07-27,3138,耀登,2413,-23,0
2026-07-27,3149,正達,21567,72,4222
2026-07-27,3150,鈺寶-創,261,-1,0
2026-07-27,3164,景岳,284,0,0
2026-07-27,3167,大量,11315,-244,37
2026-07-27,3168,眾福科,37,0,0
2026-07-27,3189,景碩,20061,352,158
2026-07-27,3209,全科,5829,54,44
2026-07-27,3229,晟鈦,0,0,0
2026-07-27,3231,緯創,48997,-1872,1169
2026-07-27,3257,虹冠電,2774,-34,4
2026-07-27,3266,昇陽,341,0,0
2026-07-27,3296,勝德,1870,12,2
2026-07-27,3305,昇貿,7316,-83,18
2026-07-27,3308,聯德,692,-3,0
2026-07-27,3311,閎暉,2759,28,0
2026-07-27,3312,弘憶股,5300,-30,40
2026-07-27,3321,同泰,0,0,0
2026-07-27,3338,泰碩,3832,-4,8
2026-07-27,3346,麗清,3046,28,5
2026-07-27,3356,奇偶,1808,-13,2
2026-07-27,3376,新日興,12681,-36,47
2026-07-27,3380,明泰,5527,-22,11
2026-07-27,3406,玉晶光,2485,-92,37
2026-07-27,3413,京鼎,5088,-155,3
2026-07-27,3416,融程電,1125,-97,15
2026-07-27,3419,譁裕,1092,0,0
2026-07-27,3432,台端,0,0,0
2026-07-27,3437,榮創,3052,-4,20
2026-07-27,3443,創意,4424,-73,16
2026-07-27,3447,展達,2245,-66,21
2026-07-27,3450,聯鈞,17180,-774,231
2026-07-27,3481,群創,348384,-27702,7573
2026-07-27,3494,誠研,0,0,0
2026-07-27,3501,維熹,1175,-1,0
2026-07-27,3504,揚明光,2914,80,44
2026-07-27,3515,華擎,1714,7,1
2026-07-27,3518,柏騰,4065,-21,24
2026-07-27,3528,安馳,2313,7,0
2026-07-27,3530,晶相光,1307,4,0
2026-07-27,3532,台勝科,9344,128,462
2026-07-27,3533,嘉澤,618,-13,0
2026-07-27,3535,晶彩科,5669,-4,72
2026-07-27,3543,州巧,4459,-33,20
2026-07-27,3545,敦泰,4497,6,14
2026-07-27,3550,聯穎,13764,-77,9
2026-07-27,3557,嘉威,424,0,0
2026-07-27,3563,牧德,5538,103,3
2026-07-27,3576,聯合再生,0,0,0
2026-07-27,3583,辛耘,2096,-20,0
2026-07-27,3588,通嘉,1795,14,0
2026-07-27,3591,艾笛森,26952,55,6
2026-07-27,3592,瑞鼎,929,9,0
2026-07-27,3593,力銘,0,0,0
2026-07-27,3596,智易,1337,-5,25
2026-07-27,3605,宏致,10147,168,90
2026-07-27,3607,谷崧,1804,-7,0
2026-07-27,3617,碩天,1956,-8,6
2026-07-27,3622,洋華,1848,-19,0
2026-07-27,3645,達邁,5791,-33,13
2026-07-27,3652,精聯,681,6,0
2026-07-27,3653,健策,2346,-42,8
2026-07-27,3661,世芯-KY,5925,-14,44
2026-07-27,3665,貿聯-KY,2443,-26,28
2026-07-27,3669,圓展,1227,139,22
2026-07-27,3673,TPK-KY,16134,-95,76
2026-07-27,3679,新至陞,118,-1,0
2026-07-27,3686,達能,0,0,0
2026-07-27,3694,海華,7207,-2,17
2026-07-27,3701,大眾控,6604,-137,45
2026-07-27,3702,大聯大,6604,200,304
2026-07-27,3703,欣陸,1502,5,0
2026-07-27,3704,合勤控,6044,49,41
2026-07-27,3705,永信,378,0,0
2026-07-27,3706,神達,32198,-24,205
2026-07-27,3708,上緯投控,2992,9,16
2026-07-27,3711,日月光投控,11181,-91,68
2026-07-27,3712,永崴投控,2777,-2,143
2026-07-27,3714,富采,27599,55,116
2026-07-27,3715,定穎投控,21964,-448,469
2026-07-27,3716,中化控股,491,-8,0
2026-07-27,3717,聯嘉投控,9905,242,99
2026-07-27,4104,佳醫,81,1,0
2026-07-27,4106,雃博,668,-1,0
2026-07-27,4108,懷特,0,0,0
2026-07-27,4119,旭富,586,-6,22
2026-07-27,4133,亞諾法,1292,19,12
2026-07-27,4137,麗豐-KY,1077,0,0
2026-07-27,4142,國光生,6597,45,2
2026-07-27,4148,全宇生技-KY,401,0,0
2026-07-27,4155,訊映,846,-8,0
2026-07-27,4164,承業醫,6947,1,0
2026-07-27,4190,佐登-KY,298,1,0
2026-07-27,4306,炎洲,4660,29,0
2026-07-27,4414,如興,745,-6,0
2026-07-27,4426,利勤,897,-17,0
2026-07-27,4438,廣越,792,0,0
2026-07-27,4439,冠星-KY,243,1,5
2026-07-27,4440,宜新實業,159,5,0
2026-07-27,4441,振大環球,154,-6,1
2026-07-27,4526,東台,6612,-32,0
2026-07-27,4532,瑞智,2651,-5,1
2026-07-27,4536,拓凱,607,-16,0
2026-07-27,4540,全球傳動,4041,-79,43
2026-07-27,4545,銘鈺,1290,4,0
2026-07-27,4551,智伸科,3113,-95,0
2026-07-27,4552,力達-KY,2120,20,12
2026-07-27,4555,氣立,2794,-18,29
2026-07-27,4557,永新-KY,326,-4,0
2026-07-27,4560,強信-KY,277,-10,0
2026-07-27,4562,穎漢,2023,2,23
2026-07-27,4564,元翎,11052,-83,25
2026-07-27,4566,時碩工業,4180,-75,57
2026-07-27,4569,六方科-KY,731,-1,0
2026-07-27,4571,鈞興-KY,1042,-3,0
2026-07-27,4572,駐龍,321,-1,1
2026-07-27,4576,大銀微系統,2425,-20,24
2026-07-27,4581,光隆精密-KY,26,0,0
2026-07-27,4583,台灣精銳,3575,0,3
2026-07-27,4585,達明,660,2,59
2026-07-27,4588,玖鼎電力,424,-4,1
2026-07-27,4720,德淵,3678,-17,6
2026-07-27,4722,國精化,11854,-29,55
2026-07-27,4736,泰博,197,-15,0
2026-07-27,4737,華廣,1579,25,0
2026-07-27,4739,康普,9976,26,87
2026-07-27,4746,台耀,2046,-51,0
2026-07-27,4755,三福化,1116,-9,3
2026-07-27,4763,材料*-KY,43579,219,71
2026-07-27,4764,雙鍵,5467,-231,163
2026-07-27,4766,南寶,1196,1,0
2026-07-27,4770,上品,1057,-65,14
2026-07-27,4771,望隼,543,3,0
2026-07-27,4807,日成-KY,1348,-2,2
2026-07-27,4904,遠傳,133,-31,7
2026-07-27,4906,正文,30151,-29,61
2026-07-27,4912,聯德控股-KY,3696,5,0
2026-07-27,4915,致伸,3910,28,41
2026-07-27,4916,事欣科,7698,-161,0
2026-07-27,4919,新唐,15461,-125,1800
2026-07-27,4927,泰鼎-KY,28502,-208,653
2026-07-27,4930,燦星網,3775,0,0
2026-07-27,4934,太極,0,0,0
2026-07-27,4935,茂林-KY,627,-3,0
2026-07-27,4938,和碩,5412,-186,46
2026-07-27,4942,嘉彰,604,-1,0
2026-07-27,4943,康控-KY,0,0,0
2026-07-27,4949,有成精密,3296,6,46
2026-07-27,4952,凌通,1549,107,5
2026-07-27,4956,光鋐,6343,-24,7
2026-07-27,4958,臻鼎-KY,29728,-622,441
2026-07-27,4960,誠美材,16175,-28,93
2026-07-27,4961,天鈺,1586,9,4
2026-07-27,4967,十銓,8429,57,97
2026-07-27,4968,立積,5860,12,33
2026-07-27,4976,佳凌,4705,52,266
2026-07-27,4977,眾達-KY,6709,-107,42
2026-07-27,4989,榮科,17271,-101,3490
2026-07-27,4994,傳奇,2315,6,2
2026-07-27,4999,鑫禾,401,0,9
2026-07-27,5007,三星,7,0,0
2026-07-27,5203,訊連,1197,-4,5
2026-07-27,5215,科嘉-KY,675,0,0
2026-07-27,5222,全訊,1910,-7,9
2026-07-27,5225,東科-KY,1439,5,2
2026-07-27,5234,達興材料,1563,-32,7
2026-07-27,5236,凌陽創新,201,4,4
2026-07-27,5243,乙盛-KY,10479,-111,12
2026-07-27,5244,弘凱,2652,-5,23
2026-07-27,5258,虹堡,4089,33,3
2026-07-27,5269,祥碩,2109,-5,168
2026-07-27,5283,禾聯碩,92,0,0
2026-07-27,5284,jpp-KY,3806,-17,6
2026-07-27,5285,界霖,5132,11,45
2026-07-27,5288,豐祥-KY,2596,23,1
2026-07-27,5292,華懋,971,-2,0
2026-07-27,5306,桂盟,560,15,0
2026-07-27,5388,中磊,5620,20,196
2026-07-27,5434,崇越,984,43,1
2026-07-27,5469,瀚宇博,14397,11,41
2026-07-27,5471,松翰,4576,-84,14
2026-07-27,5484,慧友,0,0,0
2026-07-27,5515,建國,1884,11,4
2026-07-27,5519,隆大,838,6,58
2026-07-27,5521,工信,14595,-58,0
2026-07-27,5522,遠雄,929,-4,3
2026-07-27,5525,順天,351,0,0
2026-07-27,5531,鄉林,3490,100,11
2026-07-27,5533,皇鼎,470,0,0
2026-07-27,5534,長虹,3506,-1,0
2026-07-27,5538,東明-KY,9,-1,0
2026-07-27,5546,永固-KY,23,-1,0
2026-07-27,5607,遠雄港,1622,-3,0
2026-07-27,5608,四維航,4305,-10,77
2026-07-27,5706,鳳凰,732,1,20
2026-07-27,5871,中租-KY,4297,27,0
2026-07-27,5876,上海商銀,637,76,0
2026-07-27,5880,合庫金,1875,-23,3
2026-07-27,5906,台南-KY,24,0,0
2026-07-27,5907,大洋-KY,5455,15,3
2026-07-27,6005,群益證,5117,-118,6
2026-07-27,6024,群益期,226,54,0
2026-07-27,6108,競國,1477,9,0
2026-07-27,6112,邁達特,3187,-51,11
2026-07-27,6115,鎰勝,90,0,0
2026-07-27,6116,彩晶,35566,-1005,5542
2026-07-27,6117,迎廣,2537,-9,18
2026-07-27,6120,達運,7509,146,4
2026-07-27,6128,上福,1222,0,0
2026-07-27,6133,金橋,3090,10,1
2026-07-27,6136,富爾特,2691,6,0
2026-07-27,6139,亞翔,7947,-30,61
2026-07-27,6141,柏承,36,0,0
2026-07-27,6142,友勁,0,0,0
2026-07-27,6152,百一,0,0,0
2026-07-27,6153,嘉聯益,14432,-24,40
2026-07-27,6155,鈞寶,3316,-38,15
2026-07-27,6164,華興,3393,-379,3
2026-07-27,6165,浪凡,8202,-2,4
2026-07-27,6166,凌華,3158,-481,201
2026-07-27,6168,宏齊,5152,-26,18
2026-07-27,6176,瑞儀,6946,51,12
2026-07-27,6177,達麗,2557,-27,4
2026-07-27,6183,關貿,8,0,0
2026-07-27,6184,大豐電,493,0,0
2026-07-27,6189,豐藝,2430,4,4
2026-07-27,6191,精成科,21414,-51,37
2026-07-27,6192,巨路,765,-3,0
2026-07-27,6196,帆宣,1651,18,17
2026-07-27,6197,佳必琪,5332,42,99
2026-07-27,6201,亞弘電,30,0,0
2026-07-27,6202,盛群,5871,-186,23
2026-07-27,6205,詮欣,4409,-69,4
2026-07-27,6206,飛捷,1875,-337,3
2026-07-27,6209,今國光,13999,247,45
2026-07-27,6213,聯茂,17848,-536,105
2026-07-27,6214,精誠,1729,91,2
2026-07-27,6215,和椿,5501,13,12
2026-07-27,6216,居易,695,-2,10
2026-07-27,6224,聚鼎,2005,-9,7
2026-07-27,6225,天瀚,0,0,0
2026-07-27,6226,光鼎,2809,96,131
2026-07-27,6230,尼得科超眾,465,0,0
2026-07-27,6235,華孚,4947,-27,41
2026-07-27,6239,力成,22990,-150,0
2026-07-27,6243,迅杰,2192,294,150
2026-07-27,6257,矽格,10724,319,49
2026-07-27,6269,台郡,10213,127,148
2026-07-27,6271,同欣電,7140,-33,22
2026-07-27,6272,驊陞,27,4,0
2026-07-27,6277,宏正,368,19,24
2026-07-27,6278,台表科,10006,-86,61
2026-07-27,6281,全國電,32,-16,0
2026-07-27,6282,康舒,29702,-179,395
2026-07-27,6283,淳安,2408,-84,0
2026-07-27,6285,啟碁,16349,257,115
2026-07-27,6405,悅城,5719,-121,27
2026-07-27,6409,旭隼,976,-54,0
2026-07-27,6412,群電,2974,-12,2
2026-07-27,6414,樺漢,2316,-244,848
2026-07-27,6415,矽力*-KY,4326,-114,73
2026-07-27,6416,瑞祺電通,4352,72,0
2026-07-27,6426,統新,2396,23,16
2026-07-27,6431,光麗-KY,0,0,0
2026-07-27,6438,迅得,4113,-6,9
2026-07-27,6442,光聖,4638,37,16
2026-07-27,6443,元晶,12753,-135,483
2026-07-27,6446,藥華藥,8056,147,21
2026-07-27,6449,鈺邦,2303,-17,21
2026-07-27,6451,訊芯-KY,8257,59,69
2026-07-27,6456,GIS-KY,12445,125,151
2026-07-27,6464,台數科,2,0,0
2026-07-27,6472,保瑞,3678,-10,0
2026-07-27,6477,安集,3788,-8,470
2026-07-27,6491,晶碩,528,0,1
2026-07-27,6504,南六,126,0,0
2026-07-27,6505,台塑化,13826,-2488,785
2026-07-27,6515,穎崴,446,0,3
2026-07-27,6525,捷敏-KY,2965,-100,17
2026-07-27,6526,達發,1506,3,3
2026-07-27,6531,愛普*,7026,-868,26
2026-07-27,6533,晶心科,2402,-14,11
2026-07-27,6534,正瀚-創,1791,-7,0
2026-07-27,6541,泰福-KY,3746,7,0
2026-07-27,6550,北極星藥業-KY,0,0,0
2026-07-27,6552,易華電,1127,1,22
2026-07-27,6558,興能高,3583,-13,15
2026-07-27,6573,虹揚-KY,0,0,0
2026-07-27,6579,研揚,1397,-84,15
2026-07-27,6581,鋼聯,5,0,0
2026-07-27,6582,申豐,365,0,0
2026-07-27,6585,鼎基,2443,-140,79
2026-07-27,6589,台康生技,3026,-38,0
2026-07-27,6591,動力-KY,2142,16,16
2026-07-27,6592,和潤企業,680,-3,1
2026-07-27,6598,ABC-KY,0,0,0
2026-07-27,6605,帝寶,2366,-41,0
2026-07-27,6606,建德工業,565,1,0
2026-07-27,6614,資拓宏宇,59,1,0
2026-07-27,6625,必應,843,1,0
2026-07-27,6641,基士德-KY,102,0,1
2026-07-27,6645,金萬林-創,11,0,0
2026-07-27,6655,科定,0,0,0
2026-07-27,6657,華安,1387,0,0
2026-07-27,6658,聯策,1562,-22,3
2026-07-27,6666,羅麗芬-KY,285,-3,0
2026-07-27,6668,中揚光,2852,51,2
2026-07-27,6669,緯穎,1581,-127,25
2026-07-27,6670,復盛應用,392,2,1
2026-07-27,6671,三能-KY,81,0,0
2026-07-27,6672,騰輝電子-KY,5979,23,30
2026-07-27,6674,鋐寶科技,262,-4,3
2026-07-27,6689,伊雲谷,1395,-15,0
2026-07-27,6691,洋基工程,1490,-26,25
2026-07-27,6695,芯鼎,3762,-23,29
2026-07-27,6698,旭暉應材,2397,-42,0
2026-07-27,6706,惠特,8217,-331,102
2026-07-27,6715,嘉基,7141,90,0
2026-07-27,6719,力智,4338,42,15
2026-07-27,6722,輝創,7,3,0
2026-07-27,6742,澤米,2043,2,17
2026-07-27,6743,安普新,600,-2,0
2026-07-27,6753,龍德造船,5786,-29,102
2026-07-27,6754,匯僑設計,131,0,0
2026-07-27,6756,威鋒電子,686,6,1
2026-07-27,6757,台灣虎航,3502,-27,0
2026-07-27,6768,志強-KY,1272,-8,4
2026-07-27,6770,力積電,157718,-2259,3385
2026-07-27,6771,平和環保-創,80,0,0
2026-07-27,6776,展碁國際,882,-1,0
2026-07-27,6781,AES-KY,2781,0,3
2026-07-27,6782,視陽,471,0,0
2026-07-27,6789,采鈺,5710,-66,28
2026-07-27,6790,永豐實,594,-3,0
2026-07-27,6792,詠業,290,1,0
2026-07-27,6794,向榮生技,258,0,0
2026-07-27,6796,晉弘,546,1,0
2026-07-27,6799,來頡,2056,-6,0
2026-07-27,6805,富世達,2575,-6,14
2026-07-27,6807,峰源-KY,140,0,0
2026-07-27,6830,汎銓,4119,9,58
2026-07-27,6831,邁科,534,32,8
2026-07-27,6834,天二科技,3850,-15,88
2026-07-27,6835,圓裕,824,0,4
2026-07-27,6838,台新藥,2594,0,0
2026-07-27,6854,錼創科技-KY創,3351,-60,6
2026-07-27,6861,睿生光電,2073,-84,6
2026-07-27,6862,三集瑞-KY,1079,-7,10
2026-07-27,6863,永道-KY,1005,59,18
2026-07-27,6869,雲豹能源,3225,-12,75
2026-07-27,6873,泓德能源,3951,11,64
2026-07-27,6885,全福生技,2276,-10,20
2026-07-27,6887,寶綠特-KY,889,-1,0
2026-07-27,6890,來億-KY,809,-43,2
2026-07-27,6901,鑽石投資,6284,103,22
2026-07-27,6902,GOGOLOOK,628,-2,0
2026-07-27,6906,現觀科,522,-1,0
2026-07-27,6909,創控,1610,-32,15
2026-07-27,6914,阜爾運通,328,0,0
2026-07-27,6916,華凌,399,-2,0
2026-07-27,6918,愛派司,98,0,0
2026-07-27,6919,康霈*,0,0,0
2026-07-27,6923,中台,1749,-31,0
2026-07-27,6928,攸泰科技,1078,-3,19
2026-07-27,6931,青松健康,123,0,0
2026-07-27,6933,AMAX-KY,774,-22,1
2026-07-27,6936,永鴻生技,242,0,0
2026-07-27,6937,天虹,1733,-9,3
2026-07-27,6944,兆聯實業,770,0,15
2026-07-27,6949,沛爾生醫-創,5286,4,4
2026-07-27,6951,青新-創,77,0,0
2026-07-27,6952,大武山,20,0,0
2026-07-27,6957,裕慶-KY,1605,-22,38
2026-07-27,6958,日盛台駿,168,-1,0
2026-07-27,6962,奕力-KY,9150,6,0
2026-07-27,6965,中傑-KY,39,0,0
2026-07-27,6994,富威電力,3061,1,12
2026-07-27,7631,聚賢研發-創,23,9,0
2026-07-27,7705,三商餐飲,94,0,0
2026-07-27,7711,永擎,512,-2,0
2026-07-27,7721,微程式,1180,-1,0
2026-07-27,7722,LINEPAY,730,-2,0
2026-07-27,7730,暉盛-創,638,-20,3
2026-07-27,7732,金興精密,107,0,0
2026-07-27,7736,虎山,71,1,0
2026-07-27,7740,熙特爾-創,1834,-16,1
2026-07-27,7749,意騰-KY,1138,-3,0
2026-07-27,7750,新代,581,-2,4
2026-07-27,7765,中華資安,467,-1,0
2026-07-27,7769,鴻勁,299,-34,0
2026-07-27,7780,大研生醫*,276,12,0
2026-07-27,7786,東方風能,240,31,0
2026-07-27,7788,松川精密,1941,-38,3
2026-07-27,7791,皇家可口,16,0,0
2026-07-27,7795,長廣,83,23,0
2026-07-27,7799,禾榮科,1259,2,2
2026-07-27,8011,台通,3530,12,34
2026-07-27,8016,矽創,1651,-84,7
2026-07-27,8021,尖點,10810,88,54
2026-07-27,8028,昇陽半導體,5835,-252,189
2026-07-27,8033,雷虎,7300,-371,539
2026-07-27,8039,台虹,23141,-984,2344
2026-07-27,8045,達運光電,5025,-26,0
2026-07-27,8046,南電,10613,-280,402
2026-07-27,8070,長華*,6861,-32,4
2026-07-27,8072,陞泰,1919,-11,0
2026-07-27,8081,致新,1753,46,7
2026-07-27,8101,華冠,0,0,0
2026-07-27,8103,瀚荃,3493,-10,2
2026-07-27,8104,錸寶,4280,-97,2
2026-07-27,8105,凌巨,8556,-167,544
2026-07-27,8110,華東,17495,-116,190
2026-07-27,8112,至上,17716,889,2944
2026-07-27,8114,振樺電,1633,-307,17
2026-07-27,8131,福懋科,5723,-180,76
2026-07-27,8150,南茂,21494,-829,343
2026-07-27,8162,微矽電子-創,1959,-23,0
2026-07-27,8163,達方,2657,-5,56
2026-07-27,8201,無敵,0,0,0
2026-07-27,8210,勤誠,2378,5,22
2026-07-27,8213,志超,3988,28,0
2026-07-27,8215,明基材,3431,7,4
2026-07-27,8222,寶一,3519,67,16
2026-07-27,8249,菱光,4184,4,19
2026-07-27,8261,富鼎,8888,-107,71
2026-07-27,8271,宇瞻,5708,39,302
2026-07-27,8341,日友,364,-6,0
2026-07-27,8367,建新國際,11,0,0
2026-07-27,8374,羅昇,1750,1,2
2026-07-27,8404,百和興業-KY,3888,-34,0
2026-07-27,8411,福貞-KY,16,-5,0
2026-07-27,8422,可寧衛*,28283,-100,63
2026-07-27,8429,金麗-KY,13719,-2,0
2026-07-27,8438,昶昕,4956,-176,0
2026-07-27,8442,威宏-KY,766,-2,20
2026-07-27,8443,阿瘦,28,0,0
2026-07-27,8454,富邦媒,1420,15,52
2026-07-27,8462,柏文,1082,10,2
2026-07-27,8463,潤泰材,121,0,0
2026-07-27,8464,億豐,68,3,0
2026-07-27,8466,美吉吉-KY,1290,-7,0
2026-07-27,8467,波力-KY,251,-1,0
2026-07-27,8473,山林水,2497,-20,22
2026-07-27,8476,台境*,18305,-96,717
2026-07-27,8478,東哥遊艇,1137,-38,0
2026-07-27,8481,政伸,5,0,0
2026-07-27,8482,商億-KY,160,0,0
2026-07-27,8487,愛爾達-創,37,0,0
2026-07-27,8488,吉源-KY,18,-2,0
2026-07-27,8499,鼎炫-KY,583,-7,0
2026-07-27,8926,台汽電,7559,-23,75
2026-07-27,8940,新天地,104,-1,0
2026-07-27,8996,高力,4277,-162,114
2026-07-27,9802,鈺齊-KY,2276,-138,8
2026-07-27,9902,台火,3297,-87,1
2026-07-27,9904,寶成,25663,-764,3
2026-07-27,9905,大華,24,0,0
2026-07-27,9906,欣巴巴,429,0,4
2026-07-27,9907,統一實,4040,70,2
2026-07-27,9908,大台北,185,19,0
2026-07-27,9910,豐泰,2398,-22,3
2026-07-27,9911,櫻花,394,-1,0
2026-07-27,9912,偉聯,0,0,0
2026-07-27,9914,美利達,2601,-32,48
2026-07-27,9917,中保科,94,-4,0
2026-07-27,9918,欣天然,112,0,0
2026-07-27,9919,康那香,8258,19,10
2026-07-27,9921,巨大,1999,15,198
2026-07-27,9924,福興,726,2,0
2026-07-27,9925,新保,3,0,0
2026-07-27,9926,新海,15,0,0
2026-07-27,9927,泰銘,58,1,0
2026-07-27,9928,中視,463,1,0
2026-07-27,9929,秋雨,0,0,0
2026-07-27,9930,中聯資源,20,-1,0
2026-07-27,9931,欣高,73,0,0
2026-07-27,9933,中鼎,4040,27,3
2026-07-27,9934,成霖,5915,-61,6
2026-07-27,9935,慶豐富,1235,57,0
2026-07-27,9937,全國,129,-7,0
2026-07-27,9938,百和,3500,4,2
2026-07-27,9939,宏全,1203,-15,2
2026-07-27,9940,信義,1245,-6,0
2026-07-27,9941,裕融,989,-70,3
2026-07-27,9942,茂順,55,-2,0
2026-07-27,9943,好樂迪,84,-5,0
2026-07-27,9944,新麗,5510,0,0
2026-07-27,9945,潤泰新,20989,-69,10
2026-07-27,9946,三發地產,1091,12,0
2026-07-27,9955,佳龍,1220,-81,0
2026-07-27,9958,世紀鋼,8847,-36,5
2026-07-28,1101,台泥,31459,-71,90
2026-07-28,1102,亞泥,1331,-93,0
2026-07-28,1103,嘉泥,4053,-24,1
2026-07-28,1104,環泥,1678,-2,0
2026-07-28,1108,幸福,428,2,44
2026-07-28,1109,信大,269,4,1
2026-07-28,1110,東泥,2702,7,0
2026-07-28,1201,味全,1446,-29,0
2026-07-28,1203,味王,2,0,0
2026-07-28,1210,大成,635,7,0
2026-07-28,1213,大飲,0,0,0
2026-07-28,1215,卜蜂,411,-2,32
2026-07-28,1216,統一,515,35,0
2026-07-28,1217,愛之味,888,-30,3
2026-07-28,1218,泰山,1819,29,139
2026-07-28,1219,福壽,373,-39,105
2026-07-28,1220,台榮,875,8,18
2026-07-28,1225,福懋油,6927,-6,9
2026-07-28,1227,佳格,935,6,2
2026-07-28,1229,聯華,3030,-440,10
2026-07-28,1231,聯華食,267,4,0
2026-07-28,1232,大統益,231,-7,0
2026-07-28,1233,天仁,17,0,0
2026-07-28,1234,黑松,20,4,0
2026-07-28,1235,興泰,1159,-3,0
2026-07-28,1236,宏亞,184,2,0
2026-07-28,1256,鮮活果汁-KY,333,-5,7
2026-07-28,1301,台塑,22706,-3136,392
2026-07-28,1303,南亞,30084,-5540,3737
2026-07-28,1304,台聚,11080,-772,139
2026-07-28,1305,華夏,6770,-2,93
2026-07-28,1307,三芳,1358,-9,0
2026-07-28,1308,亞聚,6666,-116,59
2026-07-28,1309,台達化,7623,-753,323
2026-07-28,1310,台苯,13562,-542,762
2026-07-28,1312,國喬,33768,445,275
2026-07-28,1313,聯成,11479,-7,69
2026-07-28,1314,中石化,78340,-359,212
2026-07-28,1315,達新,14,-4,0
2026-07-28,1316,上曜,10525,-327,128
2026-07-28,1319,東陽,7088,92,21
2026-07-28,1321,大洋,7161,0,0
2026-07-28,1323,永裕,78,-6,0
2026-07-28,1324,地球,1277,0,0
2026-07-28,1325,恆大,2193,-28,88
2026-07-28,1326,台化,34462,-1655,722
2026-07-28,1337,再生-KY,21414,10,0
2026-07-28,1338,廣華-KY,3877,-30,0
2026-07-28,1339,昭輝,886,1,0
2026-07-28,1340,勝悅-KY,992,2,0
2026-07-28,1342,八貫,632,-15,0
2026-07-28,1402,遠東新,7172,-10,38
2026-07-28,1409,新纖,22877,-1063,144
2026-07-28,1410,南染,259,-34,0
2026-07-28,1413,宏洲,0,0,0
2026-07-28,1414,東和,960,-43,0
2026-07-28,1416,廣豐,3346,1,1
2026-07-28,1417,嘉裕,1930,-3,1
2026-07-28,1418,東華,780,-3,0
2026-07-28,1419,新紡,1266,10,0
2026-07-28,1423,利華,86,-1,0
2026-07-28,1432,大魯閣,157,1,38
2026-07-28,1434,福懋,7795,-152,27
2026-07-28,1435,中福,0,0,0
2026-07-28,1436,華友聯,990,-14,35
2026-07-28,1437,勤益控,2590,101,0
2026-07-28,1438,三地開發,135,0,0
2026-07-28,1439,雋揚,1041,-2,0
2026-07-28,1440,南紡,5483,-45,5
2026-07-28,1441,大東,0,0,0
2026-07-28,1442,名軒,2721,-2,8
2026-07-28,1443,立益物流,31,0,0
2026-07-28,1444,力麗,568,-1,0
2026-07-28,1445,大宇,1357,0,20
2026-07-28,1446,宏和,1557,-73,3
2026-07-28,1447,力鵬,795,0,0
2026-07-28,1449,佳和,3148,-43,0
2026-07-28,1451,年興,578,-107,0
2026-07-28,1452,宏益,109,0,0
2026-07-28,1453,大將,1044,1,5
2026-07-28,1454,台富,2168,0,0
2026-07-28,1455,集盛,3149,-49,1
2026-07-28,1456,怡華,720,6,0
2026-07-28,1457,宜進,668,-40,1
2026-07-28,1459,聯發,437,0,0
2026-07-28,1460,宏遠,0,0,0
2026-07-28,1463,強盛新,509,38,0
2026-07-28,1464,得力,2019,-51,0
2026-07-28,1465,偉全,3279,-16,0
2026-07-28,1466,聚隆,2969,27,14
2026-07-28,1467,南緯,6653,116,15
2026-07-28,1468,昶和,0,0,0
2026-07-28,1470,大統新創,4,-2,0
2026-07-28,1471,首利,0,0,0
2026-07-28,1472,三洋實業,3893,0,2
2026-07-28,1473,台南,830,-1,0
2026-07-28,1474,弘裕,3388,9,0
2026-07-28,1475,業旺,460,1,0
2026-07-28,1476,儒鴻,812,-9,15
2026-07-28,1477,聚陽,1537,-19,3
2026-07-28,1503,士電,2941,-48,24
2026-07-28,1504,東元,29783,-780,63
2026-07-28,1506,正道,0,0,0
2026-07-28,1512,瑞利,0,0,0
2026-07-28,1513,中興電,7896,-91,27
2026-07-28,1514,亞力,6623,-90,0
2026-07-28,1515,力山,2502,-429,102
2026-07-28,1516,川飛,2,0,0
2026-07-28,1517,利奇,2101,-63,3
2026-07-28,1519,華城,3170,-67,7
2026-07-28,1521,大億,449,1,0
2026-07-28,1522,堤維西,4337,-52,0
2026-07-28,1524,耿鼎,4027,-40,16
2026-07-28,1525,江申,231,0,0
2026-07-28,1526,日馳,678,-147,17
2026-07-28,1527,鑽全,562,1,0
2026-07-28,1528,恩德,6413,-381,67
2026-07-28,1529,樂事綠能,2840,-178,725
2026-07-28,1530,亞崴,286,1,0
2026-07-28,1531,高林股,1670,7,1
2026-07-28,1532,勤美,2855,8,0
2026-07-28,1533,車王電,499,10,4
2026-07-28,1535,中宇,63,0,0
2026-07-28,1536,和大,8204,-196,173
2026-07-28,1537,廣隆,58,0,0
2026-07-28,1538,正峰,0,0,0
2026-07-28,1539,巨庭,1371,2,0
2026-07-28,1540,喬福,1644,-5,0
2026-07-28,1541,錩泰,99,-2,0
2026-07-28,1558,伸興,253,0,0
2026-07-28,1560,中砂,1560,15,24
2026-07-28,1563,巧新,7687,-266,5
2026-07-28,1568,倉佑,2328,-123,0
2026-07-28,1582,信錦,3894,-235,7
2026-07-28,1583,程泰,63,-1,0
2026-07-28,1587,吉茂,1815,-71,22
2026-07-28,1589,永冠-KY,793,0,0
2026-07-28,1590,亞德客-KY,143,-1,0
2026-07-28,1597,直得,2545,-115,19
2026-07-28,1598,岱宇,2050,-32,0
2026-07-28,1603,華電,1941,-112,5
2026-07-28,1604,聲寶,211,-3,0
2026-07-28,1605,華新,52610,22,512
2026-07-28,1608,華榮,8650,30,7
2026-07-28,1609,大亞,12903,-313,28
2026-07-28,1611,中電,3203,-25,3
2026-07-28,1612,宏泰,1879,-7,57
2026-07-28,1614,三洋電,344,-1,0
2026-07-28,1615,大山,156,-1,0
2026-07-28,1616,億泰,3079,-96,33
2026-07-28,1617,榮星,1873,-34,0
2026-07-28,1618,合機,3501,-33,45
2026-07-28,1623,大東電,0,0,0
2026-07-28,1626,艾美特-KY,1627,-27,0
2026-07-28,1702,南僑,297,0,0
2026-07-28,1707,葡萄王,335,-12,20
2026-07-28,1708,東鹼,7179,-311,103
2026-07-28,1709,和益,16365,-1061,22
2026-07-28,1710,東聯,11220,-219,80
2026-07-28,1711,永光,16540,-1189,65
2026-07-28,1712,興農,448,0,0
2026-07-28,1713,國化,2941,-6,1
2026-07-28,1714,和桐,12805,-1192,58
2026-07-28,1717,長興,20115,-627,128
2026-07-28,1718,中纖,16204,-946,121
2026-07-28,1720,生達,349,1,0
2026-07-28,1721,三晃,126,0,0
2026-07-28,1722,台肥,2755,16,4
2026-07-28,1723,中碳,647,-38,1
2026-07-28,1725,元禎,280,-7,0
2026-07-28,1726,永記,25,0,0
2026-07-28,1727,中華化,6979,-610,126
2026-07-28,1730,花仙子,4,0,0
2026-07-28,1731,美吾華,316,0,0
2026-07-28,1732,毛寶,787,-34,34
2026-07-28,1733,五鼎,2581,-33,1
2026-07-28,1734,杏輝,323,-14,0
2026-07-28,1735,日勝化,738,-14,0
2026-07-28,1736,喬山,1864,17,0
2026-07-28,1737,臺鹽,22,0,0
2026-07-28,1752,南光,330,-1,0
2026-07-28,1760,寶齡富錦,1026,-15,0
2026-07-28,1762,中化生,727,-13,4
2026-07-28,1773,勝一,1068,-59,1
2026-07-28,1776,展宇,861,-15,1
2026-07-28,1783,和康生,591,-9,0
2026-07-28,1786,科妍,5036,-5,11
2026-07-28,1789,神隆,3284,6,0
2026-07-28,1795,美時,9041,0,42
2026-07-28,1802,台玻,43554,-1722,808
2026-07-28,1805,寶徠,1442,2,0
2026-07-28,1806,冠軍,2972,15,0
2026-07-28,1808,潤隆,5738,6,0
2026-07-28,1809,中釉,5784,-242,29
2026-07-28,1810,和成,20649,-265,213
2026-07-28,1817,凱撒衛,17,0,0
2026-07-28,1903,士紙,2501,-8,5
2026-07-28,1904,正隆,4635,44,22
2026-07-28,1905,華紙,12128,-573,287
2026-07-28,1906,寶隆,7254,0,0
2026-07-28,1907,永豐餘,24174,-21,1
2026-07-28,1909,榮成,10072,-37,34
2026-07-28,2002,中鋼,42801,232,1049
2026-07-28,2006,東和鋼鐵,980,-24,3
2026-07-28,2007,燁興,5,0,0
2026-07-28,2008,高興昌,122,0,0
2026-07-28,2009,第一銅,6757,118,0
2026-07-28,2010,春源,2036,6,0
2026-07-28,2012,春雨,193,-1,0
2026-07-28,2013,中鋼構,1408,0,0
2026-07-28,2014,中鴻,1688,-23,0
2026-07-28,2015,豐興,35,0,0
2026-07-28,2017,官田鋼,8091,-5,0
2026-07-28,2020,美亞,778,-27,0
2026-07-28,2022,聚亨,1625,360,1
2026-07-28,2023,燁輝,2517,-82,51
2026-07-28,2024,志聯,67,-2,0
2026-07-28,2025,千興,0,0,0
2026-07-28,2027,大成鋼,23918,-381,183
2026-07-28,2028,威致,1171,0,0
2026-07-28,2029,盛餘,395,0,0
2026-07-28,2030,彰源,4340,13,0
2026-07-28,2031,新光鋼,1194,47,6
2026-07-28,2032,新鋼,2804,42,0
2026-07-28,2033,佳大,2744,9,5
2026-07-28,2034,允強,3543,-81,2
2026-07-28,2038,海光,3536,-95,22
2026-07-28,2049,上銀,3289,-169,36
2026-07-28,2059,川湖,454,-2,2
2026-07-28,2062,橋椿,1374,-4,1
2026-07-28,2069,運錩,426,5,0
2026-07-28,2101,南港,21958,-76,16
2026-07-28,2102,泰豐,3748,-12,4
2026-07-28,2103,台橡,13661,10,125
2026-07-28,2104,國際中橡,19700,2,49
2026-07-28,2105,正新,8963,-195,22
2026-07-28,2106,建大,2813,-27,1
2026-07-28,2107,厚生,97,0,0
2026-07-28,2108,南帝,2793,-43,38
2026-07-28,2109,華豐,687,0,0
2026-07-28,2114,鑫永銓,9,-1,0
2026-07-28,2115,六暉-KY,510,0,3
2026-07-28,2201,裕隆,9789,-96,7
2026-07-28,2204,中華,1230,-25,4
2026-07-28,2206,三陽工業,4314,-56,1
2026-07-28,2207,和泰車,54,-2,0
2026-07-28,2208,台船,0,0,0
2026-07-28,2211,長榮鋼,453,-10,0
2026-07-28,2228,劍麟,1661,-13,0
2026-07-28,2231,為升,2697,-44,168
2026-07-28,2233,宇隆,4977,-207,0
2026-07-28,2236,百達-KY,11421,-18,3
2026-07-28,2239,英利-KY,1587,20,0
2026-07-28,2241,艾姆勒,7093,-40,4
2026-07-28,2243,宏旭-KY,1499,-18,8
2026-07-28,2247,汎德永業,138,-1,1
2026-07-28,2248,華勝-KY,570,0,0
2026-07-28,2250,IKKA-KY,1305,35,14
2026-07-28,2254,巨鎧精密-創,2520,0,0
2026-07-28,2301,光寶科,16746,-738,327
2026-07-28,2302,麗正,3945,-206,123
2026-07-28,2303,聯電,166654,-20415,11378
2026-07-28,2305,全友,7146,146,166
2026-07-28,2308,台達電,7743,103,59
2026-07-28,2312,金寶,46562,-1388,962
2026-07-28,2313,華通,37252,-3556,1019
2026-07-28,2314,台揚,0,0,0
2026-07-28,2316,楠梓電,3494,-233,33
2026-07-28,2317,鴻海,52024,-1013,230
2026-07-28,2321,東訊,0,0,0
2026-07-28,2323,中環,29349,-30,146
2026-07-28,2324,仁寶,55701,-2269,784
2026-07-28,2327,國巨*,36328,-3358,1357
2026-07-28,2328,廣宇,18149,-255,42
2026-07-28,2329,華泰,15443,-769,335
2026-07-28,2330,台積電,31527,-379,113
2026-07-28,2331,精英,10232,-161,16
2026-07-28,2332,友訊,27336,-3737,1506
2026-07-28,2337,旺宏,93623,1445,8284
2026-07-28,2338,光罩,6084,-239,47
2026-07-28,2340,台亞,8417,-646,47
2026-07-28,2342,茂矽,4242,-313,27
2026-07-28,2344,華邦電,143746,247,10615
2026-07-28,2345,智邦,1456,-10,0
2026-07-28,2347,聯強,565,-11,6
2026-07-28,2348,海悅,2599,-3,0
2026-07-28,2349,錸德,0,0,0
2026-07-28,2351,順德,11626,-2201,30
2026-07-28,2352,佳世達,16063,-189,32
2026-07-28,2353,宏碁,40641,104,2328
2026-07-28,2354,鴻準,25521,12,22
2026-07-28,2355,敬鵬,9851,-619,31
2026-07-28,2356,英業達,29289,-842,419
2026-07-28,2357,華碩,2057,-65,18
2026-07-28,2359,所羅門,6597,-315,50
2026-07-28,2360,致茂,1394,-165,4
2026-07-28,2362,藍天,2326,-2,5
2026-07-28,2363,矽統,17871,-526,192
2026-07-28,2364,倫飛,722,-10,0
2026-07-28,2365,昆盈,8477,-458,73
2026-07-28,2367,燿華,29091,-1866,2
2026-07-28,2368,金像電,4587,-348,253
2026-07-28,2369,菱生,13765,-718,106
2026-07-28,2371,大同,49730,-741,436
2026-07-28,2373,震旦行,45,0,0
2026-07-28,2374,佳能,17269,-1108,56
2026-07-28,2375,凱美,5507,-662,116
2026-07-28,2376,技嘉,6570,-341,22
2026-07-28,2377,微星,13368,-477,358
2026-07-28,2379,瑞昱,2624,-97,41
2026-07-28,2380,虹光,0,0,0
2026-07-28,2382,廣達,14148,-160,142
2026-07-28,2383,台光電,1610,-53,27
2026-07-28,2385,群光,3275,-18,23
2026-07-28,2387,精元,1331,-2,0
2026-07-28,2388,威盛,11229,-154,184
2026-07-28,2390,云辰,1896,-39,2
2026-07-28,2392,正崴,4724,26,5
2026-07-28,2393,億光,2622,-40,10
2026-07-28,2395,研華,1975,-10,9
2026-07-28,2397,友通,1674,9,0
2026-07-28,2399,映泰,11512,-606,110
2026-07-28,2401,凌陽,8494,-123,124
2026-07-28,2402,毅嘉,13420,-398,0
2026-07-28,2404,漢唐,2227,-22,0
2026-07-28,2405,輔信,7911,-215,0
2026-07-28,2406,國碩,13794,-265,381
2026-07-28,2408,南亞科,90112,-2239,4380
2026-07-28,2409,友達,203769,-6868,0
2026-07-28,2412,中華電,3796,1393,207
2026-07-28,2413,環科,4429,-90,19
2026-07-28,2414,精技,511,-11,0
2026-07-28,2415,錩新,2443,3,0
2026-07-28,2417,圓剛,3557,-231,2
2026-07-28,2419,仲琦,6646,5,3
2026-07-28,2420,新巨,1125,-5,2
2026-07-28,2421,建準,5144,-153,26
2026-07-28,2423,固緯,628,-30,4
2026-07-28,2424,隴華,0,0,0
2026-07-28,2425,承啟,4497,-343,25
2026-07-28,2426,鼎元,13950,-687,350
2026-07-28,2427,三商電,5455,42,13
2026-07-28,2428,興勤,2364,-63,13
2026-07-28,2429,銘旺科,968,-673,0
2026-07-28,2430,燦坤,97,0,7
2026-07-28,2431,聯昌,1615,-16,0
2026-07-28,2432,倚天酷碁-創,349,25,0
2026-07-28,2433,互盛電,26,0,0
2026-07-28,2434,統懋,394,-12,70
2026-07-28,2436,偉詮電,6282,-120,696
2026-07-28,2438,翔耀,0,0,0
2026-07-28,2439,美律,3585,-14,130
2026-07-28,2440,太空梭,1594,35,1
2026-07-28,2441,超豐,7957,-303,263
2026-07-28,2442,新美齊,4136,46,0
2026-07-28,2444,兆勁,0,0,0
2026-07-28,2449,京元電子,19657,-270,266
2026-07-28,2450,神腦,75,0,0
2026-07-28,2451,創見,6386,-139,352
2026-07-28,2453,凌群,2437,-15,3
2026-07-28,2454,聯發科,9764,-139,40
2026-07-28,2455,全新,8713,-482,429
2026-07-28,2457,飛宏,14885,-323,61
2026-07-28,2458,義隆,3296,-147,65
2026-07-28,2459,敦吉,95,-2,0
2026-07-28,2460,建通,293,0,0
2026-07-28,2461,光群雷,8440,-63,1
2026-07-28,2462,良得電,2375,-61,1
2026-07-28,2464,盟立,13020,-372,694
2026-07-28,2465,麗臺,3368,-94,70
2026-07-28,2466,冠西電,5848,-37,272
2026-07-28,2467,志聖,1926,-48,48
2026-07-28,2468,華經,3453,59,4
2026-07-28,2471,資通,1297,-9,0
2026-07-28,2472,立隆電,5327,-607,25
2026-07-28,2474,可成,9215,-223,8
2026-07-28,2476,鉅祥,40723,220,35
2026-07-28,2477,美隆電,1155,-2,45
2026-07-28,2478,大毅,7147,-453,64
2026-07-28,2480,敦陽科,344,-2,0
2026-07-28,2481,強茂,12051,-824,532
2026-07-28,2482,連宇,1790,-12,0
2026-07-28,2483,百容,1649,-138,24
2026-07-28,2484,希華,16042,-778,672
2026-07-28,2485,兆赫,12674,-731,183
2026-07-28,2486,一詮,23234,-172,749
2026-07-28,2488,漢平,494,17,0
2026-07-28,2489,瑞軒,30596,-2590,238
2026-07-28,2491,吉祥全,2231,-61,10
2026-07-28,2492,華新科,8401,-270,154
2026-07-28,2493,揚博,7570,-811,21
2026-07-28,2495,普安,8526,-290,4
2026-07-28,2496,卓越,35,-10,0
2026-07-28,2497,怡利電,3171,-451,19
2026-07-28,2498,宏達電,29365,-345,671
2026-07-28,2501,國建,4499,-44,3
2026-07-28,2504,國產,4464,42,0
2026-07-28,2505,國揚,3406,16,0
2026-07-28,2506,太設,1849,0,0
2026-07-28,2509,全坤建,555,7,1
2026-07-28,2511,太子,3190,-4,0
2026-07-28,2514,龍邦,18113,0,1
2026-07-28,2515,中工,27391,436,47
2026-07-28,2516,新建,0,0,0
2026-07-28,2520,冠德,2269,-6,3
2026-07-28,2524,京城,3194,1,2
2026-07-28,2527,宏璟,5373,125,19
2026-07-28,2528,皇普,6537,308,2
2026-07-28,2530,華建,6732,-71,3
2026-07-28,2534,宏盛,11957,-20,2
2026-07-28,2535,達欣工,297,-7,6
2026-07-28,2536,宏普,5175,-37,0
2026-07-28,2537,聯上發,3773,84,1
2026-07-28,2538,基泰,2200,-88,0
2026-07-28,2539,櫻花建,2113,0,7
2026-07-28,2540,愛山林,2964,109,17
2026-07-28,2542,興富發,5488,-109,210
2026-07-28,2543,皇昌,10514,-181,19
2026-07-28,2545,皇翔,2757,-1,9
2026-07-28,2546,根基,73,5,0
2026-07-28,2547,日勝生,9574,85,0
2026-07-28,2548,華固,1982,-32,4
2026-07-28,2597,潤弘,163,-7,0
2026-07-28,2601,益航,409,0,0
2026-07-28,2603,長榮,15134,-131,207
2026-07-28,2605,新興,13623,-459,8
2026-07-28,2606,裕民,2817,-69,2
2026-07-28,2607,榮運,833,-1,1
2026-07-28,2608,嘉里大榮,1399,-8,1
2026-07-28,2609,陽明,32604,-385,325
2026-07-28,2610,華航,45856,-3705,549
2026-07-28,2611,志信,2043,18,1
2026-07-28,2612,中航,1759,-36,0
2026-07-28,2613,中櫃,2045,-8,12
2026-07-28,2614,東森,5619,44,1
2026-07-28,2615,萬海,15650,-349,77
2026-07-28,2616,山隆,495,-2,0
2026-07-28,2617,台航,2186,18,0
2026-07-28,2618,長榮航,27789,216,506
2026-07-28,2630,亞航,5786,-384,93
2026-07-28,2633,台灣高鐵,1775,-4,49
2026-07-28,2634,漢翔,26627,-781,706
2026-07-28,2636,台驊控股,621,-7,1
2026-07-28,2637,慧洋-KY,2668,-80,61
2026-07-28,2642,宅配通,598,-1,3
2026-07-28,2645,長榮航太,3017,-60,12
2026-07-28,2646,星宇航空,3826,-66,38
2026-07-28,2701,萬企,377,-2,0
2026-07-28,2702,華園,427,4,0
2026-07-28,2704,國賓,110,2,0
2026-07-28,2705,六福,554,-7,0
2026-07-28,2706,第一店,731,-26,0
2026-07-28,2707,晶華,131,-2,0
2026-07-28,2712,遠雄來,7,0,0
2026-07-28,2722,夏都,364,7,0
2026-07-28,2723,美食-KY,1672,-4,1
2026-07-28,2727,王品,368,-2,1
2026-07-28,2731,雄獅,913,-2,9
2026-07-28,2739,寒舍,840,-5,0
2026-07-28,2748,雲品,545,-106,0
2026-07-28,2753,八方雲集,518,-5,2
2026-07-28,2762,世界健身-KY,171,7,0
2026-07-28,2801,彰銀,6996,-1937,55
2026-07-28,2812,台中銀,5060,204,0
2026-07-28,2816,旺旺保,561,5,1
2026-07-28,2820,華票,678,18,2
2026-07-28,2832,台產,553,-1,0
2026-07-28,2834,臺企銀,18323,5310,7
2026-07-28,2836,高雄銀,5557,-92,0
2026-07-28,2838,聯邦銀,755,-4,7
2026-07-28,2845,遠東銀,3775,-78,34
2026-07-28,2849,安泰銀,198,6,0
2026-07-28,2850,新產,280,17,0
2026-07-28,2851,中再保,751,-62,4
2026-07-28,2852,第一保,1333,7,0
2026-07-28,2855,統一證,6688,-224,156
2026-07-28,2867,三商壽,3456,-137,15
2026-07-28,2880,華南金,730,140,29
2026-07-28,2881,富邦金,6917,419,167
2026-07-28,2882,國泰金,5336,211,196
2026-07-28,2883,凱基金,13501,502,114
2026-07-28,2884,玉山金,4732,-511,161
2026-07-28,2885,元大金,2902,-142,6
2026-07-28,2886,兆豐金,904,276,54
2026-07-28,2887,台新新光金,41293,222,82
2026-07-28,2889,國票金,2607,-43,28
2026-07-28,2890,永豐金,2371,-583,49
2026-07-28,2891,中信金,4232,-7,14
2026-07-28,2892,第一金,2031,530,16
2026-07-28,2897,王道銀行,1450,97,4
2026-07-28,2901,欣欣,473,0,0
2026-07-28,2903,遠百,1296,-1,0
2026-07-28,2904,匯僑,37,1,0
2026-07-28,2905,三商,7706,20,1
2026-07-28,2906,高林,690,-25,0
2026-07-28,2908,特力,14073,-23,0
2026-07-28,2910,統領,38,-28,0
2026-07-28,2911,麗嬰房,165,-9,0
2026-07-28,2912,統一超,514,8,0
2026-07-28,2913,農林,6880,-174,0
2026-07-28,2915,潤泰全,8512,-135,14
2026-07-28,2929,淘帝-KY,2055,68,0
2026-07-28,2939,永邑-KY,252,-11,1
2026-07-28,3002,歐格,1914,-38,8
2026-07-28,3003,健和興,3487,-6,4
2026-07-28,3004,豐達科,1796,-40,7
2026-07-28,3005,神基,8630,-19,48
2026-07-28,3006,晶豪科,18186,19,345
2026-07-28,3008,大立光,1957,-1,12
2026-07-28,3010,華立,1165,1,11
2026-07-28,3011,今皓,2816,118,42
2026-07-28,3013,晟銘電,9605,-346,62
2026-07-28,3014,聯陽,2263,-25,59
2026-07-28,3015,全漢,2623,-3,1
2026-07-28,3016,嘉晶,7240,-431,573
2026-07-28,3017,奇鋐,4366,-215,34
2026-07-28,3018,隆銘綠能,0,0,0
2026-07-28,3019,亞光,11619,-177,44
2026-07-28,3021,鴻名,585,-34,0
2026-07-28,3022,威強電,5814,-109,23
2026-07-28,3023,信邦,1337,13,11
2026-07-28,3024,憶聲,8423,-42,10
2026-07-28,3025,星通,1692,-6,0
2026-07-28,3026,禾伸堂,8516,-70,165
2026-07-28,3027,盛達,4729,7,1
2026-07-28,3028,增你強,3218,-211,65
2026-07-28,3029,零壹,3322,-5,5
2026-07-28,3030,德律,10939,-114,41
2026-07-28,3031,佰鴻,6836,-314,4
2026-07-28,3032,偉訓,8246,-57,13
2026-07-28,3033,威健,10179,-463,299
2026-07-28,3034,聯詠,2433,-37,17
2026-07-28,3035,智原,11388,-32,359
2026-07-28,3036,文曄,13336,-979,412
2026-07-28,3037,欣興,40024,439,216
2026-07-28,3038,全台,1297,94,1
2026-07-28,3040,遠見,11292,-563,12
2026-07-28,3041,揚智,3926,160,49
2026-07-28,3042,晶技,12180,-1659,138
2026-07-28,3043,科風,908,-68,0
2026-07-28,3044,健鼎,6209,51,7
2026-07-28,3045,台灣大,298,-70,96
2026-07-28,3046,建碁,994,-3,5
2026-07-28,3047,訊舟,6718,-10,9
2026-07-28,3048,益登,6091,-156,65
2026-07-28,3049,精金,0,0,0
2026-07-28,3050,鈺德,3292,28,41
2026-07-28,3051,力特,4203,-8,0
2026-07-28,3052,夆典,1718,-56,0
2026-07-28,3054,立萬利,914,2,0
2026-07-28,3055,蔚華科,5699,-546,49
2026-07-28,3056,富華新,3750,-51,3
2026-07-28,3057,喬鼎,0,0,0
2026-07-28,3058,立德,0,0,0
2026-07-28,3059,華晶科,11667,-217,26
2026-07-28,3060,銘異,8923,-141,14
2026-07-28,3062,建漢,10655,-443,58
2026-07-28,3090,日電貿,4183,-178,32
2026-07-28,3092,鴻碩,3743,30,32
2026-07-28,3094,聯傑,2935,54,61
2026-07-28,3130,一零四,9,-1,0
2026-07-28,3135,凌航,2504,8,110
2026-07-28,3138,耀登,2336,-77,0
2026-07-28,3149,正達,21601,34,4308
2026-07-28,3150,鈺寶-創,262,1,0
2026-07-28,3164,景岳,284,0,0
2026-07-28,3167,大量,11135,-180,48
2026-07-28,3168,眾福科,38,1,0
2026-07-28,3189,景碩,19764,-297,200
2026-07-28,3209,全科,5673,-156,44
2026-07-28,3229,晟鈦,0,0,0
2026-07-28,3231,緯創,48138,-859,1285
2026-07-28,3257,虹冠電,2717,-57,3
2026-07-28,3266,昇陽,347,6,0
2026-07-28,3296,勝德,1877,7,4
2026-07-28,3305,昇貿,7241,-75,30
2026-07-28,3308,聯德,688,-4,0
2026-07-28,3311,閎暉,2813,54,5
2026-07-28,3312,弘憶股,5199,-101,51
2026-07-28,3321,同泰,0,0,0
2026-07-28,3338,泰碩,3705,-127,8
2026-07-28,3346,麗清,3017,-29,7
2026-07-28,3356,奇偶,1774,-34,2
2026-07-28,3376,新日興,12448,-233,13
2026-07-28,3380,明泰,5498,-29,11
2026-07-28,3406,玉晶光,2414,-71,26
2026-07-28,3413,京鼎,4847,-241,5
2026-07-28,3416,融程電,1099,-26,14
2026-07-28,3419,譁裕,1092,0,0
2026-07-28,3432,台端,0,0,0
2026-07-28,3437,榮創,2953,-99,16
2026-07-28,3443,創意,4185,-239,17
2026-07-28,3447,展達,2127,-118,21
2026-07-28,3450,聯鈞,16400,-780,206
2026-07-28,3481,群創,334482,-13902,8246
2026-07-28,3494,誠研,0,0,0
2026-07-28,3501,維熹,1174,-1,0
2026-07-28,3504,揚明光,2960,46,52
2026-07-28,3515,華擎,1705,-9,16
2026-07-28,3518,柏騰,4007,-58,19
2026-07-28,3528,安馳,2356,43,0
2026-07-28,3530,晶相光,1282,-25,0
2026-07-28,3532,台勝科,8966,-378,448
2026-07-28,3533,嘉澤,603,-15,0
2026-07-28,3535,晶彩科,5225,-444,79
2026-07-28,3543,州巧,4078,-381,20
2026-07-28,3545,敦泰,4503,6,10
2026-07-28,3550,聯穎,13791,27,3
2026-07-28,3557,嘉威,424,0,0
2026-07-28,3563,牧德,5441,-97,4
2026-07-28,3576,聯合再生,0,0,0
2026-07-28,3583,辛耘,2064,-32,0
2026-07-28,3588,通嘉,1778,-17,0
2026-07-28,3591,艾笛森,26877,-75,4
2026-07-28,3592,瑞鼎,919,-10,0
2026-07-28,3593,力銘,0,0,0
2026-07-28,3596,智易,1283,-54,24
2026-07-28,3605,宏致,8798,-1349,81
2026-07-28,3607,谷崧,1831,27,0
2026-07-28,3617,碩天,1963,7,0
2026-07-28,3622,洋華,1836,-12,1
2026-07-28,3645,達邁,5483,-308,9
2026-07-28,3652,精聯,651,-30,0
2026-07-28,3653,健策,2338,-8,6
2026-07-28,3661,世芯-KY,5842,-83,40
2026-07-28,3665,貿聯-KY,2388,-55,34
2026-07-28,3669,圓展,1233,6,33
2026-07-28,3673,TPK-KY,15263,-871,80
2026-07-28,3679,新至陞,118,0,0
2026-07-28,3686,達能,0,0,0
2026-07-28,3694,海華,6937,-270,14
2026-07-28,3701,大眾控,6574,-30,44
2026-07-28,3702,大聯大,6466,-138,278
2026-07-28,3703,欣陸,1492,-10,0
2026-07-28,3704,合勤控,6034,-10,52
2026-07-28,3705,永信,378,0,0
2026-07-28,3706,神達,31993,-205,226
2026-07-28,3708,上緯投控,3030,38,15
2026-07-28,3711,日月光投控,10418,-763,77
2026-07-28,3712,永崴投控,2799,22,146
2026-07-28,3714,富采,26853,-746,146
2026-07-28,3715,定穎投控,20876,-1088,417
2026-07-28,3716,中化控股,488,-3,0
2026-07-28,3717,聯嘉投控,9845,-60,101
2026-07-28,4104,佳醫,81,0,0
2026-07-28,4106,雃博,663,-5,0
2026-07-28,4108,懷特,0,0,0
2026-07-28,4119,旭富,581,-5,22
2026-07-28,4133,亞諾法,1273,-19,10
2026-07-28,4137,麗豐-KY,1075,-2,0
2026-07-28,4142,國光生,6562,-35,2
2026-07-28,4148,全宇生技-KY,402,1,0
2026-07-28,4155,訊映,885,39,1
2026-07-28,4164,承業醫,6891,-56,22
2026-07-28,4190,佐登-KY,296,-2,0
2026-07-28,4306,炎洲,4683,23,0
2026-07-28,4414,如興,701,-44,0
2026-07-28,4426,利勤,948,51,0
2026-07-28,4438,廣越,792,0,0
2026-07-28,4439,冠星-KY,243,0,5
2026-07-28,4440,宜新實業,159,0,0
2026-07-28,4441,振大環球,157,3,1
2026-07-28,4526,東台,6375,-237,0
2026-07-28,4532,瑞智,2640,-11,0
2026-07-28,4536,拓凱,628,21,0
2026-07-28,4540,全球傳動,3818,-223,14
2026-07-28,4545,銘鈺,1256,-34,0
2026-07-28,4551,智伸科,2720,-393,0
2026-07-28,4552,力達-KY,2125,5,12
2026-07-28,4555,氣立,2747,-47,29
2026-07-28,4557,永新-KY,324,-2,0
2026-07-28,4560,強信-KY,290,13,0
2026-07-28,4562,穎漢,1946,-77,17
2026-07-28,4564,元翎,10942,-110,21
2026-07-28,4566,時碩工業,4204,24,103
2026-07-28,4569,六方科-KY,741,10,0
2026-07-28,4571,鈞興-KY,1035,-7,0
2026-07-28,4572,駐龍,329,8,1
2026-07-28,4576,大銀微系統,2390,-35,25
2026-07-28,4581,光隆精密-KY,26,0,0
2026-07-28,4583,台灣精銳,3579,4,7
2026-07-28,4585,達明,656,-4,59
2026-07-28,4588,玖鼎電力,428,4,4
2026-07-28,4720,德淵,3508,-170,12
2026-07-28,4722,國精化,11502,-352,18
2026-07-28,4736,泰博,194,-3,0
2026-07-28,4737,華廣,1587,8,0
2026-07-28,4739,康普,9316,-660,75
2026-07-28,4746,台耀,2052,6,0
2026-07-28,4755,三福化,1043,-73,3
2026-07-28,4763,材料*-KY,43520,-59,31
2026-07-28,4764,雙鍵,5090,-377,290
2026-07-28,4766,南寶,1195,-1,0
2026-07-28,4770,上品,1006,-51,17
2026-07-28,4771,望隼,555,12,0
2026-07-28,4807,日成-KY,1350,2,2
2026-07-28,4904,遠傳,181,48,7
2026-07-28,4906,正文,29638,-513,39
2026-07-28,4912,聯德控股-KY,3708,12,0
2026-07-28,4915,致伸,3844,-66,41
2026-07-28,4916,事欣科,7606,-92,0
2026-07-28,4919,新唐,14265,-1196,1614
2026-07-28,4927,泰鼎-KY,27259,-1243,581
2026-07-28,4930,燦星網,3775,0,0
2026-07-28,4934,太極,0,0,0
2026-07-28,4935,茂林-KY,626,-1,0
2026-07-28,4938,和碩,5206,-206,49
2026-07-28,4942,嘉彰,565,-39,0
2026-07-28,4943,康控-KY,0,0,0
2026-07-28,4949,有成精密,3095,-201,36
2026-07-28,4952,凌通,1421,-128,3
2026-07-28,4956,光鋐,6152,-191,12
2026-07-28,4958,臻鼎-KY,27256,-2472,493
2026-07-28,4960,誠美材,16074,-101,98
2026-07-28,4961,天鈺,1626,40,4
2026-07-28,4967,十銓,8256,-173,104
2026-07-28,4968,立積,5797,-63,44
2026-07-28,4976,佳凌,4837,132,187
2026-07-28,4977,眾達-KY,6497,-212,42
2026-07-28,4989,榮科,15416,-1855,3486
2026-07-28,4994,傳奇,2321,6,2
2026-07-28,4999,鑫禾,400,-1,9
2026-07-28,5007,三星,7,0,0
2026-07-28,5203,訊連,1203,6,4
2026-07-28,5215,科嘉-KY,675,0,0
2026-07-28,5222,全訊,1904,-6,9
2026-07-28,5225,東科-KY,1400,-39,2
2026-07-28,5234,達興材料,1524,-39,6
2026-07-28,5236,凌陽創新,204,3,4
2026-07-28,5243,乙盛-KY,10101,-378,11
2026-07-28,5244,弘凱,2617,-35,23
2026-07-28,5258,虹堡,4012,-77,1
2026-07-28,5269,祥碩,2074,-35,303
2026-07-28,5283,禾聯碩,92,0,0
2026-07-28,5284,jpp-KY,3683,-123,2
2026-07-28,5285,界霖,4974,-158,47
2026-07-28,5288,豐祥-KY,2570,-26,1
2026-07-28,5292,華懋,976,5,0
2026-07-28,5306,桂盟,551,-9,0
2026-07-28,5388,中磊,5348,-272,38
2026-07-28,5434,崇越,914,-70,4
2026-07-28,5469,瀚宇博,14258,-139,41
2026-07-28,5471,松翰,4376,-200,11
2026-07-28,5484,慧友,0,0,0
2026-07-28,5515,建國,1798,-86,4
2026-07-28,5519,隆大,832,-6,58
2026-07-28,5521,工信,13613,-982,6
2026-07-28,5522,遠雄,926,-3,3
2026-07-28,5525,順天,338,-13,0
2026-07-28,5531,鄉林,3609,119,11
2026-07-28,5533,皇鼎,470,0,0
2026-07-28,5534,長虹,3513,7,0
2026-07-28,5538,東明-KY,8,-1,0
2026-07-28,5546,永固-KY,23,0,0
2026-07-28,5607,遠雄港,1641,19,0
2026-07-28,5608,四維航,4215,-90,82
2026-07-28,5706,鳳凰,730,-2,20
2026-07-28,5871,中租-KY,4187,-110,0
2026-07-28,5876,上海商銀,688,51,0
2026-07-28,5880,合庫金,1540,-335,6
2026-07-28,5906,台南-KY,24,0,0
2026-07-28,5907,大洋-KY,5557,102,40
2026-07-28,6005,群益證,5437,320,21
2026-07-28,6024,群益期,283,57,0
2026-07-28,6108,競國,1458,-19,46
2026-07-28,6112,邁達特,3074,-113,31
2026-07-28,6115,鎰勝,70,-20,0
2026-07-28,6116,彩晶,34561,-1005,5601
2026-07-28,6117,迎廣,2552,15,18
2026-07-28,6120,達運,7571,62,5
2026-07-28,6128,上福,1243,21,0
2026-07-28,6133,金橋,3107,17,30
2026-07-28,6136,富爾特,2647,-44,0
2026-07-28,6139,亞翔,7347,-600,41
2026-07-28,6141,柏承,36,0,0
2026-07-28,6142,友勁,0,0,0
2026-07-28,6152,百一,0,0,0
2026-07-28,6153,嘉聯益,14376,-56,37
2026-07-28,6155,鈞寶,3222,-94,19
2026-07-28,6164,華興,3729,336,1
2026-07-28,6165,浪凡,8201,-1,0
2026-07-28,6166,凌華,2956,-202,79
2026-07-28,6168,宏齊,5051,-101,14
2026-07-28,6176,瑞儀,6613,-333,7
2026-07-28,6177,達麗,2547,-10,4
2026-07-28,6183,關貿,8,0,0
2026-07-28,6184,大豐電,493,0,0
2026-07-28,6189,豐藝,2416,-14,4
2026-07-28,6191,精成科,20807,-607,39
2026-07-28,6192,巨路,757,-8,0
2026-07-28,6196,帆宣,1548,-103,37
2026-07-28,6197,佳必琪,5289,-43,56
2026-07-28,6201,亞弘電,30,0,0
2026-07-28,6202,盛群,5612,-259,22
2026-07-28,6205,詮欣,4284,-125,1
2026-07-28,6206,飛捷,1916,41,21
2026-07-28,6209,今國光,13792,-207,19
2026-07-28,6213,聯茂,16312,-1536,413
2026-07-28,6214,精誠,1737,8,2
2026-07-28,6215,和椿,5420,-81,19
2026-07-28,6216,居易,687,-8,10
2026-07-28,6224,聚鼎,1995,-10,8
2026-07-28,6225,天瀚,0,0,0
2026-07-28,6226,光鼎,3377,568,295
2026-07-28,6230,尼得科超眾,468,3,0
2026-07-28,6235,華孚,4918,-29,34
2026-07-28,6239,力成,20017,-2973,0
2026-07-28,6243,迅杰,2342,150,174
2026-07-28,6257,矽格,10568,-156,81
2026-07-28,6269,台郡,10122,-91,142
2026-07-28,6271,同欣電,6725,-415,31
2026-07-28,6272,驊陞,44,17,0
2026-07-28,6277,宏正,363,-5,24
2026-07-28,6278,台表科,9217,-789,192
2026-07-28,6281,全國電,27,-5,0
2026-07-28,6282,康舒,28066,-1636,321
2026-07-28,6283,淳安,2388,-20,1
2026-07-28,6285,啟碁,16203,-146,127
2026-07-28,6405,悅城,5639,-80,31
2026-07-28,6409,旭隼,980,4,1
2026-07-28,6412,群電,2997,23,13
2026-07-28,6414,樺漢,2055,-261,741
2026-07-28,6415,矽力*-KY,4312,-14,73
2026-07-28,6416,瑞祺電通,4316,-36,0
2026-07-28,6426,統新,2357,-39,21
2026-07-28,6431,光麗-KY,0,0,0
2026-07-28,6438,迅得,4061,-52,13
2026-07-28,6442,光聖,4292,-346,16
2026-07-28,6443,元晶,12146,-607,483
2026-07-28,6446,藥華藥,8055,-1,33
2026-07-28,6449,鈺邦,2212,-91,18
2026-07-28,6451,訊芯-KY,7632,-625,59
2026-07-28,6456,GIS-KY,12102,-343,178
2026-07-28,6464,台數科,2,0,0
2026-07-28,6472,保瑞,3623,-55,0
2026-07-28,6477,安集,3726,-62,414
2026-07-28,6491,晶碩,520,-8,1
2026-07-28,6504,南六,126,0,0
2026-07-28,6505,台塑化,12654,-1172,709
2026-07-28,6515,穎崴,448,2,5
2026-07-28,6525,捷敏-KY,2606,-359,31
2026-07-28,6526,達發,1442,-64,2
2026-07-28,6531,愛普*,6813,-213,22
2026-07-28,6533,晶心科,2358,-44,52
2026-07-28,6534,正瀚-創,1787,-4,0
2026-07-28,6541,泰福-KY,3779,33,0
2026-07-28,6550,北極星藥業-KY,0,0,0
2026-07-28,6552,易華電,1115,-12,22
2026-07-28,6558,興能高,3219,-364,47
2026-07-28,6573,虹揚-KY,0,0,0
2026-07-28,6579,研揚,1362,-35,27
2026-07-28,6581,鋼聯,5,0,0
2026-07-28,6582,申豐,365,0,0
2026-07-28,6585,鼎基,2293,-150,79
2026-07-28,6589,台康生技,3003,-23,0
2026-07-28,6591,動力-KY,2131,-11,16
2026-07-28,6592,和潤企業,673,-7,1
2026-07-28,6598,ABC-KY,0,0,0
2026-07-28,6605,帝寶,2315,-51,0
2026-07-28,6606,建德工業,560,-5,0
2026-07-28,6614,資拓宏宇,59,0,0
2026-07-28,6625,必應,829,-14,0
2026-07-28,6641,基士德-KY,106,4,1
2026-07-28,6645,金萬林-創,11,0,0
2026-07-28,6655,科定,0,0,0
2026-07-28,6657,華安,1342,-45,0
2026-07-28,6658,聯策,1552,-10,10
2026-07-28,6666,羅麗芬-KY,282,-3,0
2026-07-28,6668,中揚光,2850,-2,2
2026-07-28,6669,緯穎,1448,-133,14
2026-07-28,6670,復盛應用,392,0,1
2026-07-28,6671,三能-KY,81,0,0
2026-07-28,6672,騰輝電子-KY,5777,-202,16
2026-07-28,6674,鋐寶科技,262,0,3
2026-07-28,6689,伊雲谷,1383,-12,0
2026-07-28,6691,洋基工程,1437,-53,24
2026-07-28,6695,芯鼎,3758,-4,26
2026-07-28,6698,旭暉應材,2389,-8,0
2026-07-28,6706,惠特,8016,-201,90
2026-07-28,6715,嘉基,6964,-177,0
2026-07-28,6719,力智,4025,-313,2
2026-07-28,6722,輝創,15,8,0
2026-07-28,6742,澤米,1935,-108,4
2026-07-28,6743,安普新,539,-61,0
2026-07-28,6753,龍德造船,5737,-49,101
2026-07-28,6754,匯僑設計,131,0,0
2026-07-28,6756,威鋒電子,687,1,0
2026-07-28,6757,台灣虎航,3623,121,2
2026-07-28,6768,志強-KY,1230,-42,4
2026-07-28,6770,力積電,150883,-6835,11993
2026-07-28,6771,平和環保-創,82,2,0
2026-07-28,6776,展碁國際,854,-28,0
2026-07-28,6781,AES-KY,2737,-44,1
2026-07-28,6782,視陽,477,6,0
2026-07-28,6789,采鈺,5486,-224,29
2026-07-28,6790,永豐實,587,-7,0
2026-07-28,6792,詠業,283,-7,0
2026-07-28,6794,向榮生技,256,-2,0
2026-07-28,6796,晉弘,560,14,0
2026-07-28,6799,來頡,2079,23,0
2026-07-28,6805,富世達,2507,-68,6
2026-07-28,6807,峰源-KY,140,0,0
2026-07-28,6830,汎銓,4122,3,72
2026-07-28,6831,邁科,481,-53,44
2026-07-28,6834,天二科技,3715,-135,110
2026-07-28,6835,圓裕,817,-7,4
2026-07-28,6838,台新藥,2593,-1,0
2026-07-28,6854,錼創科技-KY創,3233,-118,7
2026-07-28,6861,睿生光電,2030,-43,7
2026-07-28,6862,三集瑞-KY,978,-101,11
2026-07-28,6863,永道-KY,1004,-1,6
2026-07-28,6869,雲豹能源,3164,-61,9
2026-07-28,6873,泓德能源,3863,-88,65
2026-07-28,6885,全福生技,2273,-3,20
2026-07-28,6887,寶綠特-KY,885,-4,0
2026-07-28,6890,來億-KY,779,-30,2
2026-07-28,6901,鑽石投資,6351,67,44
2026-07-28,6902,GOGOLOOK,589,-39,0
2026-07-28,6906,現觀科,517,-5,0
2026-07-28,6909,創控,1509,-101,17
2026-07-28,6914,阜爾運通,332,4,0
2026-07-28,6916,華凌,399,0,0
2026-07-28,6918,愛派司,96,-2,0
2026-07-28,6919,康霈*,0,0,0
2026-07-28,6923,中台,1746,-3,0
2026-07-28,6928,攸泰科技,1074,-4,19
2026-07-28,6931,青松健康,123,0,0
2026-07-28,6933,AMAX-KY,759,-15,5
2026-07-28,6936,永鴻生技,242,0,0
2026-07-28,6937,天虹,1689,-44,4
2026-07-28,6944,兆聯實業,802,32,20
2026-07-28,6949,沛爾生醫-創,5290,4,2
2026-07-28,6951,青新-創,77,0,0
2026-07-28,6952,大武山,15,-5,0
2026-07-28,6957,裕慶-KY,1603,-2,0
2026-07-28,6958,日盛台駿,168,0,0
2026-07-28,6962,奕力-KY,8955,-195,0
2026-07-28,6965,中傑-KY,39,0,0
2026-07-28,6994,富威電力,3015,-46,12
2026-07-28,7631,聚賢研發-創,38,15,0
2026-07-28,7705,三商餐飲,93,-1,0
2026-07-28,7711,永擎,518,6,0
2026-07-28,7721,微程式,1171,-9,0
2026-07-28,7722,LINEPAY,595,-135,0
2026-07-28,7730,暉盛-創,496,-142,3
2026-07-28,7732,金興精密,97,-10,0
2026-07-28,7736,虎山,70,-1,0
2026-07-28,7740,熙特爾-創,1810,-24,0
2026-07-28,7749,意騰-KY,1129,-9,8
2026-07-28,7750,新代,567,-14,2
2026-07-28,7765,中華資安,464,-3,0
2026-07-28,7769,鴻勁,294,-5,0
2026-07-28,7780,大研生醫*,271,-5,0
2026-07-28,7786,東方風能,178,-62,0
2026-07-28,7788,松川精密,1819,-122,5
2026-07-28,7791,皇家可口,16,0,0
2026-07-28,7795,長廣,89,6,0
2026-07-28,7799,禾榮科,1268,9,2
2026-07-28,8011,台通,3481,-49,30
2026-07-28,8016,矽創,1619,-32,9
2026-07-28,8021,尖點,10320,-490,179
2026-07-28,8028,昇陽半導體,5437,-398,203
2026-07-28,8033,雷虎,7097,-203,265
2026-07-28,8039,台虹,22001,-1140,1831
2026-07-28,8045,達運光電,4994,-31,0
2026-07-28,8046,南電,9492,-1121,467
2026-07-28,8070,長華*,6618,-243,4
2026-07-28,8072,陞泰,1879,-40,0
2026-07-28,8081,致新,1788,35,9
2026-07-28,8101,華冠,0,0,0
2026-07-28,8103,瀚荃,3302,-191,3
2026-07-28,8104,錸寶,4267,-13,1
2026-07-28,8105,凌巨,8355,-201,508
2026-07-28,8110,華東,16731,-764,207
2026-07-28,8112,至上,17566,-150,3192
2026-07-28,8114,振樺電,1677,44,15
2026-07-28,8131,福懋科,5509,-214,179
2026-07-28,8150,南茂,19045,-2449,1681
2026-07-28,8162,微矽電子-創,1901,-58,0
2026-07-28,8163,達方,2575,-82,11
2026-07-28,8201,無敵,0,0,0
2026-07-28,8210,勤誠,2349,-29,20
2026-07-28,8213,志超,3976,-12,0
2026-07-28,8215,明基材,3374,-57,8
2026-07-28,8222,寶一,3448,-71,24
2026-07-28,8249,菱光,4094,-90,19
2026-07-28,8261,富鼎,7644,-1244,136
2026-07-28,8271,宇瞻,5477,-231,329
2026-07-28,8341,日友,351,-13,0
2026-07-28,8367,建新國際,11,0,0
2026-07-28,8374,羅昇,1710,-40,4
2026-07-28,8404,百和興業-KY,3817,-71,0
2026-07-28,8411,福貞-KY,16,0,0
2026-07-28,8422,可寧衛*,27220,-1063,62
2026-07-28,8429,金麗-KY,13715,-4,28
2026-07-28,8438,昶昕,4532,-424,0
2026-07-28,8442,威宏-KY,749,-17,20
2026-07-28,8443,阿瘦,28,0,0
2026-07-28,8454,富邦媒,1408,-12,52
2026-07-28,8462,柏文,1100,18,2
2026-07-28,8463,潤泰材,122,1,0
2026-07-28,8464,億豐,65,-3,0
2026-07-28,8466,美吉吉-KY,1286,-4,0
2026-07-28,8467,波力-KY,245,-6,0
2026-07-28,8473,山林水,2461,-36,24
2026-07-28,8476,台境*,18288,-17,485
2026-07-28,8478,東哥遊艇,1124,-13,0
2026-07-28,8481,政伸,5,0,0
2026-07-28,8482,商億-KY,160,0,0
2026-07-28,8487,愛爾達-創,37,0,0
2026-07-28,8488,吉源-KY,20,2,0
2026-07-28,8499,鼎炫-KY,579,-4,0
2026-07-28,8926,台汽電,7415,-144,78
2026-07-28,8940,新天地,104,0,0
2026-07-28,8996,高力,4320,43,111
2026-07-28,9802,鈺齊-KY,2267,-9,8
2026-07-28,9902,台火,3249,-48,1
2026-07-28,9904,寶成,25118,-545,11
2026-07-28,9905,大華,24,0,0
2026-07-28,9906,欣巴巴,429,0,4
2026-07-28,9907,統一實,4000,-40,2
2026-07-28,9908,大台北,127,-58,0
2026-07-28,9910,豐泰,2377,-21,7
2026-07-28,9911,櫻花,394,0,0
2026-07-28,9912,偉聯,0,0,0
2026-07-28,9914,美利達,2634,33,44
2026-07-28,9917,中保科,94,0,0
2026-07-28,9918,欣天然,112,0,0
2026-07-28,9919,康那香,8288,30,7
2026-07-28,9921,巨大,1895,-104,176
2026-07-28,9924,福興,728,2,0
2026-07-28,9925,新保,3,0,0
2026-07-28,9926,新海,13,-2,0
2026-07-28,9927,泰銘,58,0,0
2026-07-28,9928,中視,471,8,0
2026-07-28,9929,秋雨,0,0,0
2026-07-28,9930,中聯資源,19,-1,0
2026-07-28,9931,欣高,73,0,0
2026-07-28,9933,中鼎,4031,-9,3
2026-07-28,9934,成霖,5731,-184,6
2026-07-28,9935,慶豐富,1232,-3,0
2026-07-28,9937,全國,127,-2,0
2026-07-28,9938,百和,3483,-17,2
2026-07-28,9939,宏全,1209,6,1
2026-07-28,9940,信義,1244,-1,0
2026-07-28,9941,裕融,985,-4,3
2026-07-28,9942,茂順,40,-15,0
2026-07-28,9943,好樂迪,81,-3,0
2026-07-28,9944,新麗,5520,10,0
2026-07-28,9945,潤泰新,20941,-48,69
2026-07-28,9946,三發地產,1086,-5,0
2026-07-28,9955,佳龍,1203,-17,0
2026-07-28,9958,世紀鋼,8801,-46,5
2026-07-29,1101,台泥,30315,-1144,128
2026-07-29,1102,亞泥,1336,5,2
2026-07-29,1103,嘉泥,4058,5,1
2026-07-29,1104,環泥,1680,2,0
2026-07-29,1108,幸福,420,-8,44
2026-07-29,1109,信大,270,1,1
2026-07-29,1110,東泥,2682,-20,0
2026-07-29,1201,味全,1452,6,0
2026-07-29,1203,味王,3,1,0
2026-07-29,1210,大成,612,-23,0
2026-07-29,1213,大飲,0,0,0
2026-07-29,1215,卜蜂,406,-5,31
2026-07-29,1216,統一,482,-33,0
2026-07-29,1217,愛之味,1085,197,7
2026-07-29,1218,泰山,1905,86,138
2026-07-29,1219,福壽,232,-141,105
2026-07-29,1220,台榮,875,0,18
2026-07-29,1225,福懋油,6925,-2,9
2026-07-29,1227,佳格,957,22,5
2026-07-29,1229,聯華,3018,-12,19
2026-07-29,1231,聯華食,268,1,0
2026-07-29,1232,大統益,224,-7,0
2026-07-29,1233,天仁,24,7,0
2026-07-29,1234,黑松,19,-1,0
2026-07-29,1235,興泰,1155,-4,0
2026-07-29,1236,宏亞,184,0,0
2026-07-29,1256,鮮活果汁-KY,249,-84,2
2026-07-29,1301,台塑,21210,-1496,354
2026-07-29,1303,南亞,24336,-5748,1177
2026-07-29,1304,台聚,10817,-263,139
2026-07-29,1305,華夏,6541,-229,6
2026-07-29,1307,三芳,1355,-3,0
2026-07-29,1308,亞聚,6037,-629,66
2026-07-29,1309,台達化,7047,-576,240
2026-07-29,1310,台苯,12704,-858,54
2026-07-29,1312,國喬,32631,-1137,224
2026-07-29,1313,聯成,11525,46,95
2026-07-29,1314,中石化,74814,-3526,185
2026-07-29,1315,達新,12,-2,0
2026-07-29,1316,上曜,9892,-633,140
2026-07-29,1319,東陽,7008,-80,23
2026-07-29,1321,大洋,7159,-2,0
2026-07-29,1323,永裕,77,-1,0
2026-07-29,1324,地球,1272,-5,0
2026-07-29,1325,恆大,2246,53,88
2026-07-29,1326,台化,31889,-2573,853
2026-07-29,1337,再生-KY,21392,-22,0
2026-07-29,1338,廣華-KY,3871,-6,0
2026-07-29,1339,昭輝,884,-2,0
2026-07-29,1340,勝悅-KY,1000,8,0
2026-07-29,1342,八貫,625,-7,0
2026-07-29,1402,遠東新,6640,-532,24
2026-07-29,1409,新纖,21776,-1101,166
2026-07-29,1410,南染,244,-15,0
2026-07-29,1413,宏洲,0,0,0
2026-07-29,1414,東和,974,14,0
2026-07-29,1416,廣豐,3246,-100,0
2026-07-29,1417,嘉裕,1973,43,2
2026-07-29,1418,東華,777,-3,0
2026-07-29,1419,新紡,1246,-20,0
2026-07-29,1423,利華,86,0,0
2026-07-29,1432,大魯閣,138,-19,38
2026-07-29,1434,福懋,7596,-199,2
2026-07-29,1435,中福,0,0,0
2026-07-29,1436,華友聯,924,-66,35
2026-07-29,1437,勤益控,2652,62,0
2026-07-29,1438,三地開發,135,0,0
2026-07-29,1439,雋揚,1041,0,0
2026-07-29,1440,南紡,5270,-213,4
2026-07-29,1441,大東,0,0,0
2026-07-29,1442,名軒,2719,-2,9
2026-07-29,1443,立益物流,12,-19,0
2026-07-29,1444,力麗,568,0,0
2026-07-29,1445,大宇,1354,-3,21
2026-07-29,1446,宏和,1427,-130,4
2026-07-29,1447,力鵬,793,-2,0
2026-07-29,1449,佳和,3180,32,1
2026-07-29,1451,年興,570,-8,0
2026-07-29,1452,宏益,109,0,0
2026-07-29,1453,大將,1033,-11,5
2026-07-29,1454,台富,2169,1,0
2026-07-29,1455,集盛,3049,-100,3
2026-07-29,1456,怡華,724,4,0
2026-07-29,1457,宜進,665,-3,1
2026-07-29,1459,聯發,437,0,0
2026-07-29,1460,宏遠,0,0,0
2026-07-29,1463,強盛新,500,-9,0
2026-07-29,1464,得力,1971,-48,0
2026-07-29,1465,偉全,3261,-18,0
2026-07-29,1466,聚隆,3213,244,17
2026-07-29,1467,南緯,6799,146,26
2026-07-29,1468,昶和,0,0,0
2026-07-29,1470,大統新創,5,1,0
2026-07-29,1471,首利,0,0,0
2026-07-29,1472,三洋實業,3882,-11,2
2026-07-29,1473,台南,771,-59,0
2026-07-29,1474,弘裕,3373,-15,0
2026-07-29,1475,業旺,461,1,0
2026-07-29,1476,儒鴻,771,-41,15
2026-07-29,1477,聚陽,1488,-49,2
2026-07-29,1503,士電,2842,-99,37
2026-07-29,1504,東元,28469,-1314,89
2026-07-29,1506,正道,0,0,0
2026-07-29,1512,瑞利,0,0,0
2026-07-29,1513,中興電,7718,-178,32
2026-07-29,1514,亞力,6308,-315,0
2026-07-29,1515,力山,2260,-242,97
2026-07-29,1516,川飛,2,0,0
2026-07-29,1517,利奇,2195,94,20
2026-07-29,1519,華城,2941,-229,17
2026-07-29,1521,大億,447,-2,0
2026-07-29,1522,堤維西,3973,-364,42
2026-07-29,1524,耿鼎,3838,-189,16
2026-07-29,1525,江申,229,-2,0
2026-07-29,1526,日馳,833,155,44
2026-07-29,1527,鑽全,556,-6,0
2026-07-29,1528,恩德,5949,-464,53
2026-07-29,1529,樂事綠能,2587,-253,739
2026-07-29,1530,亞崴,274,-12,0
2026-07-29,1531,高林股,1671,1,4
2026-07-29,1532,勤美,2905,50,0
2026-07-29,1533,車王電,498,-1,7
2026-07-29,1535,中宇,58,-5,0
2026-07-29,1536,和大,7795,-409,212
2026-07-29,1537,廣隆,59,1,0
2026-07-29,1538,正峰,0,0,0
2026-07-29,1539,巨庭,1379,8,0
2026-07-29,1540,喬福,1540,-104,1
2026-07-29,1541,錩泰,101,2,0
2026-07-29,1558,伸興,253,0,0
2026-07-29,1560,中砂,1563,3,35
2026-07-29,1563,巧新,6239,-1448,2
2026-07-29,1568,倉佑,2245,-83,0
2026-07-29,1582,信錦,3690,-204,9
2026-07-29,1583,程泰,63,0,0
2026-07-29,1587,吉茂,1652,-163,22
2026-07-29,1589,永冠-KY,678,-115,0
2026-07-29,1590,亞德客-KY,91,-52,0
2026-07-29,1597,直得,2096,-449,23
2026-07-29,1598,岱宇,2120,70,5
2026-07-29,1603,華電,1663,-278,6
2026-07-29,1604,聲寶,199,-12,0
2026-07-29,1605,華新,51479,-1131,519
2026-07-29,1608,華榮,8160,-490,8
2026-07-29,1609,大亞,12576,-327,20
2026-07-29,1611,中電,3203,0,2
2026-07-29,1612,宏泰,1909,30,63
2026-07-29,1614,三洋電,337,-7,0
2026-07-29,1615,大山,154,-2,0
2026-07-29,1616,億泰,2859,-220,33
2026-07-29,1617,榮星,1545,-328,0
2026-07-29,1618,合機,3340,-161,43
2026-07-29,1623,大東電,2,2,0
2026-07-29,1626,艾美特-KY,1630,3,1
2026-07-29,1702,南僑,294,-3,0
2026-07-29,1707,葡萄王,320,-15,20
2026-07-29,1708,東鹼,6420,-759,82
2026-07-29,1709,和益,16050,-315,15
2026-07-29,1710,東聯,10740,-480,322
2026-07-29,1711,永光,14131,-2409,99
2026-07-29,1712,興農,448,0,0
2026-07-29,1713,國化,2943,2,0
2026-07-29,1714,和桐,12150,-655,67
2026-07-29,1717,長興,18273,-1842,93
2026-07-29,1718,中纖,15354,-850,150
2026-07-29,1720,生達,339,-10,0
2026-07-29,1721,三晃,126,0,0
2026-07-29,1722,台肥,2755,0,7
2026-07-29,1723,中碳,583,-64,7
2026-07-29,1725,元禎,269,-11,0
2026-07-29,1726,永記,25,0,0
2026-07-29,1727,中華化,5994,-985,116
2026-07-29,1730,花仙子,5,1,0
2026-07-29,1731,美吾華,317,1,0
2026-07-29,1732,毛寶,787,0,29
2026-07-29,1733,五鼎,2560,-21,1
2026-07-29,1734,杏輝,326,3,1
2026-07-29,1735,日勝化,683,-55,0
2026-07-29,1736,喬山,1837,-27,0
2026-07-29,1737,臺鹽,22,0,0
2026-07-29,1752,南光,325,-5,0
2026-07-29,1760,寶齡富錦,998,-28,0
2026-07-29,1762,中化生,716,-11,2
2026-07-29,1773,勝一,1027,-41,2
2026-07-29,1776,展宇,786,-75,1
2026-07-29,1783,和康生,592,1,0
2026-07-29,1786,科妍,4985,-51,11
2026-07-29,1789,神隆,3221,-63,1
2026-07-29,1795,美時,8958,-83,36
2026-07-29,1802,台玻,38094,-5460,687
2026-07-29,1805,寶徠,1453,11,0
2026-07-29,1806,冠軍,2937,-35,0
2026-07-29,1808,潤隆,5700,-38,0
2026-07-29,1809,中釉,5185,-599,34
2026-07-29,1810,和成,19893,-756,318
2026-07-29,1817,凱撒衛,16,-1,0
2026-07-29,1903,士紙,2435,-66,6
2026-07-29,1904,正隆,4689,54,2
2026-07-29,1905,華紙,11840,-288,38
2026-07-29,1906,寶隆,7269,15,0
2026-07-29,1907,永豐餘,24170,-4,3
2026-07-29,1909,榮成,10025,-47,4
2026-07-29,2002,中鋼,40845,-1956,1231
2026-07-29,2006,東和鋼鐵,923,-57,2
2026-07-29,2007,燁興,5,0,0
2026-07-29,2008,高興昌,122,0,0
2026-07-29,2009,第一銅,6507,-250,14
2026-07-29,2010,春源,2025,-11,0
2026-07-29,2012,春雨,187,-6,0
2026-07-29,2013,中鋼構,1406,-2,0
2026-07-29,2014,中鴻,1135,-553,0
2026-07-29,2015,豐興,36,1,0
2026-07-29,2017,官田鋼,8075,-16,1
2026-07-29,2020,美亞,760,-18,0
2026-07-29,2022,聚亨,1979,354,2
2026-07-29,2023,燁輝,2518,1,51
2026-07-29,2024,志聯,73,6,0
2026-07-29,2025,千興,0,0,0
2026-07-29,2027,大成鋼,22842,-1076,247
2026-07-29,2028,威致,1185,14,0
2026-07-29,2029,盛餘,421,26,0
2026-07-29,2030,彰源,4321,-19,1
2026-07-29,2031,新光鋼,1233,39,6
2026-07-29,2032,新鋼,2718,-86,0
2026-07-29,2033,佳大,2722,-22,5
2026-07-29,2034,允強,3603,60,3
2026-07-29,2038,海光,3474,-62,22
2026-07-29,2049,上銀,3149,-140,42
2026-07-29,2059,川湖,431,-23,1
2026-07-29,2062,橋椿,1358,-16,1
2026-07-29,2069,運錩,427,1,0
2026-07-29,2101,南港,21092,-866,1
2026-07-29,2102,泰豐,3767,19,6
2026-07-29,2103,台橡,13357,-304,111
2026-07-29,2104,國際中橡,19270,-430,45
2026-07-29,2105,正新,9032,69,20
2026-07-29,2106,建大,2761,-52,4
2026-07-29,2107,厚生,97,0,0
2026-07-29,2108,南帝,2749,-44,33
2026-07-29,2109,華豐,687,0,0
2026-07-29,2114,鑫永銓,8,-1,0
2026-07-29,2115,六暉-KY,512,2,3
2026-07-29,2201,裕隆,9640,-149,12
2026-07-29,2204,中華,1190,-40,2
2026-07-29,2206,三陽工業,4242,-72,1
2026-07-29,2207,和泰車,65,11,0
2026-07-29,2208,台船,0,0,0
2026-07-29,2211,長榮鋼,471,18,0
2026-07-29,2228,劍麟,1577,-84,6
2026-07-29,2231,為升,2550,-147,165
2026-07-29,2233,宇隆,4620,-357,0
2026-07-29,2236,百達-KY,11445,24,3
2026-07-29,2239,英利-KY,1588,1,0
2026-07-29,2241,艾姆勒,6935,-158,2
2026-07-29,2243,宏旭-KY,1434,-65,9
2026-07-29,2247,汎德永業,138,0,1
2026-07-29,2248,華勝-KY,544,-26,0
2026-07-29,2250,IKKA-KY,1218,-87,14
2026-07-29,2254,巨鎧精密-創,2520,0,0
2026-07-29,2301,光寶科,15686,-1060,261
2026-07-29,2302,麗正,3706,-239,185
2026-07-29,2303,聯電,141003,-25652,8296
2026-07-29,2305,全友,6441,-705,116
2026-07-29,2308,台達電,7245,-498,17
2026-07-29,2312,金寶,45545,-1017,242
2026-07-29,2313,華通,32482,-4770,389
2026-07-29,2314,台揚,0,0,0
2026-07-29,2316,楠梓電,3166,-328,50
2026-07-29,2317,鴻海,51983,-41,290
2026-07-29,2321,東訊,0,0,0
2026-07-29,2323,中環,29508,159,149
2026-07-29,2324,仁寶,55579,-122,1007
2026-07-29,2327,國巨*,35543,-786,755
2026-07-29,2328,廣宇,16504,-1645,46
2026-07-29,2329,華泰,14278,-1165,316
2026-07-29,2330,台積電,30832,-695,230
2026-07-29,2331,精英,9916,-316,21
2026-07-29,2332,友訊,29588,2252,1338
2026-07-29,2337,旺宏,93065,-558,5855
2026-07-29,2338,光罩,5273,-811,16
2026-07-29,2340,台亞,7863,-554,16
2026-07-29,2342,茂矽,3615,-627,99
2026-07-29,2344,華邦電,140100,-3649,6875
2026-07-29,2345,智邦,1340,-116,0
2026-07-29,2347,聯強,567,2,4
2026-07-29,2348,海悅,2551,-48,0
2026-07-29,2349,錸德,0,0,0
2026-07-29,2351,順德,10075,-1551,0
2026-07-29,2352,佳世達,15458,-605,26
2026-07-29,2353,宏碁,39589,-1052,2306
2026-07-29,2354,鴻準,25166,-355,55
2026-07-29,2355,敬鵬,8964,-887,53
2026-07-29,2356,英業達,28209,-1080,504
2026-07-29,2357,華碩,2020,-37,28
2026-07-29,2359,所羅門,6591,-6,97
2026-07-29,2360,致茂,1206,-188,8
2026-07-29,2362,藍天,2137,-189,10
2026-07-29,2363,矽統,16807,-1064,223
2026-07-29,2364,倫飛,719,-3,2
2026-07-29,2365,昆盈,7808,-669,61
2026-07-29,2367,燿華,24920,-4171,0
2026-07-29,2368,金像電,4131,-456,308
2026-07-29,2369,菱生,12533,-1232,153
2026-07-29,2371,大同,47882,-1848,445
2026-07-29,2373,震旦行,45,0,0
2026-07-29,2374,佳能,16484,-785,45
2026-07-29,2375,凱美,4785,-722,97
2026-07-29,2376,技嘉,6301,-269,0
2026-07-29,2377,微星,13371,3,445
2026-07-29,2379,瑞昱,2546,-78,68
2026-07-29,2380,虹光,0,0,0
2026-07-29,2382,廣達,13813,-335,163
2026-07-29,2383,台光電,1551,-59,14
2026-07-29,2385,群光,3038,-237,77
2026-07-29,2387,精元,1244,-87,0
2026-07-29,2388,威盛,11045,-184,137
2026-07-29,2390,云辰,1908,12,2
2026-07-29,2392,正崴,4669,-55,14
2026-07-29,2393,億光,2293,-329,0
2026-07-29,2395,研華,1910,-65,21
2026-07-29,2397,友通,1633,-41,0
2026-07-29,2399,映泰,10542,-970,64
2026-07-29,2401,凌陽,8087,-407,116
2026-07-29,2402,毅嘉,12026,-1394,7
2026-07-29,2404,漢唐,2136,-91,6
2026-07-29,2405,輔信,7629,-282,1
2026-07-29,2406,國碩,12561,-1233,477
2026-07-29,2408,南亞科,84441,-5671,3752
2026-07-29,2409,友達,200732,-3037,0
2026-07-29,2412,中華電,7700,3904,506
2026-07-29,2413,環科,4292,-137,19
2026-07-29,2414,精技,481,-30,0
2026-07-29,2415,錩新,2408,-35,0
2026-07-29,2417,圓剛,3179,-378,13
2026-07-29,2419,仲琦,6196,-450,4
2026-07-29,2420,新巨,982,-143,1
2026-07-29,2421,建準,5111,-33,27
2026-07-29,2423,固緯,624,-4,6
2026-07-29,2424,隴華,0,0,0
2026-07-29,2425,承啟,4500,3,43
2026-07-29,2426,鼎元,13364,-586,332
2026-07-29,2427,三商電,5412,-43,11
2026-07-29,2428,興勤,1705,-659,12
2026-07-29,2429,銘旺科,651,-317,0
2026-07-29,2430,燦坤,96,-1,6
2026-07-29,2431,聯昌,1544,-71,0
2026-07-29,2432,倚天酷碁-創,350,1,0
2026-07-29,2433,互盛電,26,0,0
2026-07-29,2434,統懋,406,12,32
2026-07-29,2436,偉詮電,5785,-497,425
2026-07-29,2438,翔耀,0,0,0
2026-07-29,2439,美律,3496,-89,131
2026-07-29,2440,太空梭,1598,4,1
2026-07-29,2441,超豐,7820,-137,483
2026-07-29,2442,新美齊,4021,-115,0
2026-07-29,2444,兆勁,0,0,0
2026-07-29,2449,京元電子,18098,-1559,20
2026-07-29,2450,神腦,76,1,0
2026-07-29,2451,創見,6472,86,383
2026-07-29,2453,凌群,2401,-36,1
2026-07-29,2454,聯發科,9087,-677,13
2026-07-29,2455,全新,8527,-186,466
2026-07-29,2457,飛宏,14123,-762,61
2026-07-29,2458,義隆,3209,-87,66
2026-07-29,2459,敦吉,92,-3,0
2026-07-29,2460,建通,293,0,0
2026-07-29,2461,光群雷,8409,-31,3
2026-07-29,2462,良得電,2308,-67,0
2026-07-29,2464,盟立,12235,-785,533
2026-07-29,2465,麗臺,3421,53,11
2026-07-29,2466,冠西電,5857,9,215
2026-07-29,2467,志聖,1835,-91,93
2026-07-29,2468,華經,3228,-225,16
2026-07-29,2471,資通,1288,-9,1
2026-07-29,2472,立隆電,4387,-940,34
2026-07-29,2474,可成,8563,-652,29
2026-07-29,2476,鉅祥,40720,-3,34
2026-07-29,2477,美隆電,1140,-15,45
2026-07-29,2478,大毅,6691,-456,28
2026-07-29,2480,敦陽科,326,-18,0
2026-07-29,2481,強茂,11417,-634,1208
2026-07-29,2482,連宇,1780,-10,0
2026-07-29,2483,百容,1626,-23,12
2026-07-29,2484,希華,13856,-2186,425
2026-07-29,2485,兆赫,10915,-1759,238
2026-07-29,2486,一詮,22650,-584,286
2026-07-29,2488,漢平,508,14,0
2026-07-29,2489,瑞軒,27000,-3596,477
2026-07-29,2491,吉祥全,2103,-128,8
2026-07-29,2492,華新科,8237,-164,152
2026-07-29,2493,揚博,7207,-363,56
2026-07-29,2495,普安,8191,-335,5
2026-07-29,2496,卓越,35,0,0
2026-07-29,2497,怡利電,1761,-1410,2
2026-07-29,2498,宏達電,28809,-556,804
2026-07-29,2501,國建,4486,-13,0
2026-07-29,2504,國產,4393,-71,2
2026-07-29,2505,國揚,3405,-1,0
2026-07-29,2506,太設,1835,-14,0
2026-07-29,2509,全坤建,544,-11,1
2026-07-29,2511,太子,2702,-488,0
2026-07-29,2514,龍邦,18108,-5,1
2026-07-29,2515,中工,27381,-10,47
2026-07-29,2516,新建,0,0,0
2026-07-29,2520,冠德,2224,-45,4
2026-07-29,2524,京城,3176,-18,2
2026-07-29,2527,宏璟,5362,-11,18
2026-07-29,2528,皇普,6386,-151,1
2026-07-29,2530,華建,6702,-30,5
2026-07-29,2534,宏盛,11941,-16,0
2026-07-29,2535,達欣工,297,0,5
2026-07-29,2536,宏普,5001,-174,0
2026-07-29,2537,聯上發,3761,-12,2
2026-07-29,2538,基泰,2321,121,0
2026-07-29,2539,櫻花建,2175,62,7
2026-07-29,2540,愛山林,3087,123,20
2026-07-29,2542,興富發,5527,39,209
2026-07-29,2543,皇昌,9699,-815,0
2026-07-29,2545,皇翔,2749,-8,9
2026-07-29,2546,根基,81,8,0
2026-07-29,2547,日勝生,9821,247,0
2026-07-29,2548,華固,1961,-21,4
2026-07-29,2597,潤弘,159,-4,0
2026-07-29,2601,益航,409,0,0
2026-07-29,2603,長榮,14931,-203,348
2026-07-29,2605,新興,12872,-751,8
2026-07-29,2606,裕民,2793,-24,3
2026-07-29,2607,榮運,788,-45,1
2026-07-29,2608,嘉里大榮,1272,-127,1
2026-07-29,2609,陽明,31971,-633,339
2026-07-29,2610,華航,47426,1570,593
2026-07-29,2611,志信,2014,-29,5
2026-07-29,2612,中航,1670,-89,0
2026-07-29,2613,中櫃,1912,-133,12
2026-07-29,2614,東森,5375,-244,2
2026-07-29,2615,萬海,15421,-229,135
2026-07-29,2616,山隆,446,-49,0
2026-07-29,2617,台航,2154,-32,0
2026-07-29,2618,長榮航,26623,-1166,449
2026-07-29,2630,亞航,5350,-436,100
2026-07-29,2633,台灣高鐵,1810,35,39
2026-07-29,2634,漢翔,25342,-1285,965
2026-07-29,2636,台驊控股,618,-3,1
2026-07-29,2637,慧洋-KY,2440,-228,21
2026-07-29,2642,宅配通,597,-1,0
2026-07-29,2645,長榮航太,2884,-133,15
2026-07-29,2646,星宇航空,3684,-142,26
2026-07-29,2701,萬企,382,5,0
2026-07-29,2702,華園,427,0,0
2026-07-29,2704,國賓,107,-3,0
2026-07-29,2705,六福,552,-2,0
2026-07-29,2706,第一店,638,-93,0
2026-07-29,2707,晶華,137,6,0
2026-07-29,2712,遠雄來,7,0,0
2026-07-29,2722,夏都,325,-39,0
2026-07-29,2723,美食-KY,1682,10,1
2026-07-29,2727,王品,361,-7,2
2026-07-29,2731,雄獅,898,-15,6
2026-07-29,2739,寒舍,862,22,0
2026-07-29,2748,雲品,515,-30,0
2026-07-29,2753,八方雲集,517,-1,2
2026-07-29,2762,世界健身-KY,176,5,0
2026-07-29,2801,彰銀,7438,442,37
2026-07-29,2812,台中銀,5016,-44,0
2026-07-29,2816,旺旺保,560,-1,0
2026-07-29,2820,華票,698,20,3
2026-07-29,2832,台產,548,-5,0
2026-07-29,2834,臺企銀,19016,693,0
2026-07-29,2836,高雄銀,6598,1041,1
2026-07-29,2838,聯邦銀,803,48,7
2026-07-29,2845,遠東銀,3823,48,48
2026-07-29,2849,安泰銀,230,32,1
2026-07-29,2850,新產,293,13,0
2026-07-29,2851,中再保,787,36,5
2026-07-29,2852,第一保,1333,0,0
2026-07-29,2855,統一證,6410,-278,193
2026-07-29,2867,三商壽,3154,-302,28
2026-07-29,2880,華南金,854,124,44
2026-07-29,2881,富邦金,6742,-175,233
2026-07-29,2882,國泰金,5290,-46,808
2026-07-29,2883,凱基金,13572,71,283
2026-07-29,2884,玉山金,5187,455,156
2026-07-29,2885,元大金,2969,67,7
2026-07-29,2886,兆豐金,1340,436,97
2026-07-29,2887,台新新光金,40612,-681,329
2026-07-29,2889,國票金,2719,112,31
2026-07-29,2890,永豐金,2289,-82,60
2026-07-29,2891,中信金,4154,-78,217
2026-07-29,2892,第一金,2186,155,13
2026-07-29,2897,王道銀行,1545,95,4
2026-07-29,2901,欣欣,473,0,0
2026-07-29,2903,遠百,1290,-6,1
2026-07-29,2904,匯僑,32,-5,0
2026-07-29,2905,三商,7794,88,1
2026-07-29,2906,高林,587,-103,0
2026-07-29,2908,特力,14024,-49,0
2026-07-29,2910,統領,58,20,0
2026-07-29,2911,麗嬰房,169,4,0
2026-07-29,2912,統一超,499,-15,0
2026-07-29,2913,農林,6823,-57,3
2026-07-29,2915,潤泰全,8452,-60,14
2026-07-29,2929,淘帝-KY,2049,-6,0
2026-07-29,2939,永邑-KY,251,-1,1
2026-07-29,3002,歐格,1817,-97,6
2026-07-29,3003,健和興,3310,-177,0
2026-07-29,3004,豐達科,1814,18,3
2026-07-29,3005,神基,8600,-30,46
2026-07-29,3006,晶豪科,17622,-564,103
2026-07-29,3008,大立光,1937,-20,38
2026-07-29,3010,華立,1150,-15,16
2026-07-29,3011,今皓,2786,-30,45
2026-07-29,3013,晟銘電,8844,-761,60
2026-07-29,3014,聯陽,2250,-13,62
2026-07-29,3015,全漢,2578,-45,1
2026-07-29,3016,嘉晶,7040,-200,385
2026-07-29,3017,奇鋐,4204,-162,33
2026-07-29,3018,隆銘綠能,0,0,0
2026-07-29,3019,亞光,11305,-314,41
2026-07-29,3021,鴻名,570,-15,0
2026-07-29,3022,威強電,5790,-24,18
2026-07-29,3023,信邦,1345,8,12
2026-07-29,3024,憶聲,8646,223,10
2026-07-29,3025,星通,1638,-54,0
2026-07-29,3026,禾伸堂,8300,-216,120
2026-07-29,3027,盛達,4587,-142,4
2026-07-29,3028,增你強,3082,-136,60
2026-07-29,3029,零壹,3220,-102,5
2026-07-29,3030,德律,10604,-335,31
2026-07-29,3031,佰鴻,5447,-1389,8
2026-07-29,3032,偉訓,8060,-186,10
2026-07-29,3033,威健,9052,-1127,67
2026-07-29,3034,聯詠,2393,-40,32
2026-07-29,3035,智原,11331,-57,1324
2026-07-29,3036,文曄,11181,-2155,231
2026-07-29,3037,欣興,39681,-343,157
2026-07-29,3038,全台,1323,26,2
2026-07-29,3040,遠見,10141,-1151,7
2026-07-29,3041,揚智,3435,-491,61
2026-07-29,3042,晶技,10055,-2125,309
2026-07-29,3043,科風,880,-28,0
2026-07-29,3044,健鼎,6145,-64,16
2026-07-29,3045,台灣大,819,521,56
2026-07-29,3046,建碁,1072,78,4
2026-07-29,3047,訊舟,6690,-28,3
2026-07-29,3048,益登,5244,-847,62
2026-07-29,3049,精金,0,0,0
2026-07-29,3050,鈺德,3295,3,45
2026-07-29,3051,力特,4081,-122,0
2026-07-29,3052,夆典,1673,-45,0
2026-07-29,3054,立萬利,900,-14,0
2026-07-29,3055,蔚華科,5719,20,119
2026-07-29,3056,富華新,3611,-139,2
2026-07-29,3057,喬鼎,0,0,0
2026-07-29,3058,立德,0,0,0
2026-07-29,3059,華晶科,11326,-341,25
2026-07-29,3060,銘異,8732,-191,31
2026-07-29,3062,建漢,9887,-768,73
2026-07-29,3090,日電貿,4026,-157,30
2026-07-29,3092,鴻碩,3691,-52,47
2026-07-29,3094,聯傑,2665,-270,54
2026-07-29,3130,一零四,9,0,0
2026-07-29,3135,凌航,2339,-165,108
2026-07-29,3138,耀登,2099,-237,1
2026-07-29,3149,正達,21380,-221,4089
2026-07-29,3150,鈺寶-創,225,-37,0
2026-07-29,3164,景岳,285,1,0
2026-07-29,3167,大量,10250,-885,37
2026-07-29,3168,眾福科,38,0,0
2026-07-29,3189,景碩,19265,-499,112
2026-07-29,3209,全科,5512,-161,9
2026-07-29,3229,晟鈦,0,0,0
2026-07-29,3231,緯創,48319,181,753
2026-07-29,3257,虹冠電,2634,-83,31
2026-07-29,3266,昇陽,359,12,0
2026-07-29,3296,勝德,1852,-25,4
2026-07-29,3305,昇貿,6670,-571,72
2026-07-29,3308,聯德,698,10,0
2026-07-29,3311,閎暉,2824,11,5
2026-07-29,3312,弘憶股,4907,-292,41
2026-07-29,3321,同泰,0,0,0
2026-07-29,3338,泰碩,3376,-329,11
2026-07-29,3346,麗清,3026,9,7
2026-07-29,3356,奇偶,1699,-75,8
2026-07-29,3376,新日興,11391,-1057,41
2026-07-29,3380,明泰,5206,-292,12
2026-07-29,3406,玉晶光,2300,-114,39
2026-07-29,3413,京鼎,4182,-665,2
2026-07-29,3416,融程電,995,-104,7
2026-07-29,3419,譁裕,1052,-40,0
2026-07-29,3432,台端,0,0,0
2026-07-29,3437,榮創,2819,-134,28
2026-07-29,3443,創意,4006,-179,20
2026-07-29,3447,展達,1905,-222,22
2026-07-29,3450,聯鈞,15273,-1127,322
2026-07-29,3481,群創,315869,-18613,19756
2026-07-29,3494,誠研,0,0,0
2026-07-29,3501,維熹,1157,-17,0
2026-07-29,3504,揚明光,2990,30,235
2026-07-29,3515,華擎,1600,-105,15
2026-07-29,3518,柏騰,3835,-172,25
2026-07-29,3528,安馳,2361,5,11
2026-07-29,3530,晶相光,1250,-32,11
2026-07-29,3532,台勝科,8576,-390,389
2026-07-29,3533,嘉澤,586,-17,0
2026-07-29,3535,晶彩科,4395,-830,42
2026-07-29,3543,州巧,3865,-213,0
2026-07-29,3545,敦泰,4461,-42,3
2026-07-29,3550,聯穎,13550,-241,2
2026-07-29,3557,嘉威,379,-45,0
2026-07-29,3563,牧德,5330,-111,4
2026-07-29,3576,聯合再生,0,0,0
2026-07-29,3583,辛耘,1942,-122,0
2026-07-29,3588,通嘉,1740,-38,1
2026-07-29,3591,艾笛森,26776,-101,25
2026-07-29,3592,瑞鼎,915,-4,0
2026-07-29,3593,力銘,0,0,0
2026-07-29,3596,智易,1220,-63,26
2026-07-29,3605,宏致,8582,-216,88
2026-07-29,3607,谷崧,1840,9,0
2026-07-29,3617,碩天,1962,-1,0
2026-07-29,3622,洋華,1769,-67,2
2026-07-29,3645,達邁,5088,-395,8
2026-07-29,3652,精聯,630,-21,1
2026-07-29,3653,健策,2371,33,13
2026-07-29,3661,世芯-KY,5653,-189,22
2026-07-29,3665,貿聯-KY,2259,-129,18
2026-07-29,3669,圓展,1234,1,6
2026-07-29,3673,TPK-KY,14201,-1062,88
2026-07-29,3679,新至陞,117,-1,0
2026-07-29,3686,達能,0,0,0
2026-07-29,3694,海華,6617,-320,51
2026-07-29,3701,大眾控,5987,-587,74
2026-07-29,3702,大聯大,5897,-569,228
2026-07-29,3703,欣陸,1418,-74,1
2026-07-29,3704,合勤控,6196,162,42
2026-07-29,3705,永信,372,-6,0
2026-07-29,3706,神達,30974,-1019,163
2026-07-29,3708,上緯投控,3011,-19,12
2026-07-29,3711,日月光投控,10030,-388,336
2026-07-29,3712,永崴投控,2743,-56,104
2026-07-29,3714,富采,24700,-2153,173
2026-07-29,3715,定穎投控,18712,-2164,485
2026-07-29,3716,中化控股,484,-4,0
2026-07-29,3717,聯嘉投控,9817,-28,97
2026-07-29,4104,佳醫,80,-1,0
2026-07-29,4106,雃博,660,-3,0
2026-07-29,4108,懷特,0,0,0
2026-07-29,4119,旭富,583,2,22
2026-07-29,4133,亞諾法,1290,17,12
2026-07-29,4137,麗豐-KY,1080,5,0
2026-07-29,4142,國光生,6470,-92,3
2026-07-29,4148,全宇生技-KY,399,-3,0
2026-07-29,4155,訊映,904,19,1
2026-07-29,4164,承業醫,6618,-273,24
2026-07-29,4190,佐登-KY,290,-6,0
2026-07-29,4306,炎洲,4411,-272,1
2026-07-29,4414,如興,699,-2,0
2026-07-29,4426,利勤,941,-7,0
2026-07-29,4438,廣越,794,2,0
2026-07-29,4439,冠星-KY,244,1,5
2026-07-29,4440,宜新實業,153,-6,0
2026-07-29,4441,振大環球,166,9,2
2026-07-29,4526,東台,5807,-568,0
2026-07-29,4532,瑞智,2327,-313,0
2026-07-29,4536,拓凱,616,-12,0
2026-07-29,4540,全球傳動,3343,-475,16
2026-07-29,4545,銘鈺,1188,-68,0
2026-07-29,4551,智伸科,2113,-607,0
2026-07-29,4552,力達-KY,2183,58,12
2026-07-29,4555,氣立,2286,-461,29
2026-07-29,4557,永新-KY,325,1,0
2026-07-29,4560,強信-KY,290,0,0
2026-07-29,4562,穎漢,1837,-109,35
2026-07-29,4564,元翎,10747,-195,10
2026-07-29,4566,時碩工業,4133,-71,70
2026-07-29,4569,六方科-KY,716,-25,1
2026-07-29,4571,鈞興-KY,996,-39,16
2026-07-29,4572,駐龍,325,-4,1
2026-07-29,4576,大銀微系統,2205,-185,35
2026-07-29,4581,光隆精密-KY,26,0,0
2026-07-29,4583,台灣精銳,3511,-68,7
2026-07-29,4585,達明,626,-30,59
2026-07-29,4588,玖鼎電力,388,-40,1
2026-07-29,4720,德淵,3311,-197,13
2026-07-29,4722,國精化,10848,-654,17
2026-07-29,4736,泰博,177,-17,0
2026-07-29,4737,華廣,1589,2,0
2026-07-29,4739,康普,8355,-961,72
2026-07-29,4746,台耀,2047,-5,14
2026-07-29,4755,三福化,902,-141,8
2026-07-29,4763,材料*-KY,43506,-14,29
2026-07-29,4764,雙鍵,4761,-329,275
2026-07-29,4766,南寶,1129,-66,1
2026-07-29,4770,上品,979,-27,22
2026-07-29,4771,望隼,561,6,0
2026-07-29,4807,日成-KY,1267,-83,2
2026-07-29,4904,遠傳,245,64,7
2026-07-29,4906,正文,28348,-1290,40
2026-07-29,4912,聯德控股-KY,3621,-87,1
2026-07-29,4915,致伸,3874,30,43
2026-07-29,4916,事欣科,7159,-447,0
2026-07-29,4919,新唐,13285,-980,1514
2026-07-29,4927,泰鼎-KY,23959,-3300,550
2026-07-29,4930,燦星網,3816,41,0
2026-07-29,4934,太極,0,0,0
2026-07-29,4935,茂林-KY,621,-5,4
2026-07-29,4938,和碩,5064,-142,45
2026-07-29,4942,嘉彰,631,66,0
2026-07-29,4943,康控-KY,0,0,0
2026-07-29,4949,有成精密,2846,-249,33
2026-07-29,4952,凌通,1372,-49,2
2026-07-29,4956,光鋐,5574,-578,9
2026-07-29,4958,臻鼎-KY,24214,-3042,474
2026-07-29,4960,誠美材,15306,-768,90
2026-07-29,4961,天鈺,1560,-66,4
2026-07-29,4967,十銓,8182,-74,78
2026-07-29,4968,立積,5429,-368,41
2026-07-29,4976,佳凌,4871,34,551
2026-07-29,4977,眾達-KY,6158,-339,67
2026-07-29,4989,榮科,13213,-2203,3495
2026-07-29,4994,傳奇,2322,1,3
2026-07-29,4999,鑫禾,404,4,9
2026-07-29,5007,三星,8,1,0
2026-07-29,5203,訊連,1129,-74,21
2026-07-29,5215,科嘉-KY,633,-42,0
2026-07-29,5222,全訊,1808,-96,13
2026-07-29,5225,東科-KY,1356,-44,18
2026-07-29,5234,達興材料,1467,-57,9
2026-07-29,5236,凌陽創新,204,0,4
2026-07-29,5243,乙盛-KY,9260,-841,15
2026-07-29,5244,弘凱,2407,-210,22
2026-07-29,5258,虹堡,3978,-34,0
2026-07-29,5269,祥碩,1998,-76,413
2026-07-29,5283,禾聯碩,90,-2,0
2026-07-29,5284,jpp-KY,3585,-98,9
2026-07-29,5285,界霖,4535,-439,65
2026-07-29,5288,豐祥-KY,2553,-17,0
2026-07-29,5292,華懋,943,-33,0
2026-07-29,5306,桂盟,549,-2,0
2026-07-29,5388,中磊,5181,-167,36
2026-07-29,5434,崇越,870,-44,4
2026-07-29,5469,瀚宇博,13713,-545,43
2026-07-29,5471,松翰,4114,-262,12
2026-07-29,5484,慧友,0,0,0
2026-07-29,5515,建國,1775,-23,4
2026-07-29,5519,隆大,847,15,58
2026-07-29,5521,工信,13232,-381,7
2026-07-29,5522,遠雄,931,5,3
2026-07-29,5525,順天,318,-20,0
2026-07-29,5531,鄉林,3569,-40,12
2026-07-29,5533,皇鼎,479,9,0
2026-07-29,5534,長虹,3491,-22,0
2026-07-29,5538,東明-KY,7,-1,0
2026-07-29,5546,永固-KY,22,-1,0
2026-07-29,5607,遠雄港,1649,8,0
2026-07-29,5608,四維航,4064,-151,81
2026-07-29,5706,鳳凰,723,-7,20
2026-07-29,5871,中租-KY,4175,-12,3
2026-07-29,5876,上海商銀,663,-25,1
2026-07-29,5880,合庫金,1653,113,7
2026-07-29,5906,台南-KY,24,0,0
2026-07-29,5907,大洋-KY,5541,-16,43
2026-07-29,6005,群益證,5409,-28,24
2026-07-29,6024,群益期,361,78,0
2026-07-29,6108,競國,1458,0,9
2026-07-29,6112,邁達特,2958,-116,34
2026-07-29,6115,鎰勝,42,-28,0
2026-07-29,6116,彩晶,32857,-1704,6839
2026-07-29,6117,迎廣,2394,-158,38
2026-07-29,6120,達運,7690,119,3
2026-07-29,6128,上福,1256,13,0
2026-07-29,6133,金橋,2938,-169,43
2026-07-29,6136,富爾特,2576,-71,0
2026-07-29,6139,亞翔,6927,-420,35
2026-07-29,6141,柏承,35,-1,0
2026-07-29,6142,友勁,0,0,0
2026-07-29,6152,百一,0,0,0
2026-07-29,6153,嘉聯益,13512,-864,54
2026-07-29,6155,鈞寶,2854,-368,20
2026-07-29,6164,華興,3825,96,2
2026-07-29,6165,浪凡,8220,19,0
2026-07-29,6166,凌華,3127,171,144
2026-07-29,6168,宏齊,4277,-774,8
2026-07-29,6176,瑞儀,6426,-187,73
2026-07-29,6177,達麗,2464,-83,4
2026-07-29,6183,關貿,8,0,0
2026-07-29,6184,大豐電,487,-6,0
2026-07-29,6189,豐藝,2369,-47,5
2026-07-29,6191,精成科,19409,-1398,28
2026-07-29,6192,巨路,750,-7,0
2026-07-29,6196,帆宣,1466,-82,20
2026-07-29,6197,佳必琪,5296,7,75
2026-07-29,6201,亞弘電,32,2,0
2026-07-29,6202,盛群,5516,-96,44
2026-07-29,6205,詮欣,3794,-490,2
2026-07-29,6206,飛捷,1881,-35,6
2026-07-29,6209,今國光,13335,-457,2
2026-07-29,6213,聯茂,14769,-1543,235
2026-07-29,6214,精誠,1751,14,4
2026-07-29,6215,和椿,5106,-314,43
2026-07-29,6216,居易,683,-4,10
2026-07-29,6224,聚鼎,1931,-64,9
2026-07-29,6225,天瀚,0,0,0
2026-07-29,6226,光鼎,3801,424,619
2026-07-29,6230,尼得科超眾,465,-3,0
2026-07-29,6235,華孚,4567,-351,35
2026-07-29,6239,力成,17472,-2545,0
2026-07-29,6243,迅杰,2417,75,203
2026-07-29,6257,矽格,10117,-451,140
2026-07-29,6269,台郡,9292,-830,177
2026-07-29,6271,同欣電,6690,-35,12
2026-07-29,6272,驊陞,93,49,0
2026-07-29,6277,宏正,348,-15,5
2026-07-29,6278,台表科,7729,-1488,158
2026-07-29,6281,全國電,27,0,0
2026-07-29,6282,康舒,24951,-3115,332
2026-07-29,6283,淳安,2303,-85,1
2026-07-29,6285,啟碁,14360,-1843,189
2026-07-29,6405,悅城,5321,-318,41
2026-07-29,6409,旭隼,926,-54,3
2026-07-29,6412,群電,2842,-155,2
2026-07-29,6414,樺漢,2154,99,719
2026-07-29,6415,矽力*-KY,4050,-262,65
2026-07-29,6416,瑞祺電通,4118,-198,0
2026-07-29,6426,統新,2121,-236,30
2026-07-29,6431,光麗-KY,0,0,0
2026-07-29,6438,迅得,3838,-223,15
2026-07-29,6442,光聖,4184,-108,152
2026-07-29,6443,元晶,10790,-1356,466
2026-07-29,6446,藥華藥,7755,-300,36
2026-07-29,6449,鈺邦,2310,98,29
2026-07-29,6451,訊芯-KY,6807,-825,161
2026-07-29,6456,GIS-KY,10955,-1147,188
2026-07-29,6464,台數科,2,0,0
2026-07-29,6472,保瑞,3521,-102,0
2026-07-29,6477,安集,3444,-282,303
2026-07-29,6491,晶碩,526,6,1
2026-07-29,6504,南六,124,-2,0
2026-07-29,6505,台塑化,11849,-805,765
2026-07-29,6515,穎崴,419,-29,4
2026-07-29,6525,捷敏-KY,2241,-365,23
2026-07-29,6526,達發,1276,-166,2
2026-07-29,6531,愛普*,6321,-492,9
2026-07-29,6533,晶心科,2181,-177,20
2026-07-29,6534,正瀚-創,1777,-10,0
2026-07-29,6541,泰福-KY,3860,81,8
2026-07-29,6550,北極星藥業-KY,0,0,0
2026-07-29,6552,易華電,1087,-28,22
2026-07-29,6558,興能高,2796,-423,50
2026-07-29,6573,虹揚-KY,0,0,0
2026-07-29,6579,研揚,1268,-94,12
2026-07-29,6581,鋼聯,6,1,0
2026-07-29,6582,申豐,360,-5,0
2026-07-29,6585,鼎基,2125,-168,64
2026-07-29,6589,台康生技,3018,15,0
2026-07-29,6591,動力-KY,2078,-53,16
2026-07-29,6592,和潤企業,673,0,1
2026-07-29,6598,ABC-KY,0,0,0
2026-07-29,6605,帝寶,2290,-25,3
2026-07-29,6606,建德工業,560,0,0
2026-07-29,6614,資拓宏宇,57,-2,0
2026-07-29,6625,必應,820,-9,0
2026-07-29,6641,基士德-KY,101,-5,1
2026-07-29,6645,金萬林-創,11,0,0
2026-07-29,6655,科定,0,0,0
2026-07-29,6657,華安,1317,-25,0
2026-07-29,6658,聯策,1487,-65,14
2026-07-29,6666,羅麗芬-KY,282,0,0
2026-07-29,6668,中揚光,3039,189,55
2026-07-29,6669,緯穎,1332,-116,14
2026-07-29,6670,復盛應用,377,-15,1
2026-07-29,6671,三能-KY,81,0,0
2026-07-29,6672,騰輝電子-KY,5602,-175,13
2026-07-29,6674,鋐寶科技,249,-13,3
2026-07-29,6689,伊雲谷,1326,-57,11
2026-07-29,6691,洋基工程,1428,-9,23
2026-07-29,6695,芯鼎,3692,-66,26
2026-07-29,6698,旭暉應材,2060,-329,0
2026-07-29,6706,惠特,7663,-353,82
2026-07-29,6715,嘉基,6737,-227,11
2026-07-29,6719,力智,3699,-326,5
2026-07-29,6722,輝創,31,16,0
2026-07-29,6742,澤米,1828,-107,80
2026-07-29,6743,安普新,517,-22,0
2026-07-29,6753,龍德造船,5679,-58,106
2026-07-29,6754,匯僑設計,133,2,0
2026-07-29,6756,威鋒電子,679,-8,0
2026-07-29,6757,台灣虎航,3479,-144,3
2026-07-29,6768,志強-KY,1196,-34,16
2026-07-29,6770,力積電,135647,-15236,8705
2026-07-29,6771,平和環保-創,82,0,0
2026-07-29,6776,展碁國際,799,-55,0
2026-07-29,6781,AES-KY,2574,-163,9
2026-07-29,6782,視陽,475,-2,1
2026-07-29,6789,采鈺,4712,-774,27
2026-07-29,6790,永豐實,587,0,0
2026-07-29,6792,詠業,273,-10,0
2026-07-29,6794,向榮生技,257,1,0
2026-07-29,6796,晉弘,574,14,1
2026-07-29,6799,來頡,2066,-13,16
2026-07-29,6805,富世達,2332,-175,4
2026-07-29,6807,峰源-KY,138,-2,0
2026-07-29,6830,汎銓,3833,-289,139
2026-07-29,6831,邁科,423,-58,44
2026-07-29,6834,天二科技,3195,-520,57
2026-07-29,6835,圓裕,795,-22,4
2026-07-29,6838,台新藥,2591,-2,0
2026-07-29,6854,錼創科技-KY創,2893,-340,5
2026-07-29,6861,睿生光電,1822,-208,9
2026-07-29,6862,三集瑞-KY,886,-92,15
2026-07-29,6863,永道-KY,1000,-4,6
2026-07-29,6869,雲豹能源,2869,-295,28
2026-07-29,6873,泓德能源,3517,-346,86
2026-07-29,6885,全福生技,2258,-15,20
2026-07-29,6887,寶綠特-KY,889,4,0
2026-07-29,6890,來億-KY,783,4,2
2026-07-29,6901,鑽石投資,6407,56,40
2026-07-29,6902,GOGOLOOK,581,-8,0
2026-07-29,6906,現觀科,490,-27,0
2026-07-29,6909,創控,1390,-119,17
2026-07-29,6914,阜爾運通,332,0,0
2026-07-29,6916,華凌,393,-6,0
2026-07-29,6918,愛派司,98,2,0
2026-07-29,6919,康霈*,0,0,0
2026-07-29,6923,中台,1728,-18,0
2026-07-29,6928,攸泰科技,795,-279,19
2026-07-29,6931,青松健康,121,-2,0
2026-07-29,6933,AMAX-KY,755,-4,8
2026-07-29,6936,永鴻生技,242,0,0
2026-07-29,6937,天虹,1435,-254,8
2026-07-29,6944,兆聯實業,785,-17,20
2026-07-29,6949,沛爾生醫-創,5255,-35,2
2026-07-29,6951,青新-創,77,0,0
2026-07-29,6952,大武山,15,0,0
2026-07-29,6957,裕慶-KY,1587,-16,0
2026-07-29,6958,日盛台駿,161,-7,0
2026-07-29,6962,奕力-KY,8409,-546,0
2026-07-29,6965,中傑-KY,39,0,0
2026-07-29,6994,富威電力,2968,-47,11
2026-07-29,7631,聚賢研發-創,57,19,0
2026-07-29,7705,三商餐飲,88,-5,0
2026-07-29,7711,永擎,550,32,0
2026-07-29,7721,微程式,1139,-32,0
2026-07-29,7722,LINEPAY,546,-49,0
2026-07-29,7730,暉盛-創,503,7,2
2026-07-29,7732,金興精密,94,-3,0
2026-07-29,7736,虎山,69,-1,0
2026-07-29,7740,熙特爾-創,1789,-21,0
2026-07-29,7749,意騰-KY,993,-136,8
2026-07-29,7750,新代,548,-19,1
2026-07-29,7765,中華資安,459,-5,0
2026-07-29,7769,鴻勁,290,-4,0
2026-07-29,7780,大研生醫*,282,11,0
2026-07-29,7786,東方風能,167,-11,0
2026-07-29,7788,松川精密,1565,-254,3
2026-07-29,7791,皇家可口,18,2,0
2026-07-29,7795,長廣,127,38,0
2026-07-29,7799,禾榮科,1221,-47,2
2026-07-29,8011,台通,3574,93,33
2026-07-29,8016,矽創,1461,-158,10
2026-07-29,8021,尖點,9713,-607,141
2026-07-29,8028,昇陽半導體,5319,-118,189
2026-07-29,8033,雷虎,6537,-560,176
2026-07-29,8039,台虹,19978,-2023,780
2026-07-29,8045,達運光電,4950,-44,10
2026-07-29,8046,南電,9437,-55,426
2026-07-29,8070,長華*,5919,-699,12
2026-07-29,8072,陞泰,1765,-114,0
2026-07-29,8081,致新,1765,-23,6
2026-07-29,8101,華冠,0,0,0
2026-07-29,8103,瀚荃,2961,-341,1
2026-07-29,8104,錸寶,3513,-754,2
2026-07-29,8105,凌巨,8244,-111,507
2026-07-29,8110,華東,15419,-1312,459
2026-07-29,8112,至上,16783,-783,3287
2026-07-29,8114,振樺電,1553,-124,18
2026-07-29,8131,福懋科,4724,-785,52
2026-07-29,8150,南茂,16986,-2059,1311
2026-07-29,8162,微矽電子-創,1728,-173,0
2026-07-29,8163,達方,2484,-91,14
2026-07-29,8201,無敵,0,0,0
2026-07-29,8210,勤誠,2279,-70,30
2026-07-29,8213,志超,3892,-84,0
2026-07-29,8215,明基材,3192,-182,12
2026-07-29,8222,寶一,3439,-9,36
2026-07-29,8249,菱光,3805,-289,21
2026-07-29,8261,富鼎,6670,-974,45
2026-07-29,8271,宇瞻,6207,730,621
2026-07-29,8341,日友,358,7,0
2026-07-29,8367,建新國際,11,0,0
2026-07-29,8374,羅昇,1558,-152,3
2026-07-29,8404,百和興業-KY,3775,-42,0
2026-07-29,8411,福貞-KY,16,0,0
2026-07-29,8422,可寧衛*,25368,-1852,79
2026-07-29,8429,金麗-KY,13803,88,28
2026-07-29,8438,昶昕,3324,-1208,0
2026-07-29,8442,威宏-KY,753,4,20
2026-07-29,8443,阿瘦,28,0,0
2026-07-29,8454,富邦媒,1446,38,57
2026-07-29,8462,柏文,1112,12,5
2026-07-29,8463,潤泰材,120,-2,0
2026-07-29,8464,億豐,59,-6,1
2026-07-29,8466,美吉吉-KY,1286,0,0
2026-07-29,8467,波力-KY,241,-4,0
2026-07-29,8473,山林水,2212,-249,33
2026-07-29,8476,台境*,18282,-6,380
2026-07-29,8478,東哥遊艇,1116,-8,0
2026-07-29,8481,政伸,5,0,0
2026-07-29,8482,商億-KY,160,0,0
2026-07-29,8487,愛爾達-創,34,-3,0
2026-07-29,8488,吉源-KY,20,0,0
2026-07-29,8499,鼎炫-KY,571,-8,0
2026-07-29,8926,台汽電,6746,-669,97
2026-07-29,8940,新天地,78,-26,0
2026-07-29,8996,高力,4143,-177,90
2026-07-29,9802,鈺齊-KY,2165,-102,24
2026-07-29,9902,台火,3209,-40,1
2026-07-29,9904,寶成,24658,-460,17
2026-07-29,9905,大華,24,0,0
2026-07-29,9906,欣巴巴,422,-7,0
2026-07-29,9907,統一實,3981,-19,2
2026-07-29,9908,大台北,129,2,0
2026-07-29,9910,豐泰,2218,-159,15
2026-07-29,9911,櫻花,392,-2,0
2026-07-29,9912,偉聯,0,0,0
2026-07-29,9914,美利達,2646,12,56
2026-07-29,9917,中保科,54,-40,0
2026-07-29,9918,欣天然,109,-3,0
2026-07-29,9919,康那香,8282,-6,5
2026-07-29,9921,巨大,1818,-77,205
2026-07-29,9924,福興,731,3,0
2026-07-29,9925,新保,2,-1,0
2026-07-29,9926,新海,12,-1,0
2026-07-29,9927,泰銘,57,-1,0
2026-07-29,9928,中視,440,-31,0
2026-07-29,9929,秋雨,0,0,0
2026-07-29,9930,中聯資源,20,1,0
2026-07-29,9931,欣高,67,-6,0
2026-07-29,9933,中鼎,4023,-8,1
2026-07-29,9934,成霖,5745,14,4
2026-07-29,9935,慶豐富,1209,-23,0
2026-07-29,9937,全國,119,-8,0
2026-07-29,9938,百和,3249,-234,0
2026-07-29,9939,宏全,1156,-53,1
2026-07-29,9940,信義,1252,8,0
2026-07-29,9941,裕融,917,-68,3
2026-07-29,9942,茂順,27,-13,0
2026-07-29,9943,好樂迪,70,-11,0
2026-07-29,9944,新麗,5521,1,4
2026-07-29,9945,潤泰新,20854,-87,81
2026-07-29,9946,三發地產,1143,57,0
2026-07-29,9955,佳龍,1029,-174,0
2026-07-29,9958,世紀鋼,8319,-482,5
2026-07-30,1101,台泥,31139,824,71
2026-07-30,1102,亞泥,1232,-104,7
2026-07-30,1103,嘉泥,4055,-3,1
2026-07-30,1104,環泥,1658,-22,0
2026-07-30,1108,幸福,417,-3,44
2026-07-30,1109,信大,270,0,1
2026-07-30,1110,東泥,2653,-29,1
2026-07-30,1201,味全,1445,-7,0
2026-07-30,1203,味王,25,22,0
2026-07-30,1210,大成,573,-39,0
2026-07-30,1213,大飲,0,0,0
2026-07-30,1215,卜蜂,396,-10,31
2026-07-30,1216,統一,484,2,1
2026-07-30,1217,愛之味,1162,77,9
2026-07-30,1218,泰山,1772,-133,138
2026-07-30,1219,福壽,200,-32,103
2026-07-30,1220,台榮,875,0,18
2026-07-30,1225,福懋油,6798,-127,8
2026-07-30,1227,佳格,966,9,3
2026-07-30,1229,聯華,2982,-36,13
2026-07-30,1231,聯華食,256,-12,0
2026-07-30,1232,大統益,171,-53,0
2026-07-30,1233,天仁,24,0,0
2026-07-30,1234,黑松,16,-3,0
2026-07-30,1235,興泰,1155,0,0
2026-07-30,1236,宏亞,184,0,0
2026-07-30,1256,鮮活果汁-KY,248,-1,2
2026-07-30,1301,台塑,21216,6,251
2026-07-30,1303,南亞,31231,6895,2869
2026-07-30,1304,台聚,10835,18,136
2026-07-30,1305,華夏,6575,34,61
2026-07-30,1307,三芳,1361,6,0
2026-07-30,1308,亞聚,6040,3,57
2026-07-30,1309,台達化,6864,-183,78
2026-07-30,1310,台苯,12206,-498,48
2026-07-30,1312,國喬,32659,28,177
2026-07-30,1313,聯成,11938,413,99
2026-07-30,1314,中石化,74713,-101,188
2026-07-30,1315,達新,12,0,0
2026-07-30,1316,上曜,9832,-60,144
2026-07-30,1319,東陽,6916,-92,23
2026-07-30,1321,大洋,7144,-15,0
2026-07-30,1323,永裕,73,-4,0
2026-07-30,1324,地球,1272,0,0
2026-07-30,1325,恆大,2276,30,75
2026-07-30,1326,台化,32392,503,531
2026-07-30,1337,再生-KY,21389,-3,0
2026-07-30,1338,廣華-KY,3884,13,0
2026-07-30,1339,昭輝,885,1,0
2026-07-30,1340,勝悅-KY,1003,3,0
2026-07-30,1342,八貫,616,-9,0
2026-07-30,1402,遠東新,6335,-305,20
2026-07-30,1409,新纖,21889,113,150
2026-07-30,1410,南染,244,0,0
2026-07-30,1413,宏洲,0,0,0
2026-07-30,1414,東和,990,16,0
2026-07-30,1416,廣豐,3246,0,0
2026-07-30,1417,嘉裕,1981,8,2
2026-07-30,1418,東華,777,0,0
2026-07-30,1419,新紡,1251,5,0
2026-07-30,1423,利華,87,1,0
2026-07-30,1432,大魯閣,135,-3,38
2026-07-30,1434,福懋,7262,-334,1
2026-07-30,1435,中福,0,0,0
2026-07-30,1436,華友聯,942,18,35
2026-07-30,1437,勤益控,2746,94,0
2026-07-30,1438,三地開發,140,5,0
2026-07-30,1439,雋揚,1042,1,0
2026-07-30,1440,南紡,5310,40,6
2026-07-30,1441,大東,0,0,0
2026-07-30,1442,名軒,2711,-8,8
2026-07-30,1443,立益物流,8,-4,0
2026-07-30,1444,力麗,568,0,0
2026-07-30,1445,大宇,1354,0,21
2026-07-30,1446,宏和,1441,14,4
2026-07-30,1447,力鵬,793,0,0
2026-07-30,1449,佳和,3208,28,5
2026-07-30,1451,年興,570,0,0
2026-07-30,1452,宏益,109,0,0
2026-07-30,1453,大將,1032,-1,4
2026-07-30,1454,台富,2172,3,0
2026-07-30,1455,集盛,3049,0,1
2026-07-30,1456,怡華,741,17,0
2026-07-30,1457,宜進,665,0,1
2026-07-30,1459,聯發,437,0,0
2026-07-30,1460,宏遠,0,0,0
2026-07-30,1463,強盛新,316,-184,1
2026-07-30,1464,得力,1954,-17,0
2026-07-30,1465,偉全,3242,-19,0
2026-07-30,1466,聚隆,3251,38,13
2026-07-30,1467,南緯,6732,-67,16
2026-07-30,1468,昶和,0,0,0
2026-07-30,1470,大統新創,5,0,0
2026-07-30,1471,首利,0,0,0
2026-07-30,1472,三洋實業,3882,0,2
2026-07-30,1473,台南,771,0,0
2026-07-30,1474,弘裕,3353,-20,0
2026-07-30,1475,業旺,462,1,0
2026-07-30,1476,儒鴻,730,-41,23
2026-07-30,1477,聚陽,1406,-82,8
2026-07-30,1503,士電,2825,-17,41
2026-07-30,1504,東元,28287,-182,79
2026-07-30,1506,正道,0,0,0
2026-07-30,1512,瑞利,0,0,0
2026-07-30,1513,中興電,7657,-61,21
2026-07-30,1514,亞力,6130,-178,7
2026-07-30,1515,力山,2127,-133,216
2026-07-30,1516,川飛,2,0,0
2026-07-30,1517,利奇,2248,53,4
2026-07-30,1519,華城,2901,-40,1
2026-07-30,1521,大億,448,1,0
2026-07-30,1522,堤維西,3953,-20,42
2026-07-30,1524,耿鼎,3792,-46,16
2026-07-30,1525,江申,239,10,0
2026-07-30,1526,日馳,757,-76,31
2026-07-30,1527,鑽全,558,2,0
2026-07-30,1528,恩德,5767,-182,48
2026-07-30,1529,樂事綠能,2648,61,663
2026-07-30,1530,亞崴,271,-3,0
2026-07-30,1531,高林股,1671,0,4
2026-07-30,1532,勤美,2867,-38,0
2026-07-30,1533,車王電,500,2,2
2026-07-30,1535,中宇,59,1,0
2026-07-30,1536,和大,7733,-62,226
2026-07-30,1537,廣隆,55,-4,0
2026-07-30,1538,正峰,0,0,0
2026-07-30,1539,巨庭,1335,-44,0
2026-07-30,1540,喬福,1528,-12,11
2026-07-30,1541,錩泰,102,1,0
2026-07-30,1558,伸興,248,-5,0
2026-07-30,1560,中砂,1611,48,39
2026-07-30,1563,巧新,6139,-100,6
2026-07-30,1568,倉佑,2297,52,1
2026-07-30,1582,信錦,3591,-99,11
2026-07-30,1583,程泰,64,1,0
2026-07-30,1587,吉茂,1652,0,25
2026-07-30,1589,永冠-KY,678,0,0
2026-07-30,1590,亞德客-KY,89,-2,0
2026-07-30,1597,直得,2013,-83,17
2026-07-30,1598,岱宇,2030,-90,0
2026-07-30,1603,華電,1690,27,6
2026-07-30,1604,聲寶,201,2,0
2026-07-30,1605,華新,51335,-144,496
2026-07-30,1608,華榮,8162,2,9
2026-07-30,1609,大亞,12039,-537,12
2026-07-30,1611,中電,3194,-9,1
2026-07-30,1612,宏泰,1897,-12,57
2026-07-30,1614,三洋電,337,0,0
2026-07-30,1615,大山,156,2,0
2026-07-30,1616,億泰,2764,-95,33
2026-07-30,1617,榮星,1523,-22,0
2026-07-30,1618,合機,3320,-20,49
2026-07-30,1623,大東電,3,1,0
2026-07-30,1626,艾美特-KY,1627,-3,1
2026-07-30,1702,南僑,293,-1,0
2026-07-30,1707,葡萄王,317,-3,21
2026-07-30,1708,東鹼,6402,-18,67
2026-07-30,1709,和益,15688,-362,12
2026-07-30,1710,東聯,10603,-137,69
2026-07-30,1711,永光,13794,-337,108
2026-07-30,1712,興農,447,-1,0
2026-07-30,1713,國化,2941,-2,0
2026-07-30,1714,和桐,12058,-92,70
2026-07-30,1717,長興,17526,-747,258
2026-07-30,1718,中纖,14822,-532,160
2026-07-30,1720,生達,305,-34,0
2026-07-30,1721,三晃,126,0,0
2026-07-30,1722,台肥,2733,-22,9
2026-07-30,1723,中碳,581,-2,6
2026-07-30,1725,元禎,267,-2,0
2026-07-30,1726,永記,26,1,0
2026-07-30,1727,中華化,5816,-178,68
2026-07-30,1730,花仙子,5,0,0
2026-07-30,1731,美吾華,316,-1,0
2026-07-30,1732,毛寶,735,-52,29
2026-07-30,1733,五鼎,2550,-10,1
2026-07-30,1734,杏輝,334,8,1
2026-07-30,1735,日勝化,679,-4,0
2026-07-30,1736,喬山,1848,11,0
2026-07-30,1737,臺鹽,21,-1,0
2026-07-30,1752,南光,325,0,0
2026-07-30,1760,寶齡富錦,997,-1,0
2026-07-30,1762,中化生,713,-3,2
2026-07-30,1773,勝一,1024,-3,2
2026-07-30,1776,展宇,769,-17,1
2026-07-30,1783,和康生,592,0,0
2026-07-30,1786,科妍,4979,-6,11
2026-07-30,1789,神隆,3236,15,1
2026-07-30,1795,美時,8852,-106,37
2026-07-30,1802,台玻,34499,-3595,516
2026-07-30,1805,寶徠,1463,10,0
2026-07-30,1806,冠軍,2920,-17,0
2026-07-30,1808,潤隆,5621,-79,1
2026-07-30,1809,中釉,5303,118,81
2026-07-30,1810,和成,19816,-77,200
2026-07-30,1817,凱撒衛,16,0,0
2026-07-30,1903,士紙,2425,-10,6
2026-07-30,1904,正隆,4567,-122,2
2026-07-30,1905,華紙,11771,-69,36
2026-07-30,1906,寶隆,7270,1,0
2026-07-30,1907,永豐餘,24155,-15,3
2026-07-30,1909,榮成,9758,-267,34
2026-07-30,2002,中鋼,40715,-130,1113
2026-07-30,2006,東和鋼鐵,920,-3,4
2026-07-30,2007,燁興,5,0,0
2026-07-30,2008,高興昌,121,-1,0
2026-07-30,2009,第一銅,6445,-62,13
2026-07-30,2010,春源,2026,1,0
2026-07-30,2012,春雨,187,0,0
2026-07-30,2013,中鋼構,1406,0,0
2026-07-30,2014,中鴻,1130,-5,0
2026-07-30,2015,豐興,38,2,0
2026-07-30,2017,官田鋼,8076,1,1
2026-07-30,2020,美亞,702,-58,0
2026-07-30,2022,聚亨,1981,2,2
2026-07-30,2023,燁輝,2510,-8,51
2026-07-30,2024,志聯,74,1,0
2026-07-30,2025,千興,0,0,0
2026-07-30,2027,大成鋼,22833,-9,245
2026-07-30,2028,威致,1190,5,0
2026-07-30,2029,盛餘,422,1,0
2026-07-30,2030,彰源,4339,18,1
2026-07-30,2031,新光鋼,1179,-54,5
2026-07-30,2032,新鋼,2700,-18,0
2026-07-30,2033,佳大,2749,27,5
2026-07-30,2034,允強,3597,-6,4
2026-07-30,2038,海光,3475,1,22
2026-07-30,2049,上銀,3130,-19,46
2026-07-30,2059,川湖,435,4,2
2026-07-30,2062,橋椿,1327,-31,1
2026-07-30,2069,運錩,429,2,0
2026-07-30,2101,南港,20738,-354,1
2026-07-30,2102,泰豐,3767,0,6
2026-07-30,2103,台橡,13389,32,110
2026-07-30,2104,國際中橡,19332,62,46
2026-07-30,2105,正新,9027,-5,21
2026-07-30,2106,建大,2767,6,3
2026-07-30,2107,厚生,93,-4,0
2026-07-30,2108,南帝,2760,11,32
2026-07-30,2109,華豐,687,0,0
2026-07-30,2114,鑫永銓,7,-1,0
2026-07-30,2115,六暉-KY,509,-3,3
2026-07-30,2201,裕隆,9636,-4,16
2026-07-30,2204,中華,1202,12,1
2026-07-30,2206,三陽工業,4127,-115,2
2026-07-30,2207,和泰車,78,13,0
2026-07-30,2208,台船,0,0,0
2026-07-30,2211,長榮鋼,470,-1,0
2026-07-30,2228,劍麟,1567,-10,6
2026-07-30,2231,為升,2537,-13,166
2026-07-30,2233,宇隆,4536,-84,6
2026-07-30,2236,百達-KY,11600,155,14
2026-07-30,2239,英利-KY,1604,16,0
2026-07-30,2241,艾姆勒,7069,134,3
2026-07-30,2243,宏旭-KY,1228,-206,12
2026-07-30,2247,汎德永業,140,2,1
2026-07-30,2248,華勝-KY,546,2,0
2026-07-30,2250,IKKA-KY,1198,-20,14
2026-07-30,2254,巨鎧精密-創,2520,0,0
2026-07-30,2301,光寶科,16584,898,353
2026-07-30,2302,麗正,3595,-111,123
2026-07-30,2303,聯電,143526,2523,3513
2026-07-30,2305,全友,6439,-2,179
2026-07-30,2308,台達電,7616,371,35
2026-07-30,2312,金寶,44800,-745,192
2026-07-30,2313,華通,31728,-754,1244
2026-07-30,2314,台揚,0,0,0
2026-07-30,2316,楠梓電,3102,-64,50
2026-07-30,2317,鴻海,52661,678,282
2026-07-30,2321,東訊,0,0,0
2026-07-30,2323,中環,29496,-12,43
2026-07-30,2324,仁寶,54845,-734,842
2026-07-30,2327,國巨*,31985,-3558,700
2026-07-30,2328,廣宇,16214,-290,51
2026-07-30,2329,華泰,14341,63,295
2026-07-30,2330,台積電,30664,-168,130
2026-07-30,2331,精英,9933,17,17
2026-07-30,2332,友訊,29062,-526,3364
2026-07-30,2337,旺宏,89729,-3336,5336
2026-07-30,2338,光罩,5199,-74,30
2026-07-30,2340,台亞,7718,-145,17
2026-07-30,2342,茂矽,3493,-122,39
2026-07-30,2344,華邦電,121448,-18652,5761
2026-07-30,2345,智邦,1338,-2,1
2026-07-30,2347,聯強,568,1,7
2026-07-30,2348,海悅,2582,31,0
2026-07-30,2349,錸德,0,0,0
2026-07-30,2351,順德,9961,-114,0
2026-07-30,2352,佳世達,15326,-132,7
2026-07-30,2353,宏碁,39755,166,2271
2026-07-30,2354,鴻準,25002,-164,29
2026-07-30,2355,敬鵬,8855,-109,40
2026-07-30,2356,英業達,27396,-813,1160
2026-07-30,2357,華碩,2022,2,44
2026-07-30,2359,所羅門,6126,-465,432
2026-07-30,2360,致茂,1308,102,12
2026-07-30,2362,藍天,2134,-3,11
2026-07-30,2363,矽統,16954,147,208
2026-07-30,2364,倫飛,716,-3,2
2026-07-30,2365,昆盈,7701,-107,59
2026-07-30,2367,燿華,24185,-735,0
2026-07-30,2368,金像電,4398,267,293
2026-07-30,2369,菱生,12653,120,91
2026-07-30,2371,大同,47307,-575,434
2026-07-30,2373,震旦行,45,0,0
2026-07-30,2374,佳能,16255,-229,48
2026-07-30,2375,凱美,4762,-23,97
2026-07-30,2376,技嘉,6207,-94,0
2026-07-30,2377,微星,13265,-106,413
2026-07-30,2379,瑞昱,2480,-66,170
2026-07-30,2380,虹光,0,0,0
2026-07-30,2382,廣達,15108,1295,777
2026-07-30,2383,台光電,1697,146,18
2026-07-30,2385,群光,2932,-106,94
2026-07-30,2387,精元,1241,-3,1
2026-07-30,2388,威盛,10948,-97,140
2026-07-30,2390,云辰,1828,-80,2
2026-07-30,2392,正崴,4647,-22,6
2026-07-30,2393,億光,2283,-10,0
2026-07-30,2395,研華,1835,-75,31
2026-07-30,2397,友通,1623,-10,4
2026-07-30,2399,映泰,10364,-178,52
2026-07-30,2401,凌陽,8018,-69,120
2026-07-30,2402,毅嘉,11917,-109,7
2026-07-30,2404,漢唐,2124,-12,5
2026-07-30,2405,輔信,7662,33,1
2026-07-30,2406,國碩,12608,47,319
2026-07-30,2408,南亞科,81812,-2629,3096
2026-07-30,2409,友達,203552,2820,5271
2026-07-30,2412,中華電,6804,-896,942
2026-07-30,2413,環科,4285,-7,17
2026-07-30,2414,精技,488,7,0
2026-07-30,2415,錩新,2417,9,0
2026-07-30,2417,圓剛,3050,-129,11
2026-07-30,2419,仲琦,5964,-232,5
2026-07-30,2420,新巨,935,-47,8
2026-07-30,2421,建準,5067,-44,37
2026-07-30,2423,固緯,621,-3,7
2026-07-30,2424,隴華,0,0,0
2026-07-30,2425,承啟,4514,14,53
2026-07-30,2426,鼎元,12491,-873,269
2026-07-30,2427,三商電,5396,-16,0
2026-07-30,2428,興勤,1796,91,17
2026-07-30,2429,銘旺科,622,-29,0
2026-07-30,2430,燦坤,97,1,6
2026-07-30,2431,聯昌,1535,-9,0
2026-07-30,2432,倚天酷碁-創,350,0,0
2026-07-30,2433,互盛電,24,-2,0
2026-07-30,2434,統懋,378,-28,29
2026-07-30,2436,偉詮電,5724,-61,364
2026-07-30,2438,翔耀,0,0,0
2026-07-30,2439,美律,3461,-35,135
2026-07-30,2440,太空梭,1618,20,1
2026-07-30,2441,超豐,7394,-426,174
2026-07-30,2442,新美齊,4041,20,1
2026-07-30,2444,兆勁,0,0,0
2026-07-30,2449,京元電子,17518,-580,28
2026-07-30,2450,神腦,76,0,0
2026-07-30,2451,創見,6016,-456,268
2026-07-30,2453,凌群,2393,-8,0
2026-07-30,2454,聯發科,9448,361,30
2026-07-30,2455,全新,8424,-103,356
2026-07-30,2457,飛宏,12311,-1812,69
2026-07-30,2458,義隆,3183,-26,55
2026-07-30,2459,敦吉,88,-4,0
2026-07-30,2460,建通,293,0,0
2026-07-30,2461,光群雷,8395,-14,2
2026-07-30,2462,良得電,2281,-27,16
2026-07-30,2464,盟立,12211,-24,503
2026-07-30,2465,麗臺,3436,15,26
2026-07-30,2466,冠西電,5924,67,226
2026-07-30,2467,志聖,1786,-49,51
2026-07-30,2468,華經,3153,-75,13
2026-07-30,2471,資通,1284,-4,2
2026-07-30,2472,立隆電,4321,-66,41
2026-07-30,2474,可成,8362,-201,29
2026-07-30,2476,鉅祥,40898,178,81
2026-07-30,2477,美隆電,1142,2,27
2026-07-30,2478,大毅,6377,-314,19
2026-07-30,2480,敦陽科,327,1,0
2026-07-30,2481,強茂,10913,-504,362
2026-07-30,2482,連宇,1767,-13,0
2026-07-30,2483,百容,1594,-32,7
2026-07-30,2484,希華,13026,-830,273
2026-07-30,2485,兆赫,10560,-355,388
2026-07-30,2486,一詮,21334,-1316,137
2026-07-30,2488,漢平,502,-6,0
2026-07-30,2489,瑞軒,26349,-651,251
2026-07-30,2491,吉祥全,1868,-235,8
2026-07-30,2492,華新科,7930,-307,139
2026-07-30,2493,揚博,7095,-112,15
2026-07-30,2495,普安,8148,-43,2
2026-07-30,2496,卓越,35,0,0
2026-07-30,2497,怡利電,1859,98,4
2026-07-30,2498,宏達電,28523,-286,792
2026-07-30,2501,國建,4523,37,0
2026-07-30,2504,國產,4387,-6,2
2026-07-30,2505,國揚,3306,-99,0
2026-07-30,2506,太設,1833,-2,0
2026-07-30,2509,全坤建,547,3,1
2026-07-30,2511,太子,2646,-56,1
2026-07-30,2514,龍邦,18112,4,1
2026-07-30,2515,中工,27744,363,48
2026-07-30,2516,新建,0,0,0
2026-07-30,2520,冠德,2228,4,6
2026-07-30,2524,京城,3178,2,1
2026-07-30,2527,宏璟,5227,-135,4
2026-07-30,2528,皇普,6374,-12,1
2026-07-30,2530,華建,6713,11,21
2026-07-30,2534,宏盛,11923,-18,6
2026-07-30,2535,達欣工,287,-10,5
2026-07-30,2536,宏普,4964,-37,0
2026-07-30,2537,聯上發,3721,-40,3
2026-07-30,2538,基泰,2252,-69,1
2026-07-30,2539,櫻花建,2160,-15,12
2026-07-30,2540,愛山林,2825,-262,20
2026-07-30,2542,興富發,5368,-159,218
2026-07-30,2543,皇昌,9272,-427,0
2026-07-30,2545,皇翔,2749,0,9
2026-07-30,2546,根基,94,13,0
2026-07-30,2547,日勝生,9929,108,2
2026-07-30,2548,華固,1922,-39,4
2026-07-30,2597,潤弘,161,2,0
2026-07-30,2601,益航,409,0,0
2026-07-30,2603,長榮,14786,-145,310
2026-07-30,2605,新興,12946,74,8
2026-07-30,2606,裕民,2863,70,7
2026-07-30,2607,榮運,785,-3,1
2026-07-30,2608,嘉里大榮,1210,-62,1
2026-07-30,2609,陽明,31739,-232,359
2026-07-30,2610,華航,48244,818,527
2026-07-30,2611,志信,2011,-3,2
2026-07-30,2612,中航,1670,0,0
2026-07-30,2613,中櫃,2039,127,12
2026-07-30,2614,東森,5273,-102,2
2026-07-30,2615,萬海,15300,-121,162
2026-07-30,2616,山隆,438,-8,0
2026-07-30,2617,台航,2133,-21,0
2026-07-30,2618,長榮航,26066,-557,500
2026-07-30,2630,亞航,5195,-155,66
2026-07-30,2633,台灣高鐵,1756,-54,46
2026-07-30,2634,漢翔,24773,-569,804
2026-07-30,2636,台驊控股,608,-10,1
2026-07-30,2637,慧洋-KY,2387,-53,9
2026-07-30,2642,宅配通,597,0,0
2026-07-30,2645,長榮航太,2886,2,13
2026-07-30,2646,星宇航空,3698,14,28
2026-07-30,2701,萬企,387,5,0
2026-07-30,2702,華園,426,-1,0
2026-07-30,2704,國賓,111,4,0
2026-07-30,2705,六福,550,-2,0
2026-07-30,2706,第一店,643,5,0
2026-07-30,2707,晶華,157,20,0
2026-07-30,2712,遠雄來,7,0,0
2026-07-30,2722,夏都,329,4,0
2026-07-30,2723,美食-KY,1692,10,1
2026-07-30,2727,王品,339,-22,3
2026-07-30,2731,雄獅,848,-50,6
2026-07-30,2739,寒舍,871,9,0
2026-07-30,2748,雲品,514,-1,0
2026-07-30,2753,八方雲集,516,-1,2
2026-07-30,2762,世界健身-KY,175,-1,0
2026-07-30,2801,彰銀,7528,90,0
2026-07-30,2812,台中銀,3497,-1519,0
2026-07-30,2816,旺旺保,584,24,0
2026-07-30,2820,華票,639,-59,3
2026-07-30,2832,台產,549,1,0
2026-07-30,2834,臺企銀,20399,1383,0
2026-07-30,2836,高雄銀,6068,-530,1
2026-07-30,2838,聯邦銀,806,3,1
2026-07-30,2845,遠東銀,3839,16,68
2026-07-30,2849,安泰銀,249,19,1
2026-07-30,2850,新產,312,19,0
2026-07-30,2851,中再保,849,62,5
2026-07-30,2852,第一保,1328,-5,0
2026-07-30,2855,統一證,6395,-15,196
2026-07-30,2867,三商壽,3189,35,34
2026-07-30,2880,華南金,865,11,34
2026-07-30,2881,富邦金,6774,32,253
2026-07-30,2882,國泰金,5221,-69,858
2026-07-30,2883,凱基金,13732,160,294
2026-07-30,2884,玉山金,5683,496,273
2026-07-30,2885,元大金,2874,-95,6
2026-07-30,2886,兆豐金,1321,-19,88
2026-07-30,2887,台新新光金,40209,-403,371
2026-07-30,2889,國票金,2683,-36,31
2026-07-30,2890,永豐金,2311,22,75
2026-07-30,2891,中信金,3984,-170,231
2026-07-30,2892,第一金,1638,-548,16
2026-07-30,2897,王道銀行,1300,-245,4
2026-07-30,2901,欣欣,473,0,0
2026-07-30,2903,遠百,1272,-18,1
2026-07-30,2904,匯僑,32,0,0
2026-07-30,2905,三商,7811,17,1
2026-07-30,2906,高林,570,-17,0
2026-07-30,2908,特力,13976,-48,0
2026-07-30,2910,統領,94,36,0
2026-07-30,2911,麗嬰房,156,-13,0
2026-07-30,2912,統一超,507,8,0
2026-07-30,2913,農林,6468,-355,9
2026-07-30,2915,潤泰全,8593,141,15
2026-07-30,2929,淘帝-KY,2055,6,0
2026-07-30,2939,永邑-KY,251,0,1
2026-07-30,3002,歐格,1841,24,14
2026-07-30,3003,健和興,3295,-15,1
2026-07-30,3004,豐達科,1814,0,3
2026-07-30,3005,神基,8509,-91,48
2026-07-30,3006,晶豪科,16983,-639,58
2026-07-30,3008,大立光,1879,-58,26
2026-07-30,3010,華立,1150,0,17
2026-07-30,3011,今皓,2832,46,66
2026-07-30,3013,晟銘電,8672,-172,55
2026-07-30,3014,聯陽,2268,18,61
2026-07-30,3015,全漢,2515,-63,8
2026-07-30,3016,嘉晶,6819,-221,254
2026-07-30,3017,奇鋐,4177,-27,35
2026-07-30,3018,隆銘綠能,0,0,0
2026-07-30,3019,亞光,11168,-137,39
2026-07-30,3021,鴻名,545,-25,0
2026-07-30,3022,威強電,5570,-220,20
2026-07-30,3023,信邦,1377,32,10
2026-07-30,3024,憶聲,8698,52,7
2026-07-30,3025,星通,1603,-35,0
2026-07-30,3026,禾伸堂,7517,-783,105
2026-07-30,3027,盛達,4582,-5,1
2026-07-30,3028,增你強,3118,36,60
2026-07-30,3029,零壹,3200,-20,18
2026-07-30,3030,德律,10480,-124,18
2026-07-30,3031,佰鴻,5378,-69,11
2026-07-30,3032,偉訓,8055,-5,6
2026-07-30,3033,威健,9037,-15,21
2026-07-30,3034,聯詠,2345,-48,27
2026-07-30,3035,智原,10357,-974,398
2026-07-30,3036,文曄,11164,-17,204
2026-07-30,3037,欣興,40085,404,396
2026-07-30,3038,全台,1325,2,2
2026-07-30,3040,遠見,10134,-7,8
2026-07-30,3041,揚智,3480,45,52
2026-07-30,3042,晶技,10249,194,137
2026-07-30,3043,科風,854,-26,0
2026-07-30,3044,健鼎,6088,-57,5
2026-07-30,3045,台灣大,746,-73,65
2026-07-30,3046,建碁,1041,-31,10
2026-07-30,3047,訊舟,6618,-72,43
2026-07-30,3048,益登,5159,-85,65
2026-07-30,3049,精金,0,0,0
2026-07-30,3050,鈺德,3265,-30,6
2026-07-30,3051,力特,4090,9,0
2026-07-30,3052,夆典,1569,-104,0
2026-07-30,3054,立萬利,898,-2,0
2026-07-30,3055,蔚華科,5650,-69,153
2026-07-30,3056,富華新,3584,-27,2
2026-07-30,3057,喬鼎,0,0,0
2026-07-30,3058,立德,0,0,0
2026-07-30,3059,華晶科,11172,-154,23
2026-07-30,3060,銘異,8649,-83,15
2026-07-30,3062,建漢,9860,-27,76
2026-07-30,3090,日電貿,4031,5,18
2026-07-30,3092,鴻碩,3615,-76,44
2026-07-30,3094,聯傑,2775,110,122
2026-07-30,3130,一零四,9,0,0
2026-07-30,3135,凌航,2366,27,120
2026-07-30,3138,耀登,2018,-81,11
2026-07-30,3149,正達,21409,29,4069
2026-07-30,3150,鈺寶-創,235,10,0
2026-07-30,3164,景岳,285,0,0
2026-07-30,3167,大量,8895,-1355,15
2026-07-30,3168,眾福科,38,0,0
2026-07-30,3189,景碩,21380,2115,298
2026-07-30,3209,全科,5545,33,7
2026-07-30,3229,晟鈦,0,0,0
2026-07-30,3231,緯創,45212,-3107,780
2026-07-30,3257,虹冠電,2510,-124,31
2026-07-30,3266,昇陽,354,-5,0
2026-07-30,3296,勝德,1836,-16,2
2026-07-30,3305,昇貿,6530,-140,69
2026-07-30,3308,聯德,677,-21,0
2026-07-30,3311,閎暉,2845,21,5
2026-07-30,3312,弘憶股,4787,-120,41
2026-07-30,3321,同泰,0,0,0
2026-07-30,3338,泰碩,3359,-17,11
2026-07-30,3346,麗清,3006,-20,7
2026-07-30,3356,奇偶,1728,29,7
2026-07-30,3376,新日興,11275,-116,16
2026-07-30,3380,明泰,5214,8,9
2026-07-30,3406,玉晶光,2315,15,28
2026-07-30,3413,京鼎,4034,-148,6
2026-07-30,3416,融程電,984,-11,11
2026-07-30,3419,譁裕,1042,-10,0
2026-07-30,3432,台端,0,0,0
2026-07-30,3437,榮創,2785,-34,23
2026-07-30,3443,創意,4258,252,21
2026-07-30,3447,展達,1860,-45,23
2026-07-30,3450,聯鈞,14066,-1207,137
2026-07-30,3481,群創,310222,-5647,6114
2026-07-30,3494,誠研,0,0,0
2026-07-30,3501,維熹,1158,1,0
2026-07-30,3504,揚明光,2857,-133,120
2026-07-30,3515,華擎,1591,-9,14
2026-07-30,3518,柏騰,3812,-23,25
2026-07-30,3528,安馳,2387,26,11
2026-07-30,3530,晶相光,1246,-4,11
2026-07-30,3532,台勝科,7848,-728,405
2026-07-30,3533,嘉澤,586,0,0
2026-07-30,3535,晶彩科,3913,-482,89
2026-07-30,3543,州巧,4162,297,43
2026-07-30,3545,敦泰,4428,-33,0
2026-07-30,3550,聯穎,13589,39,2
2026-07-30,3557,嘉威,379,0,0
2026-07-30,3563,牧德,5234,-96,5
2026-07-30,3576,聯合再生,0,0,0
2026-07-30,3583,辛耘,1854,-88,5
2026-07-30,3588,通嘉,1714,-26,1
2026-07-30,3591,艾笛森,26782,6,7
2026-07-30,3592,瑞鼎,917,2,0
2026-07-30,3593,力銘,0,0,0
2026-07-30,3596,智易,1200,-20,26
2026-07-30,3605,宏致,8561,-21,38
2026-07-30,3607,谷崧,1833,-7,0
2026-07-30,3617,碩天,1972,10,0
2026-07-30,3622,洋華,1759,-10,2
2026-07-30,3645,達邁,5295,207,17
2026-07-30,3652,精聯,625,-5,0
2026-07-30,3653,健策,2261,-110,20
2026-07-30,3661,世芯-KY,5600,-53,20
2026-07-30,3665,貿聯-KY,2272,13,28
2026-07-30,3669,圓展,1150,-84,8
2026-07-30,3673,TPK-KY,14149,-52,112
2026-07-30,3679,新至陞,119,2,0
2026-07-30,3686,達能,0,0,0
2026-07-30,3694,海華,6466,-151,77
2026-07-30,3701,大眾控,5685,-302,52
2026-07-30,3702,大聯大,5930,33,152
2026-07-30,3703,欣陸,1416,-2,1
2026-07-30,3704,合勤控,6189,-7,52
2026-07-30,3705,永信,366,-6,0
2026-07-30,3706,神達,30712,-262,179
2026-07-30,3708,上緯投控,2966,-45,12
2026-07-30,3711,日月光投控,10575,545,135
2026-07-30,3712,永崴投控,2648,-95,147
2026-07-30,3714,富采,24851,151,152
2026-07-30,3715,定穎投控,19117,405,646
2026-07-30,3716,中化控股,489,5,0
2026-07-30,3717,聯嘉投控,10072,255,96
2026-07-30,4104,佳醫,82,2,0
2026-07-30,4106,雃博,660,0,0
2026-07-30,4108,懷特,0,0,0
2026-07-30,4119,旭富,590,7,22
2026-07-30,4133,亞諾法,1308,18,6
2026-07-30,4137,麗豐-KY,1080,0,0
2026-07-30,4142,國光生,6650,180,1
2026-07-30,4148,全宇生技-KY,399,0,0
2026-07-30,4155,訊映,909,5,0
2026-07-30,4164,承業醫,6381,-237,24
2026-07-30,4190,佐登-KY,290,0,0
2026-07-30,4306,炎洲,4419,8,1
2026-07-30,4414,如興,711,12,0
2026-07-30,4426,利勤,952,11,0
2026-07-30,4438,廣越,793,-1,0
2026-07-30,4439,冠星-KY,246,2,5
2026-07-30,4440,宜新實業,147,-6,0
2026-07-30,4441,振大環球,170,4,3
2026-07-30,4526,東台,5589,-218,18
2026-07-30,4532,瑞智,2272,-55,0
2026-07-30,4536,拓凱,602,-14,0
2026-07-30,4540,全球傳動,3311,-32,14
2026-07-30,4545,銘鈺,1188,0,0
2026-07-30,4551,智伸科,2116,3,7
2026-07-30,4552,力達-KY,2182,-1,12
2026-07-30,4555,氣立,2273,-13,29
2026-07-30,4557,永新-KY,326,1,0
2026-07-30,4560,強信-KY,289,-1,0
2026-07-30,4562,穎漢,1809,-28,40
2026-07-30,4564,元翎,10645,-102,9
2026-07-30,4566,時碩工業,3917,-216,101
2026-07-30,4569,六方科-KY,721,5,0
2026-07-30,4571,鈞興-KY,973,-23,15
2026-07-30,4572,駐龍,324,-1,1
2026-07-30,4576,大銀微系統,2108,-97,62
2026-07-30,4581,光隆精密-KY,25,-1,0
2026-07-30,4583,台灣精銳,3228,-283,8
2026-07-30,4585,達明,589,-37,60
2026-07-30,4588,玖鼎電力,394,6,1
2026-07-30,4720,德淵,3236,-75,14
2026-07-30,4722,國精化,10599,-249,20
2026-07-30,4736,泰博,172,-5,0
2026-07-30,4737,華廣,1603,14,0
2026-07-30,4739,康普,8342,-13,49
2026-07-30,4746,台耀,2038,-9,14
2026-07-30,4755,三福化,885,-17,9
2026-07-30,4763,材料*-KY,43779,273,27
2026-07-30,4764,雙鍵,4339,-422,285
2026-07-30,4766,南寶,1116,-13,1
2026-07-30,4770,上品,928,-51,22
2026-07-30,4771,望隼,563,2,0
2026-07-30,4807,日成-KY,1267,0,2
2026-07-30,4904,遠傳,246,1,8
2026-07-30,4906,正文,28295,-53,47
2026-07-30,4912,聯德控股-KY,3515,-106,0
2026-07-30,4915,致伸,3836,-38,46
2026-07-30,4916,事欣科,7363,204,95
2026-07-30,4919,新唐,12574,-711,1220
2026-07-30,4927,泰鼎-KY,23530,-429,466
2026-07-30,4930,燦星網,3814,-2,0
2026-07-30,4934,太極,0,0,0
2026-07-30,4935,茂林-KY,615,-6,4
2026-07-30,4938,和碩,5081,17,19
2026-07-30,4942,嘉彰,633,2,0
2026-07-30,4943,康控-KY,0,0,0
2026-07-30,4949,有成精密,2755,-91,34
2026-07-30,4952,凌通,1344,-28,4
2026-07-30,4956,光鋐,5159,-415,10
2026-07-30,4958,臻鼎-KY,24369,155,273
2026-07-30,4960,誠美材,15241,-65,94
2026-07-30,4961,天鈺,1599,39,4
2026-07-30,4967,十銓,8142,-40,120
2026-07-30,4968,立積,5338,-91,55
2026-07-30,4976,佳凌,4750,-121,463
2026-07-30,4977,眾達-KY,5838,-320,26
2026-07-30,4989,榮科,12837,-376,3514
2026-07-30,4994,傳奇,2324,2,3
2026-07-30,4999,鑫禾,404,0,9
2026-07-30,5007,三星,7,-1,0
2026-07-30,5203,訊連,1120,-9,19
2026-07-30,5215,科嘉-KY,626,-7,0
2026-07-30,5222,全訊,1786,-22,13
2026-07-30,5225,東科-KY,1329,-27,18
2026-07-30,5234,達興材料,1457,-10,7
2026-07-30,5236,凌陽創新,190,-14,4
2026-07-30,5243,乙盛-KY,9123,-137,16
2026-07-30,5244,弘凱,2379,-28,22
2026-07-30,5258,虹堡,4012,34,0
2026-07-30,5269,祥碩,2048,50,516
2026-07-30,5283,禾聯碩,90,0,0
2026-07-30,5284,jpp-KY,3557,-28,12
2026-07-30,5285,界霖,4486,-49,67
2026-07-30,5288,豐祥-KY,2546,-7,0
2026-07-30,5292,華懋,935,-8,0
2026-07-30,5306,桂盟,547,-2,0
2026-07-30,5388,中磊,5140,-41,24
2026-07-30,5434,崇越,862,-8,4
2026-07-30,5469,瀚宇博,13677,-36,33
2026-07-30,5471,松翰,4073,-41,16
2026-07-30,5484,慧友,0,0,0
2026-07-30,5515,建國,1803,28,4
2026-07-30,5519,隆大,848,1,58
2026-07-30,5521,工信,13675,443,8
2026-07-30,5522,遠雄,932,1,29
2026-07-30,5525,順天,318,0,0
2026-07-30,5531,鄉林,3564,-5,11
2026-07-30,5533,皇鼎,479,0,0
2026-07-30,5534,長虹,3454,-37,0
2026-07-30,5538,東明-KY,7,0,0
2026-07-30,5546,永固-KY,22,0,0
2026-07-30,5607,遠雄港,1646,-3,0
2026-07-30,5608,四維航,4086,22,83
2026-07-30,5706,鳳凰,718,-5,20
2026-07-30,5871,中租-KY,3984,-191,11
2026-07-30,5876,上海商銀,616,-47,12
2026-07-30,5880,合庫金,2091,438,8
2026-07-30,5906,台南-KY,23,-1,0
2026-07-30,5907,大洋-KY,5546,5,40
2026-07-30,6005,群益證,5342,-67,21
2026-07-30,6024,群益期,429,68,0
2026-07-30,6108,競國,1448,-10,19
2026-07-30,6112,邁達特,2945,-13,32
2026-07-30,6115,鎰勝,30,-12,0
2026-07-30,6116,彩晶,32541,-316,9163
2026-07-30,6117,迎廣,2341,-53,38
2026-07-30,6120,達運,7667,-22,71
2026-07-30,6128,上福,1263,7,0
2026-07-30,6133,金橋,2932,-6,36
2026-07-30,6136,富爾特,2572,-4,0
2026-07-30,6139,亞翔,7038,111,34
2026-07-30,6141,柏承,35,0,0
2026-07-30,6142,友勁,0,0,0
2026-07-30,6152,百一,0,0,0
2026-07-30,6153,嘉聯益,13502,-10,58
2026-07-30,6155,鈞寶,2722,-132,34
2026-07-30,6164,華興,3880,55,2
2026-07-30,6165,浪凡,8199,-21,0
2026-07-30,6166,凌華,2882,-245,167
2026-07-30,6168,宏齊,4221,-56,5
2026-07-30,6176,瑞儀,6358,-68,78
2026-07-30,6177,達麗,2519,55,4
2026-07-30,6183,關貿,8,0,0
2026-07-30,6184,大豐電,487,0,0
2026-07-30,6189,豐藝,2346,-23,4
2026-07-30,6191,精成科,19196,-213,26
2026-07-30,6192,巨路,748,-2,0
2026-07-30,6196,帆宣,1471,5,27
2026-07-30,6197,佳必琪,5285,-11,68
2026-07-30,6201,亞弘電,35,3,0
2026-07-30,6202,盛群,5529,13,52
2026-07-30,6205,詮欣,3706,-88,4
2026-07-30,6206,飛捷,1726,-155,10
2026-07-30,6209,今國光,13085,-250,0
2026-07-30,6213,聯茂,14992,223,138
2026-07-30,6214,精誠,1760,9,6
2026-07-30,6215,和椿,4936,-170,40
2026-07-30,6216,居易,681,-2,9
2026-07-30,6224,聚鼎,1934,3,5
2026-07-30,6225,天瀚,0,0,0
2026-07-30,6226,光鼎,2532,-1269,358
2026-07-30,6230,尼得科超眾,463,-2,6
2026-07-30,6235,華孚,4533,-34,34
2026-07-30,6239,力成,17560,88,93
2026-07-30,6243,迅杰,2242,-175,249
2026-07-30,6257,矽格,9907,-210,93
2026-07-30,6269,台郡,8895,-397,194
2026-07-30,6271,同欣電,6484,-206,42
2026-07-30,6272,驊陞,33,-60,0
2026-07-30,6277,宏正,336,-12,5
2026-07-30,6278,台表科,7449,-280,146
2026-07-30,6281,全國電,26,-1,0
2026-07-30,6282,康舒,24505,-446,321
2026-07-30,6283,淳安,2304,1,1
2026-07-30,6285,啟碁,14171,-189,510
2026-07-30,6405,悅城,5219,-102,25
2026-07-30,6409,旭隼,913,-13,0
2026-07-30,6412,群電,2809,-33,0
2026-07-30,6414,樺漢,1646,-508,644
2026-07-30,6415,矽力*-KY,4071,21,68
2026-07-30,6416,瑞祺電通,4076,-42,0
2026-07-30,6426,統新,1977,-144,14
2026-07-30,6431,光麗-KY,0,0,0
2026-07-30,6438,迅得,3796,-42,20
2026-07-30,6442,光聖,3947,-237,18
2026-07-30,6443,元晶,7779,-3011,442
2026-07-30,6446,藥華藥,7608,-147,27
2026-07-30,6449,鈺邦,2342,32,13
2026-07-30,6451,訊芯-KY,6033,-774,232
2026-07-30,6456,GIS-KY,10633,-322,143
2026-07-30,6464,台數科,2,0,0
2026-07-30,6472,保瑞,3531,10,0
2026-07-30,6477,安集,3419,-25,274
2026-07-30,6491,晶碩,496,-30,0
2026-07-30,6504,南六,121,-3,0
2026-07-30,6505,台塑化,12556,707,733
2026-07-30,6515,穎崴,420,1,4
2026-07-30,6525,捷敏-KY,2099,-142,27
2026-07-30,6526,達發,1247,-29,1
2026-07-30,6531,愛普*,5188,-1133,60
2026-07-30,6533,晶心科,2120,-61,30
2026-07-30,6534,正瀚-創,1773,-4,0
2026-07-30,6541,泰福-KY,3858,-2,8
2026-07-30,6550,北極星藥業-KY,0,0,0
2026-07-30,6552,易華電,1088,1,22
2026-07-30,6558,興能高,2732,-64,52
2026-07-30,6573,虹揚-KY,0,0,0
2026-07-30,6579,研揚,1160,-108,4
2026-07-30,6581,鋼聯,6,0,0
2026-07-30,6582,申豐,361,1,0
2026-07-30,6585,鼎基,2152,27,34
2026-07-30,6589,台康生技,2984,-34,0
2026-07-30,6591,動力-KY,2061,-17,16
2026-07-30,6592,和潤企業,658,-15,1
2026-07-30,6598,ABC-KY,0,0,0
2026-07-30,6605,帝寶,2290,0,2
2026-07-30,6606,建德工業,563,3,0
2026-07-30,6614,資拓宏宇,69,12,0
2026-07-30,6625,必應,817,-3,0
2026-07-30,6641,基士德-KY,102,1,1
2026-07-30,6645,金萬林-創,11,0,0
2026-07-30,6655,科定,0,0,0
2026-07-30,6657,華安,1311,-6,0
2026-07-30,6658,聯策,1459,-28,9
2026-07-30,6666,羅麗芬-KY,281,-1,0
2026-07-30,6668,中揚光,2931,-108,22
2026-07-30,6669,緯穎,1269,-63,18
2026-07-30,6670,復盛應用,378,1,1
2026-07-30,6671,三能-KY,80,-1,0
2026-07-30,6672,騰輝電子-KY,5574,-28,23
2026-07-30,6674,鋐寶科技,248,-1,3
2026-07-30,6689,伊雲谷,1317,-9,11
2026-07-30,6691,洋基工程,1425,-3,23
2026-07-30,6695,芯鼎,3675,-17,26
2026-07-30,6698,旭暉應材,2063,3,0
2026-07-30,6706,惠特,7551,-112,92
2026-07-30,6715,嘉基,6624,-113,3
2026-07-30,6719,力智,3564,-135,6
2026-07-30,6722,輝創,42,11,0
2026-07-30,6742,澤米,1816,-12,9
2026-07-30,6743,安普新,514,-3,0
2026-07-30,6753,龍德造船,5543,-136,100
2026-07-30,6754,匯僑設計,133,0,0
2026-07-30,6756,威鋒電子,646,-33,0
2026-07-30,6757,台灣虎航,3433,-46,4
2026-07-30,6768,志強-KY,1156,-40,16
2026-07-30,6770,力積電,136038,391,9559
2026-07-30,6771,平和環保-創,82,0,0
2026-07-30,6776,展碁國際,730,-69,0
2026-07-30,6781,AES-KY,2518,-56,6
2026-07-30,6782,視陽,471,-4,1
2026-07-30,6789,采鈺,4663,-49,35
2026-07-30,6790,永豐實,587,0,0
2026-07-30,6792,詠業,271,-2,7
2026-07-30,6794,向榮生技,256,-1,0
2026-07-30,6796,晉弘,587,13,1
2026-07-30,6799,來頡,2087,21,16
2026-07-30,6805,富世達,2229,-103,6
2026-07-30,6807,峰源-KY,138,0,0
2026-07-30,6830,汎銓,3586,-247,34
2026-07-30,6831,邁科,379,-44,3
2026-07-30,6834,天二科技,2935,-260,53
2026-07-30,6835,圓裕,798,3,4
2026-07-30,6838,台新藥,2585,-6,0
2026-07-30,6854,錼創科技-KY創,2767,-126,12
2026-07-30,6861,睿生光電,1683,-139,6
2026-07-30,6862,三集瑞-KY,892,6,15
2026-07-30,6863,永道-KY,1142,142,5
2026-07-30,6869,雲豹能源,2850,-19,5
2026-07-30,6873,泓德能源,3480,-37,86
2026-07-30,6885,全福生技,2271,13,20
2026-07-30,6887,寶綠特-KY,893,4,0
2026-07-30,6890,來億-KY,787,4,2
2026-07-30,6901,鑽石投資,6306,-101,37
2026-07-30,6902,GOGOLOOK,581,0,0
2026-07-30,6906,現觀科,496,6,0
2026-07-30,6909,創控,1398,8,13
2026-07-30,6914,阜爾運通,337,5,0
2026-07-30,6916,華凌,395,2,0
2026-07-30,6918,愛派司,99,1,0
2026-07-30,6919,康霈*,0,0,0
2026-07-30,6923,中台,1728,0,0
2026-07-30,6928,攸泰科技,773,-22,16
2026-07-30,6931,青松健康,116,-5,0
2026-07-30,6933,AMAX-KY,735,-20,4
2026-07-30,6936,永鴻生技,242,0,0
2026-07-30,6937,天虹,1445,10,1
2026-07-30,6944,兆聯實業,778,-7,20
2026-07-30,6949,沛爾生醫-創,5302,47,2
2026-07-30,6951,青新-創,77,0,0
2026-07-30,6952,大武山,15,0,0
2026-07-30,6957,裕慶-KY,1591,4,0
2026-07-30,6958,日盛台駿,174,13,0
2026-07-30,6962,奕力-KY,8372,-37,4
2026-07-30,6965,中傑-KY,39,0,0
2026-07-30,6994,富威電力,2957,-11,12
2026-07-30,7631,聚賢研發-創,63,6,0
2026-07-30,7705,三商餐飲,88,0,0
2026-07-30,7711,永擎,554,4,0
2026-07-30,7721,微程式,1141,2,0
2026-07-30,7722,LINEPAY,526,-20,0
2026-07-30,7730,暉盛-創,483,-20,1
2026-07-30,7732,金興精密,78,-16,0
2026-07-30,7736,虎山,70,1,0
2026-07-30,7740,熙特爾-創,1792,3,0
2026-07-30,7749,意騰-KY,991,-2,9
2026-07-30,7750,新代,557,9,1
2026-07-30,7765,中華資安,460,1,0
2026-07-30,7769,鴻勁,323,33,2
2026-07-30,7780,大研生醫*,290,8,0
2026-07-30,7786,東方風能,163,-4,0
2026-07-30,7788,松川精密,1470,-95,6
2026-07-30,7791,皇家可口,18,0,0
2026-07-30,7795,長廣,168,41,0
2026-07-30,7799,禾榮科,1206,-15,2
2026-07-30,8011,台通,3444,-130,33
2026-07-30,8016,矽創,1458,-3,5
2026-07-30,8021,尖點,8636,-1077,32
2026-07-30,8028,昇陽半導體,4958,-361,154
2026-07-30,8033,雷虎,6226,-311,131
2026-07-30,8039,台虹,17769,-2209,344
2026-07-30,8045,達運光電,4950,0,10
2026-07-30,8046,南電,9144,-293,365
2026-07-30,8070,長華*,6305,386,15
2026-07-30,8072,陞泰,1769,4,10
2026-07-30,8081,致新,1749,-16,9
2026-07-30,8101,華冠,0,0,0
2026-07-30,8103,瀚荃,2932,-29,0
2026-07-30,8104,錸寶,3450,-63,18
2026-07-30,8105,凌巨,8178,-66,497
2026-07-30,8110,華東,14495,-924,162
2026-07-30,8112,至上,16881,98,3260
2026-07-30,8114,振樺電,1458,-95,23
2026-07-30,8131,福懋科,4662,-62,86
2026-07-30,8150,南茂,14837,-2149,1222
2026-07-30,8162,微矽電子-創,1635,-93,0
2026-07-30,8163,達方,2394,-90,12
2026-07-30,8201,無敵,0,0,0
2026-07-30,8210,勤誠,2258,-21,20
2026-07-30,8213,志超,3714,-178,0
2026-07-30,8215,明基材,3182,-10,12
2026-07-30,8222,寶一,3410,-29,28
2026-07-30,8249,菱光,3786,-19,20
2026-07-30,8261,富鼎,5689,-981,26
2026-07-30,8271,宇瞻,5786,-421,715
2026-07-30,8341,日友,357,-1,0
2026-07-30,8367,建新國際,12,1,0
2026-07-30,8374,羅昇,1529,-29,3
2026-07-30,8404,百和興業-KY,3772,-3,0
2026-07-30,8411,福貞-KY,16,0,0
2026-07-30,8422,可寧衛*,24800,-568,75
2026-07-30,8429,金麗-KY,13865,62,28
2026-07-30,8438,昶昕,3250,-74,0
2026-07-30,8442,威宏-KY,741,-12,20
2026-07-30,8443,阿瘦,28,0,0
2026-07-30,8454,富邦媒,1437,-9,57
2026-07-30,8462,柏文,1110,-2,14
2026-07-30,8463,潤泰材,122,2,0
2026-07-30,8464,億豐,54,-5,1
2026-07-30,8466,美吉吉-KY,1296,10,0
2026-07-30,8467,波力-KY,241,0,0
2026-07-30,8473,山林水,2200,-12,33
2026-07-30,8476,台境*,18296,14,288
2026-07-30,8478,東哥遊艇,1098,-18,0
2026-07-30,8481,政伸,5,0,0
2026-07-30,8482,商億-KY,160,0,0
2026-07-30,8487,愛爾達-創,34,0,0
2026-07-30,8488,吉源-KY,20,0,0
2026-07-30,8499,鼎炫-KY,572,1,0
2026-07-30,8926,台汽電,6607,-139,93
2026-07-30,8940,新天地,82,4,0
2026-07-30,8996,高力,4050,-93,63
2026-07-30,9802,鈺齊-KY,2152,-13,24
2026-07-30,9902,台火,3083,-126,1
2026-07-30,9904,寶成,24589,-69,17
2026-07-30,9905,大華,25,1,0
2026-07-30,9906,欣巴巴,422,0,0
2026-07-30,9907,統一實,4024,43,42
2026-07-30,9908,大台北,126,-3,0
2026-07-30,9910,豐泰,2168,-50,8
2026-07-30,9911,櫻花,387,-5,0
2026-07-30,9912,偉聯,0,0,0
2026-07-30,9914,美利達,2615,-31,72
2026-07-30,9917,中保科,54,0,0
2026-07-30,9918,欣天然,93,-16,0
2026-07-30,9919,康那香,8252,-30,4
2026-07-30,9921,巨大,1834,16,215
2026-07-30,9924,福興,734,3,0
2026-07-30,9925,新保,1,-1,0
2026-07-30,9926,新海,12,0,0
2026-07-30,9927,泰銘,57,0,0
2026-07-30,9928,中視,443,3,0
2026-07-30,9929,秋雨,0,0,0
2026-07-30,9930,中聯資源,20,0,0
2026-07-30,9931,欣高,67,0,0
2026-07-30,9933,中鼎,4062,39,1
2026-07-30,9934,成霖,5713,-32,4
2026-07-30,9935,慶豐富,1198,-11,0
2026-07-30,9937,全國,118,-1,0
2026-07-30,9938,百和,3201,-48,0
2026-07-30,9939,宏全,1200,44,1
2026-07-30,9940,信義,1255,3,0
2026-07-30,9941,裕融,919,2,3
2026-07-30,9942,茂順,25,-2,0
2026-07-30,9943,好樂迪,69,-1,0
2026-07-30,9944,新麗,5521,0,4
2026-07-30,9945,潤泰新,20907,53,72
2026-07-30,9946,三發地產,1158,15,0
2026-07-30,9955,佳龍,1019,-10,36
2026-07-30,9958,世紀鋼,8168,-151,2
2026-07-31,1101,台泥,31119,-20,191
2026-07-31,1102,亞泥,1321,89,3
2026-07-31,1103,嘉泥,4087,32,1
2026-07-31,1104,環泥,1666,8,6
2026-07-31,1108,幸福,417,0,44
2026-07-31,1109,信大,265,-5,1
2026-07-31,1110,東泥,2631,-22,0
2026-07-31,1201,味全,1409,-36,5
2026-07-31,1203,味王,23,-2,0
2026-07-31,1210,大成,764,191,0
2026-07-31,1213,大飲,0,0,0
2026-07-31,1215,卜蜂,421,25,31
2026-07-31,1216,統一,687,203,2
2026-07-31,1217,愛之味,1329,167,9
2026-07-31,1218,泰山,1929,157,131
2026-07-31,1219,福壽,205,5,1
2026-07-31,1220,台榮,871,-4,18
2026-07-31,1225,福懋油,6805,7,8
2026-07-31,1227,佳格,980,14,3
2026-07-31,1229,聯華,2996,14,17
2026-07-31,1231,聯華食,252,-4,0
2026-07-31,1232,大統益,160,-11,0
2026-07-31,1233,天仁,22,-2,0
2026-07-31,1234,黑松,16,0,0
2026-07-31,1235,興泰,1155,0,0
2026-07-31,1236,宏亞,184,0,0
2026-07-31,1256,鮮活果汁-KY,249,1,2
2026-07-31,1301,台塑,22504,1288,200
2026-07-31,1303,南亞,33805,2574,3013
2026-07-31,1304,台聚,10515,-320,167
2026-07-31,1305,華夏,6712,137,64
2026-07-31,1307,三芳,1310,-51,0
2026-07-31,1308,亞聚,6082,42,56
2026-07-31,1309,台達化,7043,179,79
2026-07-31,1310,台苯,12118,-88,95
2026-07-31,1312,國喬,33430,771,185
2026-07-31,1313,聯成,12166,228,99
2026-07-31,1314,中石化,75400,687,135
2026-07-31,1315,達新,13,1,0
2026-07-31,1316,上曜,9817,-15,143
2026-07-31,1319,東陽,6992,76,21
2026-07-31,1321,大洋,7144,0,1
2026-07-31,1323,永裕,72,-1,0
2026-07-31,1324,地球,1267,-5,0
2026-07-31,1325,恆大,2247,-29,74
2026-07-31,1326,台化,32981,589,440
2026-07-31,1337,再生-KY,21399,10,0
2026-07-31,1338,廣華-KY,3883,-1,0
2026-07-31,1339,昭輝,885,0,0
2026-07-31,1340,勝悅-KY,1023,20,0
2026-07-31,1342,八貫,649,33,3
2026-07-31,1402,遠東新,6429,94,34
2026-07-31,1409,新纖,22614,725,89
2026-07-31,1410,南染,241,-3,0
2026-07-31,1413,宏洲,0,0,0
2026-07-31,1414,東和,982,-8,0
2026-07-31,1416,廣豐,3254,8,0
2026-07-31,1417,嘉裕,1993,12,0
2026-07-31,1418,東華,777,0,0
2026-07-31,1419,新紡,1242,-9,0
2026-07-31,1423,利華,87,0,0
2026-07-31,1432,大魯閣,133,-2,38
2026-07-31,1434,福懋,7439,177,3
2026-07-31,1435,中福,0,0,0
2026-07-31,1436,華友聯,939,-3,35
2026-07-31,1437,勤益控,2844,98,0
2026-07-31,1438,三地開發,140,0,0
2026-07-31,1439,雋揚,1043,1,0
2026-07-31,1440,南紡,5299,-11,5
2026-07-31,1441,大東,0,0,0
2026-07-31,1442,名軒,2726,15,8
2026-07-31,1443,立益物流,8,0,0
2026-07-31,1444,力麗,568,0,0
2026-07-31,1445,大宇,1354,0,1
2026-07-31,1446,宏和,1454,13,2
2026-07-31,1447,力鵬,793,0,0
2026-07-31,1449,佳和,3203,-5,5
2026-07-31,1451,年興,570,0,0
2026-07-31,1452,宏益,109,0,0
2026-07-31,1453,大將,1030,-2,4
2026-07-31,1454,台富,2172,0,0
2026-07-31,1455,集盛,3071,22,0
2026-07-31,1456,怡華,758,17,0
2026-07-31,1457,宜進,665,0,1
2026-07-31,1459,聯發,437,0,0
2026-07-31,1460,宏遠,0,0,0
2026-07-31,1463,強盛新,338,22,0
2026-07-31,1464,得力,1989,35,0
2026-07-31,1465,偉全,3263,21,0
2026-07-31,1466,聚隆,3313,62,11
2026-07-31,1467,南緯,6495,-237,16
2026-07-31,1468,昶和,0,0,0
2026-07-31,1470,大統新創,5,0,0
2026-07-31,1471,首利,0,0,0
2026-07-31,1472,三洋實業,3882,0,2
2026-07-31,1473,台南,771,0,0
2026-07-31,1474,弘裕,3353,0,0
2026-07-31,1475,業旺,464,2,0
2026-07-31,1476,儒鴻,739,9,25
2026-07-31,1477,聚陽,1399,-7,11
2026-07-31,1503,士電,2808,-17,34
2026-07-31,1504,東元,27905,-382,71
2026-07-31,1506,正道,0,0,0
2026-07-31,1512,瑞利,0,0,0
2026-07-31,1513,中興電,7657,0,24
2026-07-31,1514,亞力,6096,-34,9
2026-07-31,1515,力山,2083,-44,100
2026-07-31,1516,川飛,2,0,0
2026-07-31,1517,利奇,2268,20,3
2026-07-31,1519,華城,2840,-61,0
2026-07-31,1521,大億,447,-1,0
2026-07-31,1522,堤維西,3940,-13,42
2026-07-31,1524,耿鼎,3781,-11,17
2026-07-31,1525,江申,238,-1,0
2026-07-31,1526,日馳,765,8,34
2026-07-31,1527,鑽全,558,0,0
2026-07-31,1528,恩德,5731,-36,41
2026-07-31,1529,樂事綠能,2706,58,682
2026-07-31,1530,亞崴,261,-10,0
2026-07-31,1531,高林股,1702,31,4
2026-07-31,1532,勤美,2932,65,0
2026-07-31,1533,車王電,506,6,2
2026-07-31,1535,中宇,59,0,0
2026-07-31,1536,和大,7729,-4,208
2026-07-31,1537,廣隆,55,0,0
2026-07-31,1538,正峰,0,0,0
2026-07-31,1539,巨庭,1335,0,0
2026-07-31,1540,喬福,1520,-8,11
2026-07-31,1541,錩泰,103,1,0
2026-07-31,1558,伸興,252,4,0
2026-07-31,1560,中砂,1670,59,73
2026-07-31,1563,巧新,6005,-134,4
2026-07-31,1568,倉佑,2159,-138,2
2026-07-31,1582,信錦,3580,-11,9
2026-07-31,1583,程泰,64,0,0
2026-07-31,1587,吉茂,1631,-21,25
2026-07-31,1589,永冠-KY,671,-7,0
2026-07-31,1590,亞德客-KY,98,9,0
2026-07-31,1597,直得,2315,302,26
2026-07-31,1598,岱宇,2020,-10,0
2026-07-31,1603,華電,1717,27,6
2026-07-31,1604,聲寶,201,0,0
2026-07-31,1605,華新,50778,-557,669
2026-07-31,1608,華榮,7842,-320,13
2026-07-31,1609,大亞,12172,133,12
2026-07-31,1611,中電,3190,-4,1
2026-07-31,1612,宏泰,1869,-28,55
2026-07-31,1614,三洋電,336,-1,0
2026-07-31,1615,大山,157,1,0
2026-07-31,1616,億泰,2760,-4,32
2026-07-31,1617,榮星,1561,38,0
2026-07-31,1618,合機,3323,3,42
2026-07-31,1623,大東電,6,3,0
2026-07-31,1626,艾美特-KY,1639,12,0
2026-07-31,1702,南僑,293,0,0
2026-07-31,1707,葡萄王,318,1,20
2026-07-31,1708,東鹼,6608,206,66
2026-07-31,1709,和益,15452,-236,8
2026-07-31,1710,東聯,11500,897,44
2026-07-31,1711,永光,13641,-153,84
2026-07-31,1712,興農,448,1,0
2026-07-31,1713,國化,2954,13,0
2026-07-31,1714,和桐,12374,316,82
2026-07-31,1717,長興,17632,106,208
2026-07-31,1718,中纖,16951,2129,124
2026-07-31,1720,生達,317,12,0
2026-07-31,1721,三晃,126,0,0
2026-07-31,1722,台肥,2758,25,10
2026-07-31,1723,中碳,614,33,6
2026-07-31,1725,元禎,269,2,0
2026-07-31,1726,永記,24,-2,0
2026-07-31,1727,中華化,5932,116,58
2026-07-31,1730,花仙子,5,0,0
2026-07-31,1731,美吾華,316,0,0
2026-07-31,1732,毛寶,785,50,29
2026-07-31,1733,五鼎,2499,-51,6
2026-07-31,1734,杏輝,338,4,1
2026-07-31,1735,日勝化,680,1,0
2026-07-31,1736,喬山,1860,12,0
2026-07-31,1737,臺鹽,20,-1,0
2026-07-31,1752,南光,325,0,0
2026-07-31,1760,寶齡富錦,1004,7,0
2026-07-31,1762,中化生,716,3,1
2026-07-31,1773,勝一,1046,22,2
2026-07-31,1776,展宇,765,-4,1
2026-07-31,1783,和康生,592,0,0
2026-07-31,1786,科妍,4954,-25,11
2026-07-31,1789,神隆,3234,-2,1
2026-07-31,1795,美時,8970,118,34
2026-07-31,1802,台玻,35655,1156,486
2026-07-31,1805,寶徠,1486,23,0
2026-07-31,1806,冠軍,2916,-4,0
2026-07-31,1808,潤隆,5684,63,11
2026-07-31,1809,中釉,5353,50,73
2026-07-31,1810,和成,20267,451,165
2026-07-31,1817,凱撒衛,16,0,0
2026-07-31,1903,士紙,2444,19,6
2026-07-31,1904,正隆,4639,72,1
2026-07-31,1905,華紙,11867,96,23
2026-07-31,1906,寶隆,7270,0,0
2026-07-31,1907,永豐餘,24134,-21,3
2026-07-31,1909,榮成,9183,-575,1
2026-07-31,2002,中鋼,39592,-1123,1134
2026-07-31,2006,東和鋼鐵,918,-2,4
2026-07-31,2007,燁興,5,0,0
2026-07-31,2008,高興昌,121,0,0
2026-07-31,2009,第一銅,6481,36,20
2026-07-31,2010,春源,1961,-65,0
2026-07-31,2012,春雨,187,0,0
2026-07-31,2013,中鋼構,1406,0,0
2026-07-31,2014,中鴻,1129,-1,0
2026-07-31,2015,豐興,39,1,0
2026-07-31,2017,官田鋼,8066,-10,1
2026-07-31,2020,美亞,700,-2,0
2026-07-31,2022,聚亨,1988,7,0
2026-07-31,2023,燁輝,2466,-44,51
2026-07-31,2024,志聯,73,-1,0
2026-07-31,2025,千興,0,0,0
2026-07-31,2027,大成鋼,23202,369,372
2026-07-31,2028,威致,1191,1,0
2026-07-31,2029,盛餘,422,0,0
2026-07-31,2030,彰源,4462,123,1
2026-07-31,2031,新光鋼,1266,87,4
2026-07-31,2032,新鋼,2717,17,0
2026-07-31,2033,佳大,2763,14,5
2026-07-31,2034,允強,3600,3,3
2026-07-31,2038,海光,3477,2,22
2026-07-31,2049,上銀,3095,-35,37
2026-07-31,2059,川湖,422,-13,3
2026-07-31,2062,橋椿,1319,-8,1
2026-07-31,2069,運錩,444,15,0
2026-07-31,2101,南港,20794,56,1
2026-07-31,2102,泰豐,3776,9,7
2026-07-31,2103,台橡,13506,117,115
2026-07-31,2104,國際中橡,19224,-108,44
2026-07-31,2105,正新,8785,-242,20
2026-07-31,2106,建大,2815,48,3
2026-07-31,2107,厚生,99,6,0
2026-07-31,2108,南帝,2744,-16,33
2026-07-31,2109,華豐,690,3,0
2026-07-31,2114,鑫永銓,6,-1,0
2026-07-31,2115,六暉-KY,510,1,3
2026-07-31,2201,裕隆,9620,-16,16
2026-07-31,2204,中華,1183,-19,1
2026-07-31,2206,三陽工業,3923,-204,13
2026-07-31,2207,和泰車,77,-1,0
2026-07-31,2208,台船,0,0,0
2026-07-31,2211,長榮鋼,487,17,0
2026-07-31,2228,劍麟,1558,-9,6
2026-07-31,2231,為升,2531,-6,172
2026-07-31,2233,宇隆,4652,116,6
2026-07-31,2236,百達-KY,11709,109,11
2026-07-31,2239,英利-KY,1599,-5,0
2026-07-31,2241,艾姆勒,7059,-10,3
2026-07-31,2243,宏旭-KY,1247,19,12
2026-07-31,2247,汎德永業,136,-4,1
2026-07-31,2248,華勝-KY,563,17,0
2026-07-31,2250,IKKA-KY,1214,16,14
2026-07-31,2254,巨鎧精密-創,2520,0,0
2026-07-31,2301,光寶科,16507,-77,366
2026-07-31,2302,麗正,3616,21,127
2026-07-31,2303,聯電,160306,16780,3601
2026-07-31,2305,全友,6994,555,225
2026-07-31,2308,台達電,8562,946,46
2026-07-31,2312,金寶,45717,917,212
2026-07-31,2313,華通,31112,-616,474
2026-07-31,2314,台揚,0,0,0
2026-07-31,2316,楠梓電,3270,168,66
2026-07-31,2317,鴻海,50864,-1797,322
2026-07-31,2321,東訊,0,0,0
2026-07-31,2323,中環,28999,-497,53
2026-07-31,2324,仁寶,54529,-316,844
2026-07-31,2327,國巨*,32187,202,764
2026-07-31,2328,廣宇,16186,-28,60
2026-07-31,2329,華泰,14219,-122,298
2026-07-31,2330,台積電,29289,-1375,124
2026-07-31,2331,精英,9851,-82,16
2026-07-31,2332,友訊,29901,839,1513
2026-07-31,2337,旺宏,90119,390,4554
2026-07-31,2338,光罩,5248,49,19
2026-07-31,2340,台亞,7787,69,10
2026-07-31,2342,茂矽,3539,46,34
2026-07-31,2344,華邦電,125211,3763,5594
2026-07-31,2345,智邦,1487,149,4
2026-07-31,2347,聯強,678,110,10
2026-07-31,2348,海悅,2847,265,0
2026-07-31,2349,錸德,0,0,0
2026-07-31,2351,順德,10323,362,0
2026-07-31,2352,佳世達,15352,26,13
2026-07-31,2353,宏碁,39478,-277,2206
2026-07-31,2354,鴻準,24633,-369,50
2026-07-31,2355,敬鵬,9064,209,43
2026-07-31,2356,英業達,28106,710,364
2026-07-31,2357,華碩,1994,-28,53
2026-07-31,2359,所羅門,6073,-53,195
2026-07-31,2360,致茂,1243,-65,17
2026-07-31,2362,藍天,2155,21,9
2026-07-31,2363,矽統,17000,46,162
2026-07-31,2364,倫飛,684,-32,1
2026-07-31,2365,昆盈,7679,-22,22
2026-07-31,2367,燿華,24099,-86,0
2026-07-31,2368,金像電,4616,218,301
2026-07-31,2369,菱生,12999,346,83
2026-07-31,2371,大同,47256,-51,413
2026-07-31,2373,震旦行,45,0,0
2026-07-31,2374,佳能,16363,108,47
2026-07-31,2375,凱美,5426,664,4
2026-07-31,2376,技嘉,6205,-2,0
2026-07-31,2377,微星,13611,346,386
2026-07-31,2379,瑞昱,2601,121,156
2026-07-31,2380,虹光,0,0,0
2026-07-31,2382,廣達,15889,781,148
2026-07-31,2383,台光電,1954,257,22
2026-07-31,2385,群光,2945,13,82
2026-07-31,2387,精元,1242,1,1
2026-07-31,2388,威盛,10906,-42,138
2026-07-31,2390,云辰,1839,11,0
2026-07-31,2392,正崴,4635,-12,8
2026-07-31,2393,億光,2304,21,0
2026-07-31,2395,研華,2073,238,31
2026-07-31,2397,友通,1613,-10,4
2026-07-31,2399,映泰,10443,79,85
2026-07-31,2401,凌陽,8145,127,125
2026-07-31,2402,毅嘉,11891,-26,9
2026-07-31,2404,漢唐,2153,29,7
2026-07-31,2405,輔信,7658,-4,16
2026-07-31,2406,國碩,13193,585,370
2026-07-31,2408,南亞科,81901,89,2898
2026-07-31,2409,友達,206122,2570,6209
2026-07-31,2412,中華電,4485,-2319,277
2026-07-31,2413,環科,4272,-13,13
2026-07-31,2414,精技,499,11,1
2026-07-31,2415,錩新,2457,40,1
2026-07-31,2417,圓剛,3052,2,5
2026-07-31,2419,仲琦,5888,-76,4
2026-07-31,2420,新巨,899,-36,8
2026-07-31,2421,建準,4937,-130,38
2026-07-31,2423,固緯,613,-8,8
2026-07-31,2424,隴華,0,0,0
2026-07-31,2425,承啟,4432,-82,101
2026-07-31,2426,鼎元,13457,966,238
2026-07-31,2427,三商電,5399,3,0
2026-07-31,2428,興勤,2072,276,16
2026-07-31,2429,銘旺科,622,0,0
2026-07-31,2430,燦坤,97,0,6
2026-07-31,2431,聯昌,1534,-1,0
2026-07-31,2432,倚天酷碁-創,350,0,0
2026-07-31,2433,互盛電,24,0,0
2026-07-31,2434,統懋,367,-11,29
2026-07-31,2436,偉詮電,5750,26,417
2026-07-31,2438,翔耀,0,0,0
2026-07-31,2439,美律,3685,224,143
2026-07-31,2440,太空梭,1621,3,1
2026-07-31,2441,超豐,8768,1374,81
2026-07-31,2442,新美齊,3991,-50,2
2026-07-31,2444,兆勁,0,0,0
2026-07-31,2449,京元電子,17749,231,35
2026-07-31,2450,神腦,77,1,0
2026-07-31,2451,創見,6240,224,284
2026-07-31,2453,凌群,2383,-10,1
2026-07-31,2454,聯發科,10016,568,39
2026-07-31,2455,全新,9019,595,362
2026-07-31,2457,飛宏,12334,23,59
2026-07-31,2458,義隆,3431,248,42
2026-07-31,2459,敦吉,89,1,0
2026-07-31,2460,建通,293,0,0
2026-07-31,2461,光群雷,8396,1,2
2026-07-31,2462,良得電,2296,15,16
2026-07-31,2464,盟立,12721,510,684
2026-07-31,2465,麗臺,3463,27,20
2026-07-31,2466,冠西電,6104,180,226
2026-07-31,2467,志聖,1786,0,43
2026-07-31,2468,華經,3157,4,13
2026-07-31,2471,資通,1274,-10,2
2026-07-31,2472,立隆電,4368,47,43
2026-07-31,2474,可成,8384,22,21
2026-07-31,2476,鉅祥,41042,144,81
2026-07-31,2477,美隆電,1142,0,27
2026-07-31,2478,大毅,7408,1031,35
2026-07-31,2480,敦陽科,360,33,3
2026-07-31,2481,強茂,11948,1035,410
2026-07-31,2482,連宇,1792,25,0
2026-07-31,2483,百容,1555,-39,7
2026-07-31,2484,希華,13786,760,213
2026-07-31,2485,兆赫,10578,18,302
2026-07-31,2486,一詮,21584,250,296
2026-07-31,2488,漢平,496,-6,0
2026-07-31,2489,瑞軒,26294,-55,256
2026-07-31,2491,吉祥全,1826,-42,8
2026-07-31,2492,華新科,7735,-195,111
2026-07-31,2493,揚博,7734,639,17
2026-07-31,2495,普安,8132,-16,6
2026-07-31,2496,卓越,35,0,0
2026-07-31,2497,怡利電,1820,-39,8
2026-07-31,2498,宏達電,28262,-261,659
2026-07-31,2501,國建,4687,164,6
2026-07-31,2504,國產,4531,144,11
2026-07-31,2505,國揚,3230,-76,0
2026-07-31,2506,太設,1843,10,0
2026-07-31,2509,全坤建,547,0,1
2026-07-31,2511,太子,2684,38,1
2026-07-31,2514,龍邦,18111,-1,1
2026-07-31,2515,中工,27785,41,42
2026-07-31,2516,新建,0,0,0
2026-07-31,2520,冠德,2260,32,6
2026-07-31,2524,京城,3178,0,1
2026-07-31,2527,宏璟,5129,-98,12
2026-07-31,2528,皇普,6373,-1,1
2026-07-31,2530,華建,6739,26,15
2026-07-31,2534,宏盛,11928,5,0
2026-07-31,2535,達欣工,299,12,5
2026-07-31,2536,宏普,4979,15,0
2026-07-31,2537,聯上發,3638,-83,3
2026-07-31,2538,基泰,2241,-11,1
2026-07-31,2539,櫻花建,2125,-35,9
2026-07-31,2540,愛山林,2861,36,19
2026-07-31,2542,興富發,5104,-264,233
2026-07-31,2543,皇昌,9249,-23,0
2026-07-31,2545,皇翔,2754,5,9
2026-07-31,2546,根基,85,-9,0
2026-07-31,2547,日勝生,9966,37,6
2026-07-31,2548,華固,2024,102,4
2026-07-31,2597,潤弘,165,4,0
2026-07-31,2601,益航,409,0,0
2026-07-31,2603,長榮,14792,6,234
2026-07-31,2605,新興,12904,-42,7
2026-07-31,2606,裕民,2804,-59,6
2026-07-31,2607,榮運,792,7,1
2026-07-31,2608,嘉里大榮,1129,-81,1
2026-07-31,2609,陽明,31396,-343,319
2026-07-31,2610,華航,47348,-896,630
2026-07-31,2611,志信,2002,-9,1
2026-07-31,2612,中航,1672,2,1
2026-07-31,2613,中櫃,2107,68,12
2026-07-31,2614,東森,5289,16,2
2026-07-31,2615,萬海,14970,-330,128
2026-07-31,2616,山隆,439,1,0
2026-07-31,2617,台航,2095,-38,0
2026-07-31,2618,長榮航,25184,-882,874
2026-07-31,2630,亞航,5204,9,73
2026-07-31,2633,台灣高鐵,1699,-57,38
2026-07-31,2634,漢翔,25626,853,606
2026-07-31,2636,台驊控股,609,1,1
2026-07-31,2637,慧洋-KY,2396,9,10
2026-07-31,2642,宅配通,599,2,0
2026-07-31,2645,長榮航太,2898,12,11
2026-07-31,2646,星宇航空,3723,25,26
2026-07-31,2701,萬企,377,-10,0
2026-07-31,2702,華園,428,2,0
2026-07-31,2704,國賓,112,1,0
2026-07-31,2705,六福,549,-1,0
2026-07-31,2706,第一店,643,0,0
2026-07-31,2707,晶華,170,13,0
2026-07-31,2712,遠雄來,7,0,0
2026-07-31,2722,夏都,339,10,0
2026-07-31,2723,美食-KY,1676,-16,0
2026-07-31,2727,王品,321,-18,3
2026-07-31,2731,雄獅,890,42,10
2026-07-31,2739,寒舍,873,2,0
2026-07-31,2748,雲品,495,-19,0
2026-07-31,2753,八方雲集,540,24,2
2026-07-31,2762,世界健身-KY,184,9,0
2026-07-31,2801,彰銀,7801,273,0
2026-07-31,2812,台中銀,3235,-262,0
2026-07-31,2816,旺旺保,599,15,0
2026-07-31,2820,華票,578,-61,3
2026-07-31,2832,台產,549,0,0
2026-07-31,2834,臺企銀,22938,2539,0
2026-07-31,2836,高雄銀,6313,245,2
2026-07-31,2838,聯邦銀,802,-4,1
2026-07-31,2845,遠東銀,3797,-42,104
2026-07-31,2849,安泰銀,263,14,1
2026-07-31,2850,新產,351,39,0
2026-07-31,2851,中再保,917,68,2
2026-07-31,2852,第一保,1370,42,0
2026-07-31,2855,統一證,6232,-163,141
2026-07-31,2867,三商壽,2754,-435,41
2026-07-31,2880,華南金,681,-184,36
2026-07-31,2881,富邦金,6782,8,234
2026-07-31,2882,國泰金,4708,-513,262
2026-07-31,2883,凱基金,11209,-2523,302
2026-07-31,2884,玉山金,5229,-454,574
2026-07-31,2885,元大金,2091,-783,13
2026-07-31,2886,兆豐金,1363,42,93
2026-07-31,2887,台新新光金,39853,-356,426
2026-07-31,2889,國票金,2679,-4,39
2026-07-31,2890,永豐金,2426,115,65
2026-07-31,2891,中信金,3849,-135,32
2026-07-31,2892,第一金,1679,41,25
2026-07-31,2897,王道銀行,1276,-24,4
2026-07-31,2901,欣欣,473,0,0
2026-07-31,2903,遠百,1480,208,22
2026-07-31,2904,匯僑,32,0,0
2026-07-31,2905,三商,7826,15,1
2026-07-31,2906,高林,645,75,0
2026-07-31,2908,特力,13944,-32,0
2026-07-31,2910,統領,51,-43,0
2026-07-31,2911,麗嬰房,166,10,0
2026-07-31,2912,統一超,559,52,4
2026-07-31,2913,農林,6567,99,18
2026-07-31,2915,潤泰全,8584,-9,12
2026-07-31,2929,淘帝-KY,2056,1,0
2026-07-31,2939,永邑-KY,251,0,1
2026-07-31,3002,歐格,1844,3,12
2026-07-31,3003,健和興,3281,-14,0
2026-07-31,3004,豐達科,1817,3,3
2026-07-31,3005,神基,8512,3,49
2026-07-31,3006,晶豪科,17231,248,72
2026-07-31,3008,大立光,1965,86,31
2026-07-31,3010,華立,1165,15,17
2026-07-31,3011,今皓,2900,68,63
2026-07-31,3013,晟銘電,8521,-151,52
2026-07-31,3014,聯陽,2258,-10,63
2026-07-31,3015,全漢,2511,-4,8
2026-07-31,3016,嘉晶,6919,100,141
2026-07-31,3017,奇鋐,4326,149,52
2026-07-31,3018,隆銘綠能,0,0,0
2026-07-31,3019,亞光,11045,-123,44
2026-07-31,3021,鴻名,538,-7,0
2026-07-31,3022,威強電,5786,216,20
2026-07-31,3023,信邦,1213,-164,12
2026-07-31,3024,憶聲,8797,99,5
2026-07-31,3025,星通,1608,5,0
2026-07-31,3026,禾伸堂,8399,882,146
2026-07-31,3027,盛達,4597,15,0
2026-07-31,3028,增你強,3126,8,44
2026-07-31,3029,零壹,3134,-66,36
2026-07-31,3030,德律,10542,62,13
2026-07-31,3031,佰鴻,5382,4,10
2026-07-31,3032,偉訓,8075,20,11
2026-07-31,3033,威健,9134,97,0
2026-07-31,3034,聯詠,2362,17,22
2026-07-31,3035,智原,11367,1010,544
2026-07-31,3036,文曄,12030,866,823
2026-07-31,3037,欣興,40619,534,435
2026-07-31,3038,全台,1334,9,2
2026-07-31,3040,遠見,10135,1,8
2026-07-31,3041,揚智,3511,31,35
2026-07-31,3042,晶技,12674,2425,164
2026-07-31,3043,科風,850,-4,0
2026-07-31,3044,健鼎,6236,148,5
2026-07-31,3045,台灣大,922,176,49
2026-07-31,3046,建碁,1056,15,8
2026-07-31,3047,訊舟,6572,-46,7
2026-07-31,3048,益登,5131,-28,64
2026-07-31,3049,精金,0,0,0
2026-07-31,3050,鈺德,3223,-42,5
2026-07-31,3051,力特,4102,12,0
2026-07-31,3052,夆典,1581,12,0
2026-07-31,3054,立萬利,920,22,0
2026-07-31,3055,蔚華科,5580,-70,148
2026-07-31,3056,富華新,3525,-59,7
2026-07-31,3057,喬鼎,0,0,0
2026-07-31,3058,立德,0,0,0
2026-07-31,3059,華晶科,11057,-115,5
2026-07-31,3060,銘異,8682,33,16
2026-07-31,3062,建漢,9826,-34,71
2026-07-31,3090,日電貿,3956,-75,38
2026-07-31,3092,鴻碩,3616,1,36
2026-07-31,3094,聯傑,2693,-82,155
2026-07-31,3130,一零四,6,-3,0
2026-07-31,3135,凌航,2405,39,115
2026-07-31,3138,耀登,2034,16,14
2026-07-31,3149,正達,21402,-7,5112
2026-07-31,3150,鈺寶-創,231,-4,0
2026-07-31,3164,景岳,303,18,0
2026-07-31,3167,大量,5941,-2954,70
2026-07-31,3168,眾福科,39,1,0
2026-07-31,3189,景碩,21460,80,329
2026-07-31,3209,全科,5575,30,8
2026-07-31,3229,晟鈦,0,0,0
2026-07-31,3231,緯創,52580,7368,1160
2026-07-31,3257,虹冠電,2477,-33,11
2026-07-31,3266,昇陽,353,-1,0
2026-07-31,3296,勝德,1828,-8,2
2026-07-31,3305,昇貿,6592,62,70
2026-07-31,3308,聯德,676,-1,0
2026-07-31,3311,閎暉,2841,-4,7
2026-07-31,3312,弘憶股,4698,-89,11
2026-07-31,3321,同泰,0,0,0
2026-07-31,3338,泰碩,3364,5,11
2026-07-31,3346,麗清,3036,30,7
2026-07-31,3356,奇偶,1733,5,7
2026-07-31,3376,新日興,11378,103,0
2026-07-31,3380,明泰,5165,-49,11
2026-07-31,3406,玉晶光,2268,-47,34
2026-07-31,3413,京鼎,4133,99,5
2026-07-31,3416,融程電,961,-23,11
2026-07-31,3419,譁裕,1042,0,0
2026-07-31,3432,台端,0,0,0
2026-07-31,3437,榮創,2754,-31,23
2026-07-31,3443,創意,4347,89,27
2026-07-31,3447,展達,1857,-3,23
2026-07-31,3450,聯鈞,14577,511,176
2026-07-31,3481,群創,332318,22096,5253
2026-07-31,3494,誠研,0,0,0
2026-07-31,3501,維熹,1174,16,0
2026-07-31,3504,揚明光,2770,-87,283
2026-07-31,3515,華擎,1596,5,13
2026-07-31,3518,柏騰,3834,22,26
2026-07-31,3528,安馳,2216,-171,11
2026-07-31,3530,晶相光,1246,0,0
2026-07-31,3532,台勝科,7784,-64,357
2026-07-31,3533,嘉澤,667,81,0
2026-07-31,3535,晶彩科,3842,-71,88
2026-07-31,3543,州巧,4901,739,173
2026-07-31,3545,敦泰,4427,-1,0
2026-07-31,3550,聯穎,13541,-48,1
2026-07-31,3557,嘉威,379,0,0
2026-07-31,3563,牧德,5296,62,4
2026-07-31,3576,聯合再生,0,0,0
2026-07-31,3583,辛耘,1877,23,5
2026-07-31,3588,通嘉,1711,-3,0
2026-07-31,3591,艾笛森,27114,332,7
2026-07-31,3592,瑞鼎,903,-14,0
2026-07-31,3593,力銘,0,0,0
2026-07-31,3596,智易,1219,19,27
2026-07-31,3605,宏致,9142,581,25
2026-07-31,3607,谷崧,1849,16,0
2026-07-31,3617,碩天,1983,11,0
2026-07-31,3622,洋華,1757,-2,2
2026-07-31,3645,達邁,5287,-8,18
2026-07-31,3652,精聯,579,-46,0
2026-07-31,3653,健策,2293,32,24
2026-07-31,3661,世芯-KY,5826,226,25
2026-07-31,3665,貿聯-KY,2288,16,15
2026-07-31,3669,圓展,1134,-16,9
2026-07-31,3673,TPK-KY,14351,202,86
2026-07-31,3679,新至陞,120,1,0
2026-07-31,3686,達能,0,0,0
2026-07-31,3694,海華,6466,0,43
2026-07-31,3701,大眾控,5644,-41,51
2026-07-31,3702,大聯大,6468,538,159
2026-07-31,3703,欣陸,1416,0,1
2026-07-31,3704,合勤控,6256,67,51
2026-07-31,3705,永信,369,3,0
2026-07-31,3706,神達,31063,351,131
2026-07-31,3708,上緯投控,2979,13,13
2026-07-31,3711,日月光投控,13486,2911,151
2026-07-31,3712,永崴投控,2597,-51,12
2026-07-31,3714,富采,24888,37,104
2026-07-31,3715,定穎投控,19231,114,412
2026-07-31,3716,中化控股,492,3,0
2026-07-31,3717,聯嘉投控,10286,214,106
2026-07-31,4104,佳醫,81,-1,0
2026-07-31,4106,雃博,661,1,0
2026-07-31,4108,懷特,0,0,0
2026-07-31,4119,旭富,604,14,22
2026-07-31,4133,亞諾法,1309,1,5
2026-07-31,4137,麗豐-KY,1076,-4,0
2026-07-31,4142,國光生,6774,124,1
2026-07-31,4148,全宇生技-KY,399,0,0
2026-07-31,4155,訊映,917,8,0
2026-07-31,4164,承業醫,6391,10,22
2026-07-31,4190,佐登-KY,290,0,0
2026-07-31,4306,炎洲,4694,275,1
2026-07-31,4414,如興,716,5,0
2026-07-31,4426,利勤,946,-6,0
2026-07-31,4438,廣越,794,1,0
2026-07-31,4439,冠星-KY,247,1,5
2026-07-31,4440,宜新實業,147,0,0
2026-07-31,4441,振大環球,170,0,3
2026-07-31,4526,東台,5559,-30,30
2026-07-31,4532,瑞智,2291,19,0
2026-07-31,4536,拓凱,613,11,0
2026-07-31,4540,全球傳動,3330,19,32
2026-07-31,4545,銘鈺,1181,-7,0
2026-07-31,4551,智伸科,2141,25,8
2026-07-31,4552,力達-KY,2386,204,12
2026-07-31,4555,氣立,2272,-1,29
2026-07-31,4557,永新-KY,336,10,0
2026-07-31,4560,強信-KY,289,0,0
2026-07-31,4562,穎漢,1810,1,41
2026-07-31,4564,元翎,10661,16,11
2026-07-31,4566,時碩工業,3878,-39,44
2026-07-31,4569,六方科-KY,722,1,0
2026-07-31,4571,鈞興-KY,964,-9,0
2026-07-31,4572,駐龍,324,0,1
2026-07-31,4576,大銀微系統,2211,103,27
2026-07-31,4581,光隆精密-KY,24,-1,0
2026-07-31,4583,台灣精銳,3052,-176,8
2026-07-31,4585,達明,580,-9,60
2026-07-31,4588,玖鼎電力,394,0,1
2026-07-31,4720,德淵,3241,5,13
2026-07-31,4722,國精化,10755,156,46
2026-07-31,4736,泰博,188,16,1
2026-07-31,4737,華廣,1607,4,0
2026-07-31,4739,康普,8527,185,66
2026-07-31,4746,台耀,2049,11,14
2026-07-31,4755,三福化,980,95,8
2026-07-31,4763,材料*-KY,44420,641,26
2026-07-31,4764,雙鍵,4491,152,286
2026-07-31,4766,南寶,1131,15,1
2026-07-31,4770,上品,930,2,17
2026-07-31,4771,望隼,572,9,0
2026-07-31,4807,日成-KY,1254,-13,11
2026-07-31,4904,遠傳,259,13,10
2026-07-31,4906,正文,28263,-32,37
2026-07-31,4912,聯德控股-KY,3587,72,1
2026-07-31,4915,致伸,3752,-84,47
2026-07-31,4916,事欣科,7341,-22,130
2026-07-31,4919,新唐,13038,464,1252
2026-07-31,4927,泰鼎-KY,23173,-357,460
2026-07-31,4930,燦星網,3811,-3,0
2026-07-31,4934,太極,0,0,0
2026-07-31,4935,茂林-KY,613,-2,4
2026-07-31,4938,和碩,5205,124,22
2026-07-31,4942,嘉彰,634,1,0
2026-07-31,4943,康控-KY,0,0,0
2026-07-31,4949,有成精密,2773,18,32
2026-07-31,4952,凌通,1343,-1,5
2026-07-31,4956,光鋐,5144,-15,10
2026-07-31,4958,臻鼎-KY,25707,1338,277
2026-07-31,4960,誠美材,15399,158,94
2026-07-31,4961,天鈺,1573,-26,5
2026-07-31,4967,十銓,8151,9,101
2026-07-31,4968,立積,5282,-56,37
2026-07-31,4976,佳凌,4567,-183,426
2026-07-31,4977,眾達-KY,5885,47,31
2026-07-31,4989,榮科,13217,380,3541
2026-07-31,4994,傳奇,2333,9,2
2026-07-31,4999,鑫禾,407,3,9
2026-07-31,5007,三星,7,0,0
2026-07-31,5203,訊連,1115,-5,0
2026-07-31,5215,科嘉-KY,634,8,0
2026-07-31,5222,全訊,1775,-11,11
2026-07-31,5225,東科-KY,1329,0,18
2026-07-31,5234,達興材料,1493,36,7
2026-07-31,5236,凌陽創新,184,-6,4
2026-07-31,5243,乙盛-KY,9119,-4,17
2026-07-31,5244,弘凱,2356,-23,2
2026-07-31,5258,虹堡,4003,-9,0
2026-07-31,5269,祥碩,2075,27,502
2026-07-31,5283,禾聯碩,82,-8,0
2026-07-31,5284,jpp-KY,3564,7,16
2026-07-31,5285,界霖,4727,241,69
2026-07-31,5288,豐祥-KY,2560,14,0
2026-07-31,5292,華懋,862,-73,0
2026-07-31,5306,桂盟,549,2,0
2026-07-31,5388,中磊,5101,-39,17
2026-07-31,5434,崇越,935,73,2
2026-07-31,5469,瀚宇博,13737,60,30
2026-07-31,5471,松翰,4274,201,18
2026-07-31,5484,慧友,0,0,0
2026-07-31,5515,建國,1823,20,4
2026-07-31,5519,隆大,846,-2,58
2026-07-31,5521,工信,13469,-206,38
2026-07-31,5522,遠雄,956,24,0
2026-07-31,5525,順天,318,0,0
2026-07-31,5531,鄉林,3676,112,11
2026-07-31,5533,皇鼎,479,0,0
2026-07-31,5534,長虹,3332,-122,0
2026-07-31,5538,東明-KY,7,0,0
2026-07-31,5546,永固-KY,22,0,0
2026-07-31,5607,遠雄港,1670,24,0
2026-07-31,5608,四維航,4105,19,81
2026-07-31,5706,鳳凰,723,5,20
2026-07-31,5871,中租-KY,3999,15,4
2026-07-31,5876,上海商銀,624,8,19
2026-07-31,5880,合庫金,2430,339,5
2026-07-31,5906,台南-KY,21,-2,0
2026-07-31,5907,大洋-KY,5540,-6,0
2026-07-31,6005,群益證,5527,185,14
2026-07-31,6024,群益期,310,-119,0
2026-07-31,6108,競國,1448,0,14
2026-07-31,6112,邁達特,2947,2,32
2026-07-31,6115,鎰勝,30,0,0
2026-07-31,6116,彩晶,33595,1054,9090
2026-07-31,6117,迎廣,2328,-13,21
2026-07-31,6120,達運,7624,-43,74
2026-07-31,6128,上福,1281,18,0
2026-07-31,6133,金橋,2932,0,0
2026-07-31,6136,富爾特,2576,4,0
2026-07-31,6139,亞翔,7456,418,38
2026-07-31,6141,柏承,35,0,0
2026-07-31,6142,友勁,0,0,0
2026-07-31,6152,百一,0,0,0
2026-07-31,6153,嘉聯益,13817,315,57
2026-07-31,6155,鈞寶,2683,-39,39
2026-07-31,6164,華興,3922,42,1
2026-07-31,6165,浪凡,13191,4992,1
2026-07-31,6166,凌華,3420,538,37
2026-07-31,6168,宏齊,4170,-51,15
2026-07-31,6176,瑞儀,6524,166,103
2026-07-31,6177,達麗,2567,48,1
2026-07-31,6183,關貿,8,0,0
2026-07-31,6184,大豐電,485,-2,0
2026-07-31,6189,豐藝,2338,-8,6
2026-07-31,6191,精成科,19711,515,19
2026-07-31,6192,巨路,745,-3,0
2026-07-31,6196,帆宣,1561,90,15
2026-07-31,6197,佳必琪,5320,35,69
2026-07-31,6201,亞弘電,35,0,0
2026-07-31,6202,盛群,5419,-110,115
2026-07-31,6205,詮欣,3697,-9,4
2026-07-31,6206,飛捷,1856,130,7
2026-07-31,6209,今國光,12883,-202,0
2026-07-31,6213,聯茂,15187,195,144
2026-07-31,6214,精誠,2023,263,10
2026-07-31,6215,和椿,4932,-4,42
2026-07-31,6216,居易,685,4,9
2026-07-31,6224,聚鼎,1932,-2,4
2026-07-31,6225,天瀚,0,0,0
2026-07-31,6226,光鼎,2964,432,286
2026-07-31,6230,尼得科超眾,462,-1,6
2026-07-31,6235,華孚,4499,-34,24
2026-07-31,6239,力成,23156,5596,77
2026-07-31,6243,迅杰,2241,-1,186
2026-07-31,6257,矽格,10268,361,64
2026-07-31,6269,台郡,8893,-2,155
2026-07-31,6271,同欣電,7288,804,31
2026-07-31,6272,驊陞,34,1,0
2026-07-31,6277,宏正,337,1,5
2026-07-31,6278,台表科,8239,790,121
2026-07-31,6281,全國電,26,0,0
2026-07-31,6282,康舒,24336,-169,301
2026-07-31,6283,淳安,2296,-8,1
2026-07-31,6285,啟碁,14091,-80,204
2026-07-31,6405,悅城,5211,-8,26
2026-07-31,6409,旭隼,939,26,0
2026-07-31,6412,群電,2792,-17,2
2026-07-31,6414,樺漢,1995,349,586
2026-07-31,6415,矽力*-KY,4094,23,73
2026-07-31,6416,瑞祺電通,4001,-75,2
2026-07-31,6426,統新,2059,82,8
2026-07-31,6431,光麗-KY,0,0,0
2026-07-31,6438,迅得,3794,-2,17
2026-07-31,6442,光聖,4105,158,26
2026-07-31,6443,元晶,7720,-59,442
2026-07-31,6446,藥華藥,7714,106,35
2026-07-31,6449,鈺邦,2367,25,14
2026-07-31,6451,訊芯-KY,6489,456,443
2026-07-31,6456,GIS-KY,10743,110,148
2026-07-31,6464,台數科,2,0,0
2026-07-31,6472,保瑞,3515,-16,4
2026-07-31,6477,安集,3351,-68,294
2026-07-31,6491,晶碩,509,13,0
2026-07-31,6504,南六,121,0,0
2026-07-31,6505,台塑化,13495,939,740
2026-07-31,6515,穎崴,423,3,6
2026-07-31,6525,捷敏-KY,1994,-105,26
2026-07-31,6526,達發,1301,54,1
2026-07-31,6531,愛普*,5854,666,82
2026-07-31,6533,晶心科,2105,-15,39
2026-07-31,6534,正瀚-創,1772,-1,0
2026-07-31,6541,泰福-KY,3859,1,7
2026-07-31,6550,北極星藥業-KY,0,0,0
2026-07-31,6552,易華電,1106,18,6
2026-07-31,6558,興能高,2702,-30,46
2026-07-31,6573,虹揚-KY,0,0,0
2026-07-31,6579,研揚,1166,6,6
2026-07-31,6581,鋼聯,6,0,0
2026-07-31,6582,申豐,351,-10,0
2026-07-31,6585,鼎基,2154,2,35
2026-07-31,6589,台康生技,2997,13,0
2026-07-31,6591,動力-KY,1984,-77,16
2026-07-31,6592,和潤企業,658,0,1
2026-07-31,6598,ABC-KY,0,0,0
2026-07-31,6605,帝寶,2298,8,9
2026-07-31,6606,建德工業,563,0,0
2026-07-31,6614,資拓宏宇,68,-1,0
2026-07-31,6625,必應,828,11,0
2026-07-31,6641,基士德-KY,102,0,1
2026-07-31,6645,金萬林-創,11,0,0
2026-07-31,6655,科定,0,0,0
2026-07-31,6657,華安,1298,-13,0
2026-07-31,6658,聯策,1420,-39,7
2026-07-31,6666,羅麗芬-KY,283,2,0
2026-07-31,6668,中揚光,2901,-30,25
2026-07-31,6669,緯穎,1202,-67,15
2026-07-31,6670,復盛應用,430,52,1
2026-07-31,6671,三能-KY,80,0,0
2026-07-31,6672,騰輝電子-KY,5707,133,21
2026-07-31,6674,鋐寶科技,247,-1,3
2026-07-31,6689,伊雲谷,1282,-35,11
2026-07-31,6691,洋基工程,1451,26,23
2026-07-31,6695,芯鼎,3666,-9,36
2026-07-31,6698,旭暉應材,2015,-48,0
2026-07-31,6706,惠特,7489,-62,92
2026-07-31,6715,嘉基,6754,130,10
2026-07-31,6719,力智,3641,77,5
2026-07-31,6722,輝創,45,3,0
2026-07-31,6742,澤米,1803,-13,6
2026-07-31,6743,安普新,518,4,0
2026-07-31,6753,龍德造船,5460,-83,87
2026-07-31,6754,匯僑設計,133,0,0
2026-07-31,6756,威鋒電子,634,-12,0
2026-07-31,6757,台灣虎航,3370,-63,6
2026-07-31,6768,志強-KY,1153,-3,16
2026-07-31,6770,力積電,135349,-689,4382
2026-07-31,6771,平和環保-創,92,10,0
2026-07-31,6776,展碁國際,673,-57,0
2026-07-31,6781,AES-KY,2482,-36,1
2026-07-31,6782,視陽,482,11,0
2026-07-31,6789,采鈺,4676,13,35
2026-07-31,6790,永豐實,587,0,0
2026-07-31,6792,詠業,273,2,7
2026-07-31,6794,向榮生技,257,1,0
2026-07-31,6796,晉弘,587,0,1
2026-07-31,6799,來頡,2063,-24,0
2026-07-31,6805,富世達,2278,49,8
2026-07-31,6807,峰源-KY,138,0,0
2026-07-31,6830,汎銓,3648,62,48
2026-07-31,6831,邁科,546,167,6
2026-07-31,6834,天二科技,2935,0,57
2026-07-31,6835,圓裕,798,0,4
2026-07-31,6838,台新藥,2585,0,0
2026-07-31,6854,錼創科技-KY創,2602,-165,3
2026-07-31,6861,睿生光電,1688,5,6
2026-07-31,6862,三集瑞-KY,912,20,11
2026-07-31,6863,永道-KY,1061,-81,15
2026-07-31,6869,雲豹能源,2866,16,2
2026-07-31,6873,泓德能源,3482,2,94
2026-07-31,6885,全福生技,2272,1,20
2026-07-31,6887,寶綠特-KY,893,0,0
2026-07-31,6890,來億-KY,802,15,2
2026-07-31,6901,鑽石投資,6293,-13,37
2026-07-31,6902,GOGOLOOK,617,36,0
2026-07-31,6906,現觀科,492,-4,0
2026-07-31,6909,創控,1394,-4,1
2026-07-31,6914,阜爾運通,346,9,0
2026-07-31,6916,華凌,392,-3,0
2026-07-31,6918,愛派司,84,-15,0
2026-07-31,6919,康霈*,0,0,0
2026-07-31,6923,中台,1737,9,0
2026-07-31,6928,攸泰科技,785,12,14
2026-07-31,6931,青松健康,103,-13,0
2026-07-31,6933,AMAX-KY,746,11,3
2026-07-31,6936,永鴻生技,242,0,0
2026-07-31,6937,天虹,1461,16,2
2026-07-31,6944,兆聯實業,786,8,21
2026-07-31,6949,沛爾生醫-創,5307,5,3
2026-07-31,6951,青新-創,77,0,0
2026-07-31,6952,大武山,13,-2,0
2026-07-31,6957,裕慶-KY,1609,18,0
2026-07-31,6958,日盛台駿,137,-37,0
2026-07-31,6962,奕力-KY,8343,-29,13
2026-07-31,6965,中傑-KY,37,-2,0
2026-07-31,6994,富威電力,2997,40,21
2026-07-31,7631,聚賢研發-創,67,4,0
2026-07-31,7705,三商餐飲,88,0,0
2026-07-31,7711,永擎,544,-10,0
2026-07-31,7721,微程式,1142,1,0
2026-07-31,7722,LINEPAY,532,6,0
2026-07-31,7730,暉盛-創,489,6,1
2026-07-31,7732,金興精密,80,2,0
2026-07-31,7736,虎山,71,1,0
2026-07-31,7740,熙特爾-創,1792,0,0
2026-07-31,7749,意騰-KY,993,2,8
2026-07-31,7750,新代,588,31,1
2026-07-31,7765,中華資安,461,1,0
2026-07-31,7769,鴻勁,392,69,2
2026-07-31,7780,大研生醫*,288,-2,0
2026-07-31,7786,東方風能,162,-1,0
2026-07-31,7788,松川精密,1550,80,7
2026-07-31,7791,皇家可口,19,1,0
2026-07-31,7795,長廣,238,70,0
2026-07-31,7799,禾榮科,1203,-3,4
2026-07-31,8011,台通,3407,-37,33
2026-07-31,8016,矽創,1507,49,7
2026-07-31,8021,尖點,8751,115,38
2026-07-31,8028,昇陽半導體,4977,19,88
2026-07-31,8033,雷虎,6167,-59,130
2026-07-31,8039,台虹,19061,1292,739
2026-07-31,8045,達運光電,4947,-3,0
2026-07-31,8046,南電,9154,10,380
2026-07-31,8070,長華*,6189,-116,13
2026-07-31,8072,陞泰,1758,-11,0
2026-07-31,8081,致新,1750,1,7
2026-07-31,8101,華冠,0,0,0
2026-07-31,8103,瀚荃,2989,57,0
2026-07-31,8104,錸寶,3395,-55,2
2026-07-31,8105,凌巨,8179,1,497
2026-07-31,8110,華東,14644,149,163
2026-07-31,8112,至上,17082,201,3377
2026-07-31,8114,振樺電,1526,68,4
2026-07-31,8131,福懋科,4726,64,62
2026-07-31,8150,南茂,14718,-119,1226
2026-07-31,8162,微矽電子-創,1609,-26,0
2026-07-31,8163,達方,2385,-9,6
2026-07-31,8201,無敵,0,0,0
2026-07-31,8210,勤誠,2214,-44,21
2026-07-31,8213,志超,3708,-6,0
2026-07-31,8215,明基材,3178,-4,15
2026-07-31,8222,寶一,3368,-42,28
2026-07-31,8249,菱光,3784,-2,21
2026-07-31,8261,富鼎,6228,539,44
2026-07-31,8271,宇瞻,6146,360,697
2026-07-31,8341,日友,365,8,0
2026-07-31,8367,建新國際,12,0,0
2026-07-31,8374,羅昇,1529,0,1
2026-07-31,8404,百和興業-KY,3743,-29,0
2026-07-31,8411,福貞-KY,16,0,0
2026-07-31,8422,可寧衛*,24530,-270,70
2026-07-31,8429,金麗-KY,14017,152,28
2026-07-31,8438,昶昕,3283,33,0
2026-07-31,8442,威宏-KY,740,-1,20
2026-07-31,8443,阿瘦,28,0,0
2026-07-31,8454,富邦媒,1468,31,55
2026-07-31,8462,柏文,1099,-11,14
2026-07-31,8463,潤泰材,120,-2,0
2026-07-31,8464,億豐,47,-7,1
2026-07-31,8466,美吉吉-KY,1287,-9,0
2026-07-31,8467,波力-KY,241,0,0
2026-07-31,8473,山林水,2142,-58,24
2026-07-31,8476,台境*,18330,34,259
2026-07-31,8478,東哥遊艇,1008,-90,0
2026-07-31,8481,政伸,5,0,0
2026-07-31,8482,商億-KY,160,0,0
2026-07-31,8487,愛爾達-創,36,2,0
2026-07-31,8488,吉源-KY,20,0,0
2026-07-31,8499,鼎炫-KY,575,3,0
2026-07-31,8926,台汽電,6702,95,73
2026-07-31,8940,新天地,91,9,0
2026-07-31,8996,高力,4239,189,70
2026-07-31,9802,鈺齊-KY,2103,-49,24
2026-07-31,9902,台火,3113,30,1
2026-07-31,9904,寶成,24780,191,158
2026-07-31,9905,大華,25,0,0
2026-07-31,9906,欣巴巴,422,0,0
2026-07-31,9907,統一實,4110,86,32
2026-07-31,9908,大台北,124,-2,0
2026-07-31,9910,豐泰,2176,8,0
2026-07-31,9911,櫻花,382,-5,0
2026-07-31,9912,偉聯,0,0,0
2026-07-31,9914,美利達,2668,53,0
2026-07-31,9917,中保科,56,2,0
2026-07-31,9918,欣天然,93,0,0
2026-07-31,9919,康那香,8235,-17,0
2026-07-31,9921,巨大,1920,86,194
2026-07-31,9924,福興,736,2,0
2026-07-31,9925,新保,1,0,0
2026-07-31,9926,新海,12,0,0
2026-07-31,9927,泰銘,62,5,0
2026-07-31,9928,中視,454,11,0
2026-07-31,9929,秋雨,0,0,0
2026-07-31,9930,中聯資源,19,-1,0
2026-07-31,9931,欣高,67,0,0
2026-07-31,9933,中鼎,4084,22,2
2026-07-31,9934,成霖,5758,45,4
2026-07-31,9935,慶豐富,1262,64,0
2026-07-31,9937,全國,116,-2,0
2026-07-31,9938,百和,3230,29,0
2026-07-31,9939,宏全,1348,148,1
2026-07-31,9940,信義,1259,4,0
2026-07-31,9941,裕融,902,-17,3
2026-07-31,9942,茂順,26,1,0
2026-07-31,9943,好樂迪,75,6,0
2026-07-31,9944,新麗,5520,-1,4
2026-07-31,9945,潤泰新,20907,0,89
2026-07-31,9946,三發地產,1145,-13,0
2026-07-31,9955,佳龍,1053,34,37
2026-07-31,9958,世紀鋼,8181,13,7
2026-08-03,1101,台泥,33228,2109,54
2026-08-03,1102,亞泥,1541,220,7
2026-08-03,1103,嘉泥,4083,-4,1
2026-08-03,1104,環泥,1677,11,6
2026-08-03,1108,幸福,416,-1,44
2026-08-03,1109,信大,268,3,0
2026-08-03,1110,東泥,2626,-5,0
2026-08-03,1201,味全,1407,-2,5
2026-08-03,1203,味王,24,1,0
2026-08-03,1210,大成,752,-12,0
2026-08-03,1213,大飲,0,0,0
2026-08-03,1215,卜蜂,425,4,31
2026-08-03,1216,統一,1031,344,1
2026-08-03,1217,愛之味,1447,118,8
2026-08-03,1218,泰山,1825,-104,125
2026-08-03,1219,福壽,218,13,1
2026-08-03,1220,台榮,871,0,18
2026-08-03,1225,福懋油,6787,-18,8
2026-08-03,1227,佳格,1007,27,5
2026-08-03,1229,聯華,2927,-69,39
2026-08-03,1231,聯華食,253,1,0
2026-08-03,1232,大統益,178,18,0
2026-08-03,1233,天仁,22,0,0
2026-08-03,1234,黑松,16,0,0
2026-08-03,1235,興泰,1155,0,0
2026-08-03,1236,宏亞,185,1,0
2026-08-03,1256,鮮活果汁-KY,253,4,2
2026-08-03,1301,台塑,21900,-604,129
2026-08-03,1303,南亞,46557,12752,775
2026-08-03,1304,台聚,10509,-6,121
2026-08-03,1305,華夏,6596,-116,64
2026-08-03,1307,三芳,1319,9,0
2026-08-03,1308,亞聚,6015,-67,5
2026-08-03,1309,台達化,7134,91,112
2026-08-03,1310,台苯,12099,-19,69
2026-08-03,1312,國喬,33686,256,197
2026-08-03,1313,聯成,12095,-71,18
2026-08-03,1314,中石化,75034,-366,137
2026-08-03,1315,達新,13,0,0
2026-08-03,1316,上曜,9787,-30,44
2026-08-03,1319,東陽,7000,8,22
2026-08-03,1321,大洋,7140,-4,2
2026-08-03,1323,永裕,72,0,0
2026-08-03,1324,地球,1262,-5,0
2026-08-03,1325,恆大,2289,42,74
2026-08-03,1326,台化,32367,-614,407
2026-08-03,1337,再生-KY,21410,11,0
2026-08-03,1338,廣華-KY,3884,1,0
2026-08-03,1339,昭輝,883,-2,0
2026-08-03,1340,勝悅-KY,1023,0,0
2026-08-03,1342,八貫,621,-28,3
2026-08-03,1402,遠東新,6603,174,20
2026-08-03,1409,新纖,22539,-75,77
2026-08-03,1410,南染,241,0,0
2026-08-03,1413,宏洲,0,0,0
2026-08-03,1414,東和,1093,111,0
2026-08-03,1416,廣豐,3260,6,0
2026-08-03,1417,嘉裕,1993,0,0
2026-08-03,1418,東華,777,0,0
2026-08-03,1419,新紡,1252,10,0
2026-08-03,1423,利華,87,0,0
2026-08-03,1432,大魯閣,134,1,38
2026-08-03,1434,福懋,7159,-280,3
2026-08-03,1435,中福,0,0,0
2026-08-03,1436,華友聯,980,41,34
2026-08-03,1437,勤益控,2969,125,0
2026-08-03,1438,三地開發,145,5,0
2026-08-03,1439,雋揚,1035,-8,0
2026-08-03,1440,南紡,5268,-31,4
2026-08-03,1441,大東,0,0,0
2026-08-03,1442,名軒,2733,7,8
2026-08-03,1443,立益物流,8,0,0
2026-08-03,1444,力麗,568,0,0
2026-08-03,1445,大宇,1355,1,1
2026-08-03,1446,宏和,1464,10,2
2026-08-03,1447,力鵬,793,0,0
2026-08-03,1449,佳和,3193,-10,5
2026-08-03,1451,年興,570,0,0
2026-08-03,1452,宏益,109,0,0
2026-08-03,1453,大將,1029,-1,4
2026-08-03,1454,台富,2173,1,0
2026-08-03,1455,集盛,3073,2,0
2026-08-03,1456,怡華,754,-4,0
2026-08-03,1457,宜進,663,-2,1
2026-08-03,1459,聯發,374,51,0
2026-08-03,1460,宏遠,0,0,0
2026-08-03,1463,強盛新,370,32,0
2026-08-03,1464,得力,2010,21,0
2026-08-03,1465,偉全,3254,-9,0
2026-08-03,1466,聚隆,3350,37,10
2026-08-03,1467,南緯,6438,-57,16
2026-08-03,1468,昶和,0,0,0
2026-08-03,1470,大統新創,5,0,0
2026-08-03,1471,首利,0,0,0
2026-08-03,1472,三洋實業,3882,0,2
2026-08-03,1473,台南,771,0,1
2026-08-03,1474,弘裕,3360,7,0
2026-08-03,1475,業旺,464,0,0
2026-08-03,1476,儒鴻,750,11,26
2026-08-03,1477,聚陽,1441,42,13
2026-08-03,1503,士電,2803,-5,34
2026-08-03,1504,東元,27944,39,87
2026-08-03,1506,正道,0,0,0
2026-08-03,1512,瑞利,0,0,0
2026-08-03,1513,中興電,7551,-106,28
2026-08-03,1514,亞力,6085,-11,22
2026-08-03,1515,力山,2080,-3,38
2026-08-03,1516,川飛,2,0,0
2026-08-03,1517,利奇,2280,12,3
2026-08-03,1519,華城,2889,49,0
2026-08-03,1521,大億,448,1,0
2026-08-03,1522,堤維西,3935,-5,2
2026-08-03,1524,耿鼎,3787,6,17
2026-08-03,1525,江申,243,5,0
2026-08-03,1526,日馳,877,112,36
2026-08-03,1527,鑽全,552,-6,0
2026-08-03,1528,恩德,5731,0,43
2026-08-03,1529,樂事綠能,2703,-3,689
2026-08-03,1530,亞崴,263,2,0
2026-08-03,1531,高林股,1703,1,4
2026-08-03,1532,勤美,2968,36,0
2026-08-03,1533,車王電,520,14,2
2026-08-03,1535,中宇,59,0,0
2026-08-03,1536,和大,7617,-112,159
2026-08-03,1537,廣隆,55,0,0
2026-08-03,1538,正峰,0,0,0
2026-08-03,1539,巨庭,1295,-40,0
2026-08-03,1540,喬福,1511,-9,0
2026-08-03,1541,錩泰,104,1,0
2026-08-03,1558,伸興,255,3,0
2026-08-03,1560,中砂,1694,24,78
2026-08-03,1563,巧新,6190,185,5
2026-08-03,1568,倉佑,2093,-66,2
2026-08-03,1582,信錦,3683,103,10
2026-08-03,1583,程泰,64,0,0
2026-08-03,1587,吉茂,1632,1,23
2026-08-03,1589,永冠-KY,666,-5,0
2026-08-03,1590,亞德客-KY,136,38,0
2026-08-03,1597,直得,2369,54,25
2026-08-03,1598,岱宇,1997,-23,0
2026-08-03,1603,華電,1775,58,5
2026-08-03,1604,聲寶,206,5,0
2026-08-03,1605,華新,49857,-921,795
2026-08-03,1608,華榮,7768,-74,21
2026-08-03,1609,大亞,12106,-66,13
2026-08-03,1611,中電,3182,-8,1
2026-08-03,1612,宏泰,1871,2,55
2026-08-03,1614,三洋電,336,0,0
2026-08-03,1615,大山,158,1,0
2026-08-03,1616,億泰,2759,-1,30
2026-08-03,1617,榮星,1526,-35,1
2026-08-03,1618,合機,3332,9,44
2026-08-03,1623,大東電,9,3,0
2026-08-03,1626,艾美特-KY,1633,-6,0
2026-08-03,1702,南僑,296,3,0
2026-08-03,1707,葡萄王,317,-1,20
2026-08-03,1708,東鹼,6518,-90,66
2026-08-03,1709,和益,15387,-65,4
2026-08-03,1710,東聯,11778,278,39
2026-08-03,1711,永光,13641,0,103
2026-08-03,1712,興農,448,0,0
2026-08-03,1713,國化,2991,37,0
2026-08-03,1714,和桐,13131,757,72
2026-08-03,1717,長興,17465,-167,291
2026-08-03,1718,中纖,18151,1200,141
2026-08-03,1720,生達,318,1,0
2026-08-03,1721,三晃,126,0,0
2026-08-03,1722,台肥,2713,-45,11
2026-08-03,1723,中碳,613,-1,0
2026-08-03,1725,元禎,272,3,0
2026-08-03,1726,永記,25,1,0
2026-08-03,1727,中華化,5920,-12,78
2026-08-03,1730,花仙子,5,0,0
2026-08-03,1731,美吾華,316,0,0
2026-08-03,1732,毛寶,821,36,29
2026-08-03,1733,五鼎,2497,-2,6
2026-08-03,1734,杏輝,328,-10,1
2026-08-03,1735,日勝化,676,-4,0
2026-08-03,1736,喬山,1859,-1,0
2026-08-03,1737,臺鹽,20,0,0
2026-08-03,1752,南光,324,-1,0
2026-08-03,1760,寶齡富錦,1008,4,0
2026-08-03,1762,中化生,709,-7,1
2026-08-03,1773,勝一,1057,11,2
2026-08-03,1776,展宇,792,27,1
2026-08-03,1783,和康生,592,0,0
2026-08-03,1786,科妍,4957,3,11
2026-08-03,1789,神隆,3243,9,1
2026-08-03,1795,美時,8955,-15,20
2026-08-03,1802,台玻,35598,-57,682
2026-08-03,1805,寶徠,1483,-3,0
2026-08-03,1806,冠軍,2921,5,0
2026-08-03,1808,潤隆,5693,9,18
2026-08-03,1809,中釉,5472,119,84
2026-08-03,1810,和成,20428,161,156
2026-08-03,1817,凱撒衛,16,0,0
2026-08-03,1903,士紙,2452,8,6
2026-08-03,1904,正隆,4643,4,0
2026-08-03,1905,華紙,12143,276,60
2026-08-03,1906,寶隆,7270,0,0
2026-08-03,1907,永豐餘,24135,1,3
2026-08-03,1909,榮成,9252,69,5
2026-08-03,2002,中鋼,39711,119,1107
2026-08-03,2006,東和鋼鐵,962,44,6
2026-08-03,2007,燁興,5,0,0
2026-08-03,2008,高興昌,121,0,0
2026-08-03,2009,第一銅,6428,-53,26
2026-08-03,2010,春源,1943,-18,0
2026-08-03,2012,春雨,187,0,0
2026-08-03,2013,中鋼構,1407,1,0
2026-08-03,2014,中鴻,1128,-1,0
2026-08-03,2015,豐興,42,3,0
2026-08-03,2017,官田鋼,8118,52,1
2026-08-03,2020,美亞,685,-15,0
2026-08-03,2022,聚亨,2012,24,1
2026-08-03,2023,燁輝,2637,171,51
2026-08-03,2024,志聯,74,1,0
2026-08-03,2025,千興,0,0,0
2026-08-03,2027,大成鋼,24837,1635,261
2026-08-03,2028,威致,1193,2,0
2026-08-03,2029,盛餘,424,2,0
2026-08-03,2030,彰源,4427,-35,1
2026-08-03,2031,新光鋼,1271,5,11
2026-08-03,2032,新鋼,2730,13,0
2026-08-03,2033,佳大,2746,-17,5
2026-08-03,2034,允強,3574,-26,3
2026-08-03,2038,海光,3507,30,22
2026-08-03,2049,上銀,2992,-103,77
2026-08-03,2059,川湖,365,-57,5
2026-08-03,2062,橋椿,1301,-18,1
2026-08-03,2069,運錩,402,-42,0
2026-08-03,2101,南港,20856,62,3
2026-08-03,2102,泰豐,3620,-156,4
2026-08-03,2103,台橡,13607,101,113
2026-08-03,2104,國際中橡,19097,-127,94
2026-08-03,2105,正新,8933,148,20
2026-08-03,2106,建大,2802,-13,3
2026-08-03,2107,厚生,98,-1,0
2026-08-03,2108,南帝,2731,-13,33
2026-08-03,2109,華豐,680,-10,0
2026-08-03,2114,鑫永銓,6,0,0
2026-08-03,2115,六暉-KY,510,0,3
2026-08-03,2201,裕隆,9560,-60,14
2026-08-03,2204,中華,1243,60,2
2026-08-03,2206,三陽工業,3925,2,13
2026-08-03,2207,和泰車,60,-17,0
2026-08-03,2208,台船,0,0,0
2026-08-03,2211,長榮鋼,468,-19,0
2026-08-03,2228,劍麟,1557,-1,6
2026-08-03,2231,為升,2533,2,191
2026-08-03,2233,宇隆,4663,11,1
2026-08-03,2236,百達-KY,11680,-29,5
2026-08-03,2239,英利-KY,1610,11,0
2026-08-03,2241,艾姆勒,7219,160,4
2026-08-03,2243,宏旭-KY,1310,63,7
2026-08-03,2247,汎德永業,141,5,1
2026-08-03,2248,華勝-KY,545,-18,0
2026-08-03,2250,IKKA-KY,1201,-13,14
2026-08-03,2254,巨鎧精密-創,2520,0,0
2026-08-03,2301,光寶科,18487,1980,414
2026-08-03,2302,麗正,3893,277,201
2026-08-03,2303,聯電,161170,864,3110
2026-08-03,2305,全友,7463,469,322
2026-08-03,2308,台達電,8811,249,31
2026-08-03,2312,金寶,43782,-1935,418
2026-08-03,2313,華通,31086,-26,701
2026-08-03,2314,台揚,0,0,0
2026-08-03,2316,楠梓電,3400,130,69
2026-08-03,2317,鴻海,50550,-314,342
2026-08-03,2321,東訊,0,0,0
2026-08-03,2323,中環,28859,-140,61
2026-08-03,2324,仁寶,52952,-1577,980
2026-08-03,2327,國巨*,32136,-51,1006
2026-08-03,2328,廣宇,16125,-61,71
2026-08-03,2329,華泰,14001,-218,276
2026-08-03,2330,台積電,30003,714,101
2026-08-03,2331,精英,9807,-44,18
2026-08-03,2332,友訊,29132,-769,1220
2026-08-03,2337,旺宏,89881,-238,5007
2026-08-03,2338,光罩,5185,-63,101
2026-08-03,2340,台亞,7701,-86,20
2026-08-03,2342,茂矽,3553,14,37
2026-08-03,2344,華邦電,122076,-3135,4172
2026-08-03,2345,智邦,1318,-169,11
2026-08-03,2347,聯強,702,24,8
2026-08-03,2348,海悅,3013,166,0
2026-08-03,2349,錸德,0,0,0
2026-08-03,2351,順德,10222,-101,0
2026-08-03,2352,佳世達,14999,-353,17
2026-08-03,2353,宏碁,39575,97,3418
2026-08-03,2354,鴻準,24616,-17,73
2026-08-03,2355,敬鵬,9069,5,32
2026-08-03,2356,英業達,28090,-16,581
2026-08-03,2357,華碩,1972,-22,50
2026-08-03,2359,所羅門,5588,-485,191
2026-08-03,2360,致茂,1394,151,20
2026-08-03,2362,藍天,2160,5,6
2026-08-03,2363,矽統,16747,-253,164
2026-08-03,2364,倫飛,702,18,1
2026-08-03,2365,昆盈,7685,6,22
2026-08-03,2367,燿華,24168,69,75
2026-08-03,2368,金像電,4500,-116,341
2026-08-03,2369,菱生,13016,17,139
2026-08-03,2371,大同,46810,-446,328
2026-08-03,2373,震旦行,45,0,0
2026-08-03,2374,佳能,16099,-264,44
2026-08-03,2375,凱美,5474,48,0
2026-08-03,2376,技嘉,6365,160,13
2026-08-03,2377,微星,13766,155,353
2026-08-03,2379,瑞昱,2565,-36,104
2026-08-03,2380,虹光,0,0,0
2026-08-03,2382,廣達,15673,-216,215
2026-08-03,2383,台光電,2195,241,20
2026-08-03,2385,群光,3036,91,77
2026-08-03,2387,精元,1245,3,1
2026-08-03,2388,威盛,10654,-252,240
2026-08-03,2390,云辰,1856,17,0
2026-08-03,2392,正崴,4620,-15,4
2026-08-03,2393,億光,2360,56,0
2026-08-03,2395,研華,1976,-97,42
2026-08-03,2397,友通,1579,-34,4
2026-08-03,2399,映泰,10409,-34,124
2026-08-03,2401,凌陽,8060,-85,129
2026-08-03,2402,毅嘉,11820,-71,13
2026-08-03,2404,漢唐,2189,36,8
2026-08-03,2405,輔信,7638,-20,34
2026-08-03,2406,國碩,13142,-51,416
2026-08-03,2408,南亞科,89268,7367,4015
2026-08-03,2409,友達,208492,2370,5998
2026-08-03,2412,中華電,4209,-276,115
2026-08-03,2413,環科,4250,-22,11
2026-08-03,2414,精技,502,3,0
2026-08-03,2415,錩新,2443,-14,0
2026-08-03,2417,圓剛,3079,27,5
2026-08-03,2419,仲琦,5888,0,5
2026-08-03,2420,新巨,866,-33,8
2026-08-03,2421,建準,4975,38,35
2026-08-03,2423,固緯,611,-2,8
2026-08-03,2424,隴華,0,0,0
2026-08-03,2425,承啟,4961,529,119
2026-08-03,2426,鼎元,13541,84,196
2026-08-03,2427,三商電,5389,-10,0
2026-08-03,2428,興勤,1992,-80,14
2026-08-03,2429,銘旺科,622,0,0
2026-08-03,2430,燦坤,97,0,6
2026-08-03,2431,聯昌,1531,-3,0
2026-08-03,2432,倚天酷碁-創,350,0,0
2026-08-03,2433,互盛電,24,0,0
2026-08-03,2434,統懋,318,-49,29
2026-08-03,2436,偉詮電,5711,-39,679
2026-08-03,2438,翔耀,0,0,0
2026-08-03,2439,美律,3707,22,199
2026-08-03,2440,太空梭,1621,0,1
2026-08-03,2441,超豐,8978,210,143
2026-08-03,2442,新美齊,3999,8,0
2026-08-03,2444,兆勁,0,0,0
2026-08-03,2449,京元電子,18756,1007,81
2026-08-03,2450,神腦,77,0,0
2026-08-03,2451,創見,6871,631,520
2026-08-03,2453,凌群,2363,-20,1
2026-08-03,2454,聯發科,9877,-139,62
2026-08-03,2455,全新,9465,446,436
2026-08-03,2457,飛宏,12234,-100,65
2026-08-03,2458,義隆,3324,-107,21
2026-08-03,2459,敦吉,90,1,0
2026-08-03,2460,建通,293,0,0
2026-08-03,2461,光群雷,8460,64,2
2026-08-03,2462,良得電,2290,-6,16
2026-08-03,2464,盟立,13736,1015,800
2026-08-03,2465,麗臺,3402,-61,8
2026-08-03,2466,冠西電,6052,-52,301
2026-08-03,2467,志聖,1799,13,45
2026-08-03,2468,華經,3162,5,12
2026-08-03,2471,資通,1280,6,2
2026-08-03,2472,立隆電,4645,277,37
2026-08-03,2474,可成,8388,4,15
2026-08-03,2476,鉅祥,40923,-119,84
2026-08-03,2477,美隆電,1149,7,27
2026-08-03,2478,大毅,7182,-226,47
2026-08-03,2480,敦陽科,429,69,1
2026-08-03,2481,強茂,11727,-221,707
2026-08-03,2482,連宇,1794,2,0
2026-08-03,2483,百容,1516,-39,7
2026-08-03,2484,希華,13813,27,229
2026-08-03,2485,兆赫,10633,55,252
2026-08-03,2486,一詮,21588,4,362
2026-08-03,2488,漢平,520,24,0
2026-08-03,2489,瑞軒,25852,-442,180
2026-08-03,2491,吉祥全,1766,-60,1
2026-08-03,2492,華新科,7926,191,34
2026-08-03,2493,揚博,8450,716,37
2026-08-03,2495,普安,8248,116,17
2026-08-03,2496,卓越,35,0,0
2026-08-03,2497,怡利電,1838,18,5
2026-08-03,2498,宏達電,28321,59,639
2026-08-03,2501,國建,4498,-189,6
2026-08-03,2504,國產,4535,4,1
2026-08-03,2505,國揚,3220,-10,0
2026-08-03,2506,太設,1837,-6,0
2026-08-03,2509,全坤建,547,0,1
2026-08-03,2511,太子,2657,-27,1
2026-08-03,2514,龍邦,18114,3,1
2026-08-03,2515,中工,29147,1362,42
2026-08-03,2516,新建,0,0,0
2026-08-03,2520,冠德,2235,-25,5
2026-08-03,2524,京城,3176,-2,0
2026-08-03,2527,宏璟,5329,200,6
2026-08-03,2528,皇普,6374,1,0
2026-08-03,2530,華建,6798,59,21
2026-08-03,2534,宏盛,11945,17,0
2026-08-03,2535,達欣工,332,33,5
2026-08-03,2536,宏普,4965,-14,0
2026-08-03,2537,聯上發,3639,1,3
2026-08-03,2538,基泰,2274,33,1
2026-08-03,2539,櫻花建,2177,52,10
2026-08-03,2540,愛山林,2895,34,15
2026-08-03,2542,興富發,5099,-5,231
2026-08-03,2543,皇昌,9218,-31,0
2026-08-03,2545,皇翔,2757,3,9
2026-08-03,2546,根基,96,11,0
2026-08-03,2547,日勝生,10047,81,4
2026-08-03,2548,華固,1959,-65,4
2026-08-03,2597,潤弘,170,5,0
2026-08-03,2601,益航,405,-4,0
2026-08-03,2603,長榮,14935,143,252
2026-08-03,2605,新興,12594,-310,14
2026-08-03,2606,裕民,2766,-38,3
2026-08-03,2607,榮運,803,11,1
2026-08-03,2608,嘉里大榮,1126,-3,2
2026-08-03,2609,陽明,31506,110,316
2026-08-03,2610,華航,44494,-2854,517
2026-08-03,2611,志信,2061,59,1
2026-08-03,2612,中航,1677,5,1
2026-08-03,2613,中櫃,2119,12,12
2026-08-03,2614,東森,5294,5,2
2026-08-03,2615,萬海,14944,-26,158
2026-08-03,2616,山隆,427,-12,0
2026-08-03,2617,台航,2123,28,0
2026-08-03,2618,長榮航,32091,6907,588
2026-08-03,2630,亞航,5175,-29,65
2026-08-03,2633,台灣高鐵,1705,6,38
2026-08-03,2634,漢翔,26252,626,394
2026-08-03,2636,台驊控股,610,1,1
2026-08-03,2637,慧洋-KY,2295,-101,17
2026-08-03,2642,宅配通,600,1,0
2026-08-03,2645,長榮航太,2844,-54,11
2026-08-03,2646,星宇航空,3752,29,25
2026-08-03,2701,萬企,377,0,0
2026-08-03,2702,華園,428,0,0
2026-08-03,2704,國賓,107,-5,0
2026-08-03,2705,六福,551,2,0
2026-08-03,2706,第一店,644,1,0
2026-08-03,2707,晶華,173,3,0
2026-08-03,2712,遠雄來,7,0,0
2026-08-03,2722,夏都,380,41,0
2026-08-03,2723,美食-KY,1685,9,0
2026-08-03,2727,王品,330,9,3
2026-08-03,2731,雄獅,898,8,6
2026-08-03,2739,寒舍,876,3,0
2026-08-03,2748,雲品,514,19,0
2026-08-03,2753,八方雲集,540,0,2
2026-08-03,2762,世界健身-KY,204,20,0
2026-08-03,2801,彰銀,7444,-357,0
2026-08-03,2812,台中銀,3079,-156,0
2026-08-03,2816,旺旺保,599,0,0
2026-08-03,2820,華票,522,-56,2
2026-08-03,2832,台產,553,4,0
2026-08-03,2834,臺企銀,25054,2116,0
2026-08-03,2836,高雄銀,6553,240,1
2026-08-03,2838,聯邦銀,804,2,1
2026-08-03,2845,遠東銀,3849,52,62
2026-08-03,2849,安泰銀,270,7,0
2026-08-03,2850,新產,352,1,0
2026-08-03,2851,中再保,918,1,1
2026-08-03,2852,第一保,1375,5,0
2026-08-03,2855,統一證,6155,-77,132
2026-08-03,2867,三商壽,2686,-68,61
2026-08-03,2880,華南金,634,-47,21
2026-08-03,2881,富邦金,7016,234,228
2026-08-03,2882,國泰金,4844,136,383
2026-08-03,2883,凱基金,12068,859,505
2026-08-03,2884,玉山金,5118,-111,561
2026-08-03,2885,元大金,2036,-55,14
2026-08-03,2886,兆豐金,1304,-59,77
2026-08-03,2887,台新新光金,40118,265,393
2026-08-03,2889,國票金,2709,30,19
2026-08-03,2890,永豐金,2494,68,60
2026-08-03,2891,中信金,3832,-17,30
2026-08-03,2892,第一金,1679,0,18
2026-08-03,2897,王道銀行,1555,279,4
2026-08-03,2901,欣欣,473,0,0
2026-08-03,2903,遠百,1477,-3,0
2026-08-03,2904,匯僑,32,0,0
2026-08-03,2905,三商,7729,-97,1
2026-08-03,2906,高林,649,4,0
2026-08-03,2908,特力,13957,13,0
2026-08-03,2910,統領,47,-4,0
2026-08-03,2911,麗嬰房,171,5,0
2026-08-03,2912,統一超,579,20,3
2026-08-03,2913,農林,6660,93,16
2026-08-03,2915,潤泰全,8580,-4,11
2026-08-03,2929,淘帝-KY,2056,0,0
2026-08-03,2939,永邑-KY,249,-2,0
2026-08-03,3002,歐格,1845,1,13
2026-08-03,3003,健和興,3214,-67,0
2026-08-03,3004,豐達科,1804,-13,7
2026-08-03,3005,神基,8703,191,49
2026-08-03,3006,晶豪科,17483,252,273
2026-08-03,3008,大立光,2017,52,29
2026-08-03,3010,華立,1181,16,16
2026-08-03,3011,今皓,2944,44,63
2026-08-03,3013,晟銘電,8546,25,48
2026-08-03,3014,聯陽,2238,-20,61
2026-08-03,3015,全漢,2551,40,5
2026-08-03,3016,嘉晶,6780,-139,201
2026-08-03,3017,奇鋐,4291,-35,66
2026-08-03,3018,隆銘綠能,0,0,0
2026-08-03,3019,亞光,10819,-226,57
2026-08-03,3021,鴻名,543,5,0
2026-08-03,3022,威強電,5752,-34,16
2026-08-03,3023,信邦,1174,-39,13
2026-08-03,3024,憶聲,8833,36,16
2026-08-03,3025,星通,1622,14,0
2026-08-03,3026,禾伸堂,7806,-593,179
2026-08-03,3027,盛達,4599,2,0
2026-08-03,3028,增你強,3073,-53,42
2026-08-03,3029,零壹,3320,186,25
2026-08-03,3030,德律,10469,-73,20
2026-08-03,3031,佰鴻,5360,-22,9
2026-08-03,3032,偉訓,8086,11,9
2026-08-03,3033,威健,8963,-171,0
2026-08-03,3034,聯詠,2406,44,23
2026-08-03,3035,智原,10655,-712,587
2026-08-03,3036,文曄,12908,878,1013
2026-08-03,3037,欣興,40795,176,477
2026-08-03,3038,全台,1327,-7,2
2026-08-03,3040,遠見,10121,-14,9
2026-08-03,3041,揚智,3534,23,36
2026-08-03,3042,晶技,13090,416,145
2026-08-03,3043,科風,856,6,1
2026-08-03,3044,健鼎,6310,74,4
2026-08-03,3045,台灣大,1130,208,0
2026-08-03,3046,建碁,1061,5,4
2026-08-03,3047,訊舟,6553,-19,8
2026-08-03,3048,益登,5139,8,45
2026-08-03,3049,精金,0,0,0
2026-08-03,3050,鈺德,3227,4,5
2026-08-03,3051,力特,4138,36,6
2026-08-03,3052,夆典,1623,42,0
2026-08-03,3054,立萬利,918,-2,0
2026-08-03,3055,蔚華科,5567,-13,139
2026-08-03,3056,富華新,3511,-14,7
2026-08-03,3057,喬鼎,0,0,0
2026-08-03,3058,立德,0,0,0
2026-08-03,3059,華晶科,11168,111,11
2026-08-03,3060,銘異,8776,94,16
2026-08-03,3062,建漢,9700,-126,80
2026-08-03,3090,日電貿,5197,1241,45
2026-08-03,3092,鴻碩,3612,-4,32
2026-08-03,3094,聯傑,2815,122,152
2026-08-03,3130,一零四,7,1,0
2026-08-03,3135,凌航,2440,35,126
2026-08-03,3138,耀登,2024,-10,4
2026-08-03,3149,正達,20986,-416,5288
2026-08-03,3150,鈺寶-創,235,4,0
2026-08-03,3164,景岳,303,0,0
2026-08-03,3167,大量,5942,1,63
2026-08-03,3168,眾福科,39,0,0
2026-08-03,3189,景碩,21171,-289,432
2026-08-03,3209,全科,5588,13,7
2026-08-03,3229,晟鈦,0,0,0
2026-08-03,3231,緯創,52571,-9,1019
2026-08-03,3257,虹冠電,2478,1,41
2026-08-03,3266,昇陽,356,3,0
2026-08-03,3296,勝德,1802,-26,2
2026-08-03,3305,昇貿,6482,-110,77
2026-08-03,3308,聯德,679,3,0
2026-08-03,3311,閎暉,2888,47,6
2026-08-03,3312,弘憶股,4698,0,37
2026-08-03,3321,同泰,0,0,0
2026-08-03,3338,泰碩,3356,-8,7
2026-08-03,3346,麗清,3044,8,9
2026-08-03,3356,奇偶,1733,0,7
2026-08-03,3376,新日興,11314,-64,0
2026-08-03,3380,明泰,5127,-38,14
2026-08-03,3406,玉晶光,2236,-32,45
2026-08-03,3413,京鼎,4119,-14,7
2026-08-03,3416,融程電,961,0,11
2026-08-03,3419,譁裕,1042,0,0
2026-08-03,3432,台端,0,0,0
2026-08-03,3437,榮創,2682,-72,27
2026-08-03,3443,創意,4306,-41,37
2026-08-03,3447,展達,1874,17,23
2026-08-03,3450,聯鈞,14563,-14,188
2026-08-03,3481,群創,331514,-804,4975
2026-08-03,3494,誠研,0,0,0
2026-08-03,3501,維熹,1174,0,0
2026-08-03,3504,揚明光,2926,156,360
2026-08-03,3515,華擎,1595,-1,13
2026-08-03,3518,柏騰,3843,9,38
2026-08-03,3528,安馳,2197,-19,11
2026-08-03,3530,晶相光,1238,-8,0
2026-08-03,3532,台勝科,7766,-18,331
2026-08-03,3533,嘉澤,679,12,0
2026-08-03,3535,晶彩科,3874,32,70
2026-08-03,3543,州巧,4892,-9,132
2026-08-03,3545,敦泰,4344,-83,0
2026-08-03,3550,聯穎,13472,-69,6
2026-08-03,3557,嘉威,379,0,0
2026-08-03,3563,牧德,5360,64,5
2026-08-03,3576,聯合再生,0,0,0
2026-08-03,3583,辛耘,1873,-4,6
2026-08-03,3588,通嘉,1709,-2,4
2026-08-03,3591,艾笛森,27191,77,7
2026-08-03,3592,瑞鼎,899,-4,0
2026-08-03,3593,力銘,0,0,0
2026-08-03,3596,智易,1198,-21,28
2026-08-03,3605,宏致,9088,-54,55
2026-08-03,3607,谷崧,1873,24,0
2026-08-03,3617,碩天,2016,33,6
2026-08-03,3622,洋華,1753,-4,2
2026-08-03,3645,達邁,5388,101,25
2026-08-03,3652,精聯,555,-24,0
2026-08-03,3653,健策,2234,-59,27
2026-08-03,3661,世芯-KY,5853,27,39
2026-08-03,3665,貿聯-KY,2388,100,23
2026-08-03,3669,圓展,1143,9,10
2026-08-03,3673,TPK-KY,14447,96,79
2026-08-03,3679,新至陞,122,2,0
2026-08-03,3686,達能,0,0,0
2026-08-03,3694,海華,6409,-57,18
2026-08-03,3701,大眾控,5647,3,51
2026-08-03,3702,大聯大,6056,-412,172
2026-08-03,3703,欣陸,1420,4,1
2026-08-03,3704,合勤控,6285,29,67
2026-08-03,3705,永信,369,0,0
2026-08-03,3706,神達,30565,-498,162
2026-08-03,3708,上緯投控,2983,4,13
2026-08-03,3711,日月光投控,13315,-171,244
2026-08-03,3712,永崴投控,2591,-6,116
2026-08-03,3714,富采,24797,-91,130
2026-08-03,3715,定穎投控,19400,169,656
2026-08-03,3716,中化控股,498,6,0
2026-08-03,3717,聯嘉投控,10460,174,125
2026-08-03,4104,佳醫,87,6,0
2026-08-03,4106,雃博,661,0,0
2026-08-03,4108,懷特,0,0,0
2026-08-03,4119,旭富,605,1,22
2026-08-03,4133,亞諾法,1288,-21,0
2026-08-03,4137,麗豐-KY,1076,0,0
2026-08-03,4142,國光生,6758,-16,1
2026-08-03,4148,全宇生技-KY,399,0,0
2026-08-03,4155,訊映,918,1,0
2026-08-03,4164,承業醫,6216,-175,31
2026-08-03,4190,佐登-KY,290,0,0
2026-08-03,4306,炎洲,4751,57,10
2026-08-03,4414,如興,733,17,0
2026-08-03,4426,利勤,969,23,0
2026-08-03,4438,廣越,797,3,0
2026-08-03,4439,冠星-KY,248,1,5
2026-08-03,4440,宜新實業,147,0,0
2026-08-03,4441,振大環球,182,12,3
2026-08-03,4526,東台,5580,21,49
2026-08-03,4532,瑞智,2295,4,0
2026-08-03,4536,拓凱,695,82,0
2026-08-03,4540,全球傳動,3352,22,35
2026-08-03,4545,銘鈺,1184,3,0
2026-08-03,4551,智伸科,2200,59,1
2026-08-03,4552,力達-KY,2385,-1,12
2026-08-03,4555,氣立,2243,-29,29
2026-08-03,4557,永新-KY,334,-2,0
2026-08-03,4560,強信-KY,290,1,0
2026-08-03,4562,穎漢,1816,6,40
2026-08-03,4564,元翎,10620,-41,21
2026-08-03,4566,時碩工業,3856,-22,46
2026-08-03,4569,六方科-KY,730,8,0
2026-08-03,4571,鈞興-KY,959,-5,0
2026-08-03,4572,駐龍,324,0,1
2026-08-03,4576,大銀微系統,2192,-19,24
2026-08-03,4581,光隆精密-KY,24,0,0
2026-08-03,4583,台灣精銳,3050,-2,4
2026-08-03,4585,達明,570,-10,56
2026-08-03,4588,玖鼎電力,394,0,1
2026-08-03,4720,德淵,3217,-24,2
2026-08-03,4722,國精化,11043,288,74
2026-08-03,4736,泰博,206,18,1
2026-08-03,4737,華廣,1611,4,0
2026-08-03,4739,康普,8583,56,71
2026-08-03,4746,台耀,2031,-18,0
2026-08-03,4755,三福化,1005,25,1
2026-08-03,4763,材料*-KY,43999,-421,39
2026-08-03,4764,雙鍵,4554,63,309
2026-08-03,4766,南寶,1117,-14,1
2026-08-03,4770,上品,941,11,17
2026-08-03,4771,望隼,578,6,0
2026-08-03,4807,日成-KY,1244,-10,11
2026-08-03,4904,遠傳,489,230,4
2026-08-03,4906,正文,28129,-134,55
2026-08-03,4912,聯德控股-KY,3628,41,1
2026-08-03,4915,致伸,3950,198,46
2026-08-03,4916,事欣科,7459,118,153
2026-08-03,4919,新唐,13280,242,1320
2026-08-03,4927,泰鼎-KY,23094,-79,463
2026-08-03,4930,燦星網,3811,0,0
2026-08-03,4934,太極,0,0,0
2026-08-03,4935,茂林-KY,617,4,4
2026-08-03,4938,和碩,5089,-116,14
2026-08-03,4942,嘉彰,635,1,0
2026-08-03,4943,康控-KY,0,0,0
2026-08-03,4949,有成精密,2757,-16,37
2026-08-03,4952,凌通,1339,-4,5
2026-08-03,4956,光鋐,5065,-79,11
2026-08-03,4958,臻鼎-KY,27777,2070,309
2026-08-03,4960,誠美材,15380,-19,100
2026-08-03,4961,天鈺,1575,2,8
2026-08-03,4967,十銓,8361,210,138
2026-08-03,4968,立積,5261,-21,47
2026-08-03,4976,佳凌,4921,354,422
2026-08-03,4977,眾達-KY,5901,16,33
2026-08-03,4989,榮科,13514,297,1809
2026-08-03,4994,傳奇,2342,9,2
2026-08-03,4999,鑫禾,406,-1,9
2026-08-03,5007,三星,7,0,0
2026-08-03,5203,訊連,1118,3,0
2026-08-03,5215,科嘉-KY,631,-3,0
2026-08-03,5222,全訊,1806,31,9
2026-08-03,5225,東科-KY,1336,7,2
2026-08-03,5234,達興材料,1523,30,7
2026-08-03,5236,凌陽創新,179,-5,4
2026-08-03,5243,乙盛-KY,9103,-16,18
2026-08-03,5244,弘凱,2356,0,2
2026-08-03,5258,虹堡,4021,18,0
2026-08-03,5269,祥碩,2044,-31,488
2026-08-03,5283,禾聯碩,77,-5,0
2026-08-03,5284,jpp-KY,3612,48,17
2026-08-03,5285,界霖,4734,7,54
2026-08-03,5288,豐祥-KY,2555,-5,0
2026-08-03,5292,華懋,855,-7,0
2026-08-03,5306,桂盟,549,0,0
2026-08-03,5388,中磊,5116,15,16
2026-08-03,5434,崇越,957,22,2
2026-08-03,5469,瀚宇博,13805,68,35
2026-08-03,5471,松翰,4248,-26,35
2026-08-03,5484,慧友,0,0,0
2026-08-03,5515,建國,1821,-2,4
2026-08-03,5519,隆大,851,5,58
2026-08-03,5521,工信,13299,-170,22
2026-08-03,5522,遠雄,963,7,0
2026-08-03,5525,順天,319,1,0
2026-08-03,5531,鄉林,3676,0,11
2026-08-03,5533,皇鼎,481,2,0
2026-08-03,5534,長虹,3379,47,0
2026-08-03,5538,東明-KY,7,0,0
2026-08-03,5546,永固-KY,22,0,0
2026-08-03,5607,遠雄港,1735,65,0
2026-08-03,5608,四維航,4103,-2,81
2026-08-03,5706,鳳凰,717,-6,20
2026-08-03,5871,中租-KY,3904,-95,4
2026-08-03,5876,上海商銀,659,35,3
2026-08-03,5880,合庫金,2596,166,4
2026-08-03,5906,台南-KY,21,0,0
2026-08-03,5907,大洋-KY,5530,-10,0
2026-08-03,6005,群益證,5154,-373,5
2026-08-03,6024,群益期,344,34,0
2026-08-03,6108,競國,1449,1,13
2026-08-03,6112,邁達特,2936,-11,31
2026-08-03,6115,鎰勝,30,0,0
2026-08-03,6116,彩晶,33198,-397,9545
2026-08-03,6117,迎廣,2330,2,20
2026-08-03,6120,達運,7588,-36,74
2026-08-03,6128,上福,1308,27,0
2026-08-03,6133,金橋,2976,44,0
2026-08-03,6136,富爾特,2590,14,0
2026-08-03,6139,亞翔,7358,-98,55
2026-08-03,6141,柏承,35,0,0
2026-08-03,6142,友勁,0,0,0
2026-08-03,6152,百一,0,0,0
2026-08-03,6153,嘉聯益,13623,-194,61
2026-08-03,6155,鈞寶,2852,169,45
2026-08-03,6164,華興,3883,-39,1
2026-08-03,6165,浪凡,13174,-17,1
2026-08-03,6166,凌華,3297,-123,102
2026-08-03,6168,宏齊,4168,-2,45
2026-08-03,6176,瑞儀,6434,-90,97
2026-08-03,6177,達麗,2572,5,1
2026-08-03,6183,關貿,9,1,0
2026-08-03,6184,大豐電,485,0,0
2026-08-03,6189,豐藝,2352,14,6
2026-08-03,6191,精成科,19384,-327,124
2026-08-03,6192,巨路,741,-4,0
2026-08-03,6196,帆宣,1597,36,14
2026-08-03,6197,佳必琪,5188,-132,55
2026-08-03,6201,亞弘電,45,10,0
2026-08-03,6202,盛群,5323,-96,98
2026-08-03,6205,詮欣,3695,-2,4
2026-08-03,6206,飛捷,2248,392,8
2026-08-03,6209,今國光,12935,52,0
2026-08-03,6213,聯茂,16599,1412,208
2026-08-03,6214,精誠,2349,326,59
2026-08-03,6215,和椿,4962,30,58
2026-08-03,6216,居易,681,-4,9
2026-08-03,6224,聚鼎,1970,38,4
2026-08-03,6225,天瀚,0,0,0
2026-08-03,6226,光鼎,3120,156,329
2026-08-03,6230,尼得科超眾,453,-9,6
2026-08-03,6235,華孚,4488,-11,8
2026-08-03,6239,力成,22812,-344,69
2026-08-03,6243,迅杰,2115,-126,178
2026-08-03,6257,矽格,10180,-88,50
2026-08-03,6269,台郡,8908,15,183
2026-08-03,6271,同欣電,7520,232,32
2026-08-03,6272,驊陞,31,-3,0
2026-08-03,6277,宏正,355,18,0
2026-08-03,6278,台表科,8081,-158,55
2026-08-03,6281,全國電,26,0,0
2026-08-03,6282,康舒,23871,-465,335
2026-08-03,6283,淳安,2294,-2,1
2026-08-03,6285,啟碁,13767,-324,211
2026-08-03,6405,悅城,5343,132,23
2026-08-03,6409,旭隼,941,2,0
2026-08-03,6412,群電,2806,14,2
2026-08-03,6414,樺漢,2011,16,476
2026-08-03,6415,矽力*-KY,4211,117,73
2026-08-03,6416,瑞祺電通,3934,-67,0
2026-08-03,6426,統新,2112,53,8
2026-08-03,6431,光麗-KY,0,0,0
2026-08-03,6438,迅得,3789,-5,15
2026-08-03,6442,光聖,4136,31,42
2026-08-03,6443,元晶,7696,-24,442
2026-08-03,6446,藥華藥,7740,26,46
2026-08-03,6449,鈺邦,2493,126,17
2026-08-03,6451,訊芯-KY,6660,171,681
2026-08-03,6456,GIS-KY,10749,6,121
2026-08-03,6464,台數科,2,0,0
2026-08-03,6472,保瑞,3487,-28,17
2026-08-03,6477,安集,3308,-43,214
2026-08-03,6491,晶碩,523,14,0
2026-08-03,6504,南六,121,0,0
2026-08-03,6505,台塑化,12021,-1474,554
2026-08-03,6515,穎崴,444,21,4
2026-08-03,6525,捷敏-KY,2258,264,25
2026-08-03,6526,達發,1299,-2,1
2026-08-03,6531,愛普*,6126,272,45
2026-08-03,6533,晶心科,1969,-136,44
2026-08-03,6534,正瀚-創,1769,-3,0
2026-08-03,6541,泰福-KY,3866,7,7
2026-08-03,6550,北極星藥業-KY,0,0,0
2026-08-03,6552,易華電,1083,-23,6
2026-08-03,6558,興能高,2696,-6,49
2026-08-03,6573,虹揚-KY,0,0,0
2026-08-03,6579,研揚,1185,19,5
2026-08-03,6581,鋼聯,6,0,0
2026-08-03,6582,申豐,350,-1,0
2026-08-03,6585,鼎基,2170,16,43
2026-08-03,6589,台康生技,2978,-19,2
2026-08-03,6591,動力-KY,1978,-6,16
2026-08-03,6592,和潤企業,673,15,1
2026-08-03,6598,ABC-KY,0,0,0
2026-08-03,6605,帝寶,2322,24,9
2026-08-03,6606,建德工業,563,0,0
2026-08-03,6614,資拓宏宇,68,0,0
2026-08-03,6625,必應,836,8,0
2026-08-03,6641,基士德-KY,102,0,1
2026-08-03,6645,金萬林-創,11,0,0
2026-08-03,6655,科定,0,0,0
2026-08-03,6657,華安,1292,-6,0
2026-08-03,6658,聯策,1439,19,14
2026-08-03,6666,羅麗芬-KY,284,1,0
2026-08-03,6668,中揚光,2867,-34,30
2026-08-03,6669,緯穎,1435,233,23
2026-08-03,6670,復盛應用,403,-27,1
2026-08-03,6671,三能-KY,83,3,0
2026-08-03,6672,騰輝電子-KY,5739,32,15
2026-08-03,6674,鋐寶科技,243,-4,3
2026-08-03,6689,伊雲谷,1274,-8,11
2026-08-03,6691,洋基工程,1481,30,23
2026-08-03,6695,芯鼎,3660,-6,39
2026-08-03,6698,旭暉應材,2015,0,0
2026-08-03,6706,惠特,7524,35,93
2026-08-03,6715,嘉基,6738,-16,17
2026-08-03,6719,力智,3611,-30,6
2026-08-03,6722,輝創,52,7,0
2026-08-03,6742,澤米,1821,18,8
2026-08-03,6743,安普新,523,5,0
2026-08-03,6753,龍德造船,5490,30,88
2026-08-03,6754,匯僑設計,129,-4,0
2026-08-03,6756,威鋒電子,633,-1,0
2026-08-03,6757,台灣虎航,3377,7,6
2026-08-03,6768,志強-KY,1141,-12,16
2026-08-03,6770,力積電,144536,9187,4800
2026-08-03,6771,平和環保-創,92,0,0
2026-08-03,6776,展碁國際,664,-9,0
2026-08-03,6781,AES-KY,2461,-21,0
2026-08-03,6782,視陽,485,3,0
2026-08-03,6789,采鈺,4674,-2,40
2026-08-03,6790,永豐實,585,-2,0
2026-08-03,6792,詠業,272,-1,7
2026-08-03,6794,向榮生技,257,0,0
2026-08-03,6796,晉弘,587,0,1
2026-08-03,6799,來頡,1999,-64,0
2026-08-03,6805,富世達,2559,281,8
2026-08-03,6807,峰源-KY,141,3,0
2026-08-03,6830,汎銓,3663,15,79
2026-08-03,6831,邁科,471,-75,18
2026-08-03,6834,天二科技,2950,15,68
2026-08-03,6835,圓裕,810,12,4
2026-08-03,6838,台新藥,2583,-2,0
2026-08-03,6854,錼創科技-KY創,2370,-232,3
2026-08-03,6861,睿生光電,1685,-3,3
2026-08-03,6862,三集瑞-KY,969,57,8
2026-08-03,6863,永道-KY,1071,10,16
2026-08-03,6869,雲豹能源,2882,16,1
2026-08-03,6873,泓德能源,3488,6,97
2026-08-03,6885,全福生技,2266,-6,20
2026-08-03,6887,寶綠特-KY,907,14,0
2026-08-03,6890,來億-KY,808,6,2
2026-08-03,6901,鑽石投資,6462,169,22
2026-08-03,6902,GOGOLOOK,615,-2,0
2026-08-03,6906,現觀科,490,-2,0
2026-08-03,6909,創控,1395,1,5
2026-08-03,6914,阜爾運通,352,6,0
2026-08-03,6916,華凌,392,0,0
2026-08-03,6918,愛派司,85,1,0
2026-08-03,6919,康霈*,0,0,0
2026-08-03,6923,中台,1740,3,0
2026-08-03,6928,攸泰科技,787,2,14
2026-08-03,6931,青松健康,103,0,0
2026-08-03,6933,AMAX-KY,733,-13,3
2026-08-03,6936,永鴻生技,242,0,0
2026-08-03,6937,天虹,1475,14,4
2026-08-03,6944,兆聯實業,801,15,24
2026-08-03,6949,沛爾生醫-創,5304,-3,3
2026-08-03,6951,青新-創,77,0,0
2026-08-03,6952,大武山,14,1,0
2026-08-03,6957,裕慶-KY,1660,51,47
2026-08-03,6958,日盛台駿,135,-2,0
2026-08-03,6962,奕力-KY,8310,-33,14
2026-08-03,6965,中傑-KY,39,2,0
2026-08-03,6994,富威電力,2998,1,13
2026-08-03,7631,聚賢研發-創,68,1,0
2026-08-03,7705,三商餐飲,88,0,0
2026-08-03,7711,永擎,526,-18,3
2026-08-03,7721,微程式,1144,2,0
2026-08-03,7722,LINEPAY,533,1,0
2026-08-03,7730,暉盛-創,492,3,1
2026-08-03,7732,金興精密,80,0,0
2026-08-03,7736,虎山,66,-5,0
2026-08-03,7740,熙特爾-創,1794,2,0
2026-08-03,7749,意騰-KY,1005,12,0
2026-08-03,7750,新代,478,-110,1
2026-08-03,7765,中華資安,461,0,0
2026-08-03,7769,鴻勁,299,-93,0
2026-08-03,7780,大研生醫*,292,4,0
2026-08-03,7786,東方風能,166,4,0
2026-08-03,7788,松川精密,1569,19,4
2026-08-03,7791,皇家可口,19,0,0
2026-08-03,7795,長廣,314,76,3
2026-08-03,7799,禾榮科,1208,5,4
2026-08-03,8011,台通,3439,32,16
2026-08-03,8016,矽創,1486,-21,3
2026-08-03,8021,尖點,9372,621,83
2026-08-03,8028,昇陽半導體,4913,-64,78
2026-08-03,8033,雷虎,6096,-71,122
2026-08-03,8039,台虹,20503,1442,1174
2026-08-03,8045,達運光電,4954,7,0
2026-08-03,8046,南電,9317,163,327
2026-08-03,8070,長華*,6082,-107,12
2026-08-03,8072,陞泰,1754,-4,0
2026-08-03,8081,致新,1765,15,7
2026-08-03,8101,華冠,0,0,0
2026-08-03,8103,瀚荃,2938,-51,2
2026-08-03,8104,錸寶,3372,-23,4
2026-08-03,8105,凌巨,8284,105,497
2026-08-03,8110,華東,14681,37,260
2026-08-03,8112,至上,17245,163,2195
2026-08-03,8114,振樺電,1579,53,9
2026-08-03,8131,福懋科,4537,-189,63
2026-08-03,8150,南茂,15078,360,164
2026-08-03,8162,微矽電子-創,1599,-10,0
2026-08-03,8163,達方,2355,-30,3
2026-08-03,8201,無敵,0,0,0
2026-08-03,8210,勤誠,2266,52,22
2026-08-03,8213,志超,3715,7,0
2026-08-03,8215,明基材,3187,9,18
2026-08-03,8222,寶一,3370,2,33
2026-08-03,8249,菱光,3788,4,22
2026-08-03,8261,富鼎,6258,30,70
2026-08-03,8271,宇瞻,6407,261,645
2026-08-03,8341,日友,368,3,0
2026-08-03,8367,建新國際,12,0,0
2026-08-03,8374,羅昇,1538,9,1
2026-08-03,8404,百和興業-KY,3769,26,0
2026-08-03,8411,福貞-KY,16,0,0
2026-08-03,8422,可寧衛*,24567,37,88
2026-08-03,8429,金麗-KY,14045,28,28
2026-08-03,8438,昶昕,3269,-14,0
2026-08-03,8442,威宏-KY,745,5,20
2026-08-03,8443,阿瘦,28,0,0
2026-08-03,8454,富邦媒,1457,-11,54
2026-08-03,8462,柏文,1145,46,16
2026-08-03,8463,潤泰材,120,0,0
2026-08-03,8464,億豐,48,1,0
2026-08-03,8466,美吉吉-KY,1286,-1,0
2026-08-03,8467,波力-KY,245,4,0
2026-08-03,8473,山林水,2150,8,21
2026-08-03,8476,台境*,18340,10,260
2026-08-03,8478,東哥遊艇,1039,31,0
2026-08-03,8481,政伸,5,0,0
2026-08-03,8482,商億-KY,160,0,0
2026-08-03,8487,愛爾達-創,36,0,0
2026-08-03,8488,吉源-KY,20,0,0
2026-08-03,8499,鼎炫-KY,576,1,0
2026-08-03,8926,台汽電,6737,35,60
2026-08-03,8940,新天地,91,0,0
2026-08-03,8996,高力,4092,-147,87
2026-08-03,9802,鈺齊-KY,2101,-2,28
2026-08-03,9902,台火,3128,15,1
2026-08-03,9904,寶成,24508,-272,65
2026-08-03,9905,大華,25,0,0
2026-08-03,9906,欣巴巴,425,3,0
2026-08-03,9907,統一實,4202,92,47
2026-08-03,9908,大台北,125,1,0
2026-08-03,9910,豐泰,2240,64,2
2026-08-03,9911,櫻花,382,0,0
2026-08-03,9912,偉聯,0,0,0
2026-08-03,9914,美利達,2656,-12,0
2026-08-03,9917,中保科,56,0,0
2026-08-03,9918,欣天然,93,0,0
2026-08-03,9919,康那香,8244,9,0
2026-08-03,9921,巨大,1931,11,193
2026-08-03,9924,福興,737,1,0
2026-08-03,9925,新保,1,0,0
2026-08-03,9926,新海,12,0,0
2026-08-03,9927,泰銘,56,-6,0
2026-08-03,9928,中視,454,0,0
2026-08-03,9929,秋雨,0,0,0
2026-08-03,9930,中聯資源,20,1,0
2026-08-03,9931,欣高,67,0,0
2026-08-03,9933,中鼎,4066,-18,3
2026-08-03,9934,成霖,5738,-20,4
2026-08-03,9935,慶豐富,1283,21,0
2026-08-03,9937,全國,120,4,0
2026-08-03,9938,百和,3243,13,0
2026-08-03,9939,宏全,1340,-8,1
2026-08-03,9940,信義,1258,-1,0
2026-08-03,9941,裕融,915,13,3
2026-08-03,9942,茂順,24,-2,0
2026-08-03,9943,好樂迪,81,6,0
2026-08-03,9944,新麗,5518,-2,4
2026-08-03,9945,潤泰新,20953,46,81
2026-08-03,9946,三發地產,1142,-3,0
2026-08-03,9955,佳龍,1069,16,36
2026-08-03,9958,世紀鋼,8157,-24,12
2026-08-04,1101,台泥,34389,1161,25
2026-08-04,1102,亞泥,1760,219,7
2026-08-04,1103,嘉泥,4084,1,1
2026-08-04,1104,環泥,1693,16,0
2026-08-04,1108,幸福,418,2,44
2026-08-04,1109,信大,268,0,0
2026-08-04,1110,東泥,2638,12,1
2026-08-04,1201,味全,1414,7,0
2026-08-04,1203,味王,24,0,0
2026-08-04,1210,大成,751,-1,0
2026-08-04,1213,大飲,0,0,0
2026-08-04,1215,卜蜂,436,11,33
2026-08-04,1216,統一,966,-65,2
2026-08-04,1217,愛之味,1581,134,1
2026-08-04,1218,泰山,1773,-52,118
2026-08-04,1219,福壽,219,1,1
2026-08-04,1220,台榮,858,-13,18
2026-08-04,1225,福懋油,6784,-3,8
2026-08-04,1227,佳格,1019,12,5
2026-08-04,1229,聯華,2926,-1,23
2026-08-04,1231,聯華食,254,1,0
2026-08-04,1232,大統益,188,10,0
2026-08-04,1233,天仁,22,0,0
2026-08-04,1234,黑松,16,0,0
2026-08-04,1235,興泰,1157,2,0
2026-08-04,1236,宏亞,185,0,0
2026-08-04,1256,鮮活果汁-KY,252,-1,2
2026-08-04,1301,台塑,21868,-32,132
2026-08-04,1303,南亞,53695,7138,1495
2026-08-04,1304,台聚,10520,11,128
2026-08-04,1305,華夏,6553,-43,73
2026-08-04,1307,三芳,1320,1,0
2026-08-04,1308,亞聚,6011,-4,5
2026-08-04,1309,台達化,7067,-67,109
2026-08-04,1310,台苯,11831,-268,81
2026-08-04,1312,國喬,34357,671,198
2026-08-04,1313,聯成,11960,-135,18
2026-08-04,1314,中石化,74464,-570,136
2026-08-04,1315,達新,13,0,0
2026-08-04,1316,上曜,9758,-29,44
2026-08-04,1319,東陽,6968,-32,22
2026-08-04,1321,大洋,7139,-1,1
2026-08-04,1323,永裕,76,4,0
2026-08-04,1324,地球,1262,0,0
2026-08-04,1325,恆大,2306,17,74
2026-08-04,1326,台化,33094,727,500
2026-08-04,1337,再生-KY,21405,-5,0
2026-08-04,1338,廣華-KY,3885,1,0
2026-08-04,1339,昭輝,883,0,0
2026-08-04,1340,勝悅-KY,1034,11,0
2026-08-04,1342,八貫,575,-46,3
2026-08-04,1402,遠東新,6564,-39,41
2026-08-04,1409,新纖,22568,29,103
2026-08-04,1410,南染,241,0,0
2026-08-04,1413,宏洲,0,0,0
2026-08-04,1414,東和,1283,190,0
2026-08-04,1416,廣豐,3268,8,0
2026-08-04,1417,嘉裕,1995,2,0
2026-08-04,1418,東華,777,0,0
2026-08-04,1419,新紡,1263,11,0
2026-08-04,1423,利華,87,0,0
2026-08-04,1432,大魯閣,134,0,38
2026-08-04,1434,福懋,7063,-96,5
2026-08-04,1435,中福,0,0,0
2026-08-04,1436,華友聯,978,-2,33
2026-08-04,1437,勤益控,2997,28,0
2026-08-04,1438,三地開發,145,0,0
2026-08-04,1439,雋揚,1037,2,0
2026-08-04,1440,南紡,5286,18,3
2026-08-04,1441,大東,0,0,0
2026-08-04,1442,名軒,2742,9,10
2026-08-04,1443,立益物流,8,0,0
2026-08-04,1444,力麗,568,0,0
2026-08-04,1445,大宇,1355,0,1
2026-08-04,1446,宏和,1455,-9,1
2026-08-04,1447,力鵬,777,-16,0
2026-08-04,1449,佳和,3154,-39,5
2026-08-04,1451,年興,571,1,0
2026-08-04,1452,宏益,109,0,0
2026-08-04,1453,大將,1030,1,4
2026-08-04,1454,台富,2173,0,0
2026-08-04,1455,集盛,3026,-47,0
2026-08-04,1456,怡華,776,22,0
2026-08-04,1457,宜進,663,0,1
2026-08-04,1459,聯發,375,1,0
2026-08-04,1460,宏遠,0,0,0
2026-08-04,1463,強盛新,430,60,0
2026-08-04,1464,得力,1985,-25,0
2026-08-04,1465,偉全,3249,-5,0
2026-08-04,1466,聚隆,3250,-100,7
2026-08-04,1467,南緯,6424,-14,16
2026-08-04,1468,昶和,0,0,0
2026-08-04,1470,大統新創,5,0,0
2026-08-04,1471,首利,0,0,0
2026-08-04,1472,三洋實業,3882,0,3
2026-08-04,1473,台南,769,-2,1
2026-08-04,1474,弘裕,3338,-22,0
2026-08-04,1475,業旺,464,0,0
2026-08-04,1476,儒鴻,729,-21,16
2026-08-04,1477,聚陽,1404,-37,1
2026-08-04,1503,士電,2832,29,31
2026-08-04,1504,東元,27974,30,82
2026-08-04,1506,正道,0,0,0
2026-08-04,1512,瑞利,0,0,0
2026-08-04,1513,中興電,7484,-67,33
2026-08-04,1514,亞力,6084,-1,22
2026-08-04,1515,力山,2089,9,13
2026-08-04,1516,川飛,2,0,0
2026-08-04,1517,利奇,2331,51,3
2026-08-04,1519,華城,2914,25,0
2026-08-04,1521,大億,449,1,0
2026-08-04,1522,堤維西,3931,-4,2
2026-08-04,1524,耿鼎,3776,-11,17
2026-08-04,1525,江申,243,0,0
2026-08-04,1526,日馳,834,-43,36
2026-08-04,1527,鑽全,552,0,0
2026-08-04,1528,恩德,5750,19,41
2026-08-04,1529,樂事綠能,2724,21,688
2026-08-04,1530,亞崴,262,-1,0
2026-08-04,1531,高林股,1705,2,4
2026-08-04,1532,勤美,2967,-1,0
2026-08-04,1533,車王電,518,-2,2
2026-08-04,1535,中宇,59,0,0
2026-08-04,1536,和大,7554,-63,158
2026-08-04,1537,廣隆,55,0,0
2026-08-04,1538,正峰,0,0,0
2026-08-04,1539,巨庭,1298,3,0
2026-08-04,1540,喬福,1510,-1,0
2026-08-04,1541,錩泰,108,4,0
2026-08-04,1558,伸興,254,-1,0
2026-08-04,1560,中砂,1763,69,73
2026-08-04,1563,巧新,6272,82,3
2026-08-04,1568,倉佑,2115,22,2
2026-08-04,1582,信錦,3596,-87,46
2026-08-04,1583,程泰,65,1,0
2026-08-04,1587,吉茂,1636,4,25
2026-08-04,1589,永冠-KY,655,-11,0
2026-08-04,1590,亞德客-KY,161,25,0
2026-08-04,1597,直得,2416,47,44
2026-08-04,1598,岱宇,2018,21,0
2026-08-04,1603,華電,1805,30,5
2026-08-04,1604,聲寶,210,4,0
2026-08-04,1605,華新,49409,-448,564
2026-08-04,1608,華榮,7792,24,43
2026-08-04,1609,大亞,12383,277,12
2026-08-04,1611,中電,3174,-8,1
2026-08-04,1612,宏泰,1890,19,55
2026-08-04,1614,三洋電,323,-13,0
2026-08-04,1615,大山,158,0,0
2026-08-04,1616,億泰,2760,1,0
2026-08-04,1617,榮星,1822,296,2
2026-08-04,1618,合機,3327,-5,14
2026-08-04,1623,大東電,17,8,0
2026-08-04,1626,艾美特-KY,1628,-5,0
2026-08-04,1702,南僑,296,0,0
2026-08-04,1707,葡萄王,327,10,20
2026-08-04,1708,東鹼,6351,-167,70
2026-08-04,1709,和益,16474,1087,8
2026-08-04,1710,東聯,12088,310,40
2026-08-04,1711,永光,13629,-12,113
2026-08-04,1712,興農,453,5,0
2026-08-04,1713,國化,3035,44,0
2026-08-04,1714,和桐,13468,337,58
2026-08-04,1717,長興,17068,-397,239
2026-08-04,1718,中纖,18941,790,144
2026-08-04,1720,生達,317,-1,0
2026-08-04,1721,三晃,126,0,0
2026-08-04,1722,台肥,2902,189,3
2026-08-04,1723,中碳,602,-11,0
2026-08-04,1725,元禎,271,-1,0
2026-08-04,1726,永記,25,0,0
2026-08-04,1727,中華化,5914,-6,61
2026-08-04,1730,花仙子,5,0,0
2026-08-04,1731,美吾華,316,0,0
2026-08-04,1732,毛寶,828,7,29
2026-08-04,1733,五鼎,2499,2,6
2026-08-04,1734,杏輝,325,-3,0
2026-08-04,1735,日勝化,673,-3,0
2026-08-04,1736,喬山,1904,45,9
2026-08-04,1737,臺鹽,22,2,0
2026-08-04,1752,南光,324,0,0
2026-08-04,1760,寶齡富錦,1017,9,0
2026-08-04,1762,中化生,707,-2,1
2026-08-04,1773,勝一,1071,14,2
2026-08-04,1776,展宇,777,-15,1
2026-08-04,1783,和康生,592,0,0
2026-08-04,1786,科妍,4949,-8,11
2026-08-04,1789,神隆,3241,-2,0
2026-08-04,1795,美時,8944,-11,28
2026-08-04,1802,台玻,35586,-12,788
2026-08-04,1805,寶徠,1486,3,0
2026-08-04,1806,冠軍,2925,4,0
2026-08-04,1808,潤隆,5775,82,8
2026-08-04,1809,中釉,5575,103,60
2026-08-04,1810,和成,20494,66,177
2026-08-04,1817,凱撒衛,16,0,0
2026-08-04,1903,士紙,2461,9,0
2026-08-04,1904,正隆,4604,-39,0
2026-08-04,1905,華紙,12373,230,62
2026-08-04,1906,寶隆,7272,2,0
2026-08-04,1907,永豐餘,24120,-15,6
2026-08-04,1909,榮成,9201,-51,35
2026-08-04,2002,中鋼,40004,293,729
2026-08-04,2006,東和鋼鐵,984,22,9
2026-08-04,2007,燁興,5,0,0
2026-08-04,2008,高興昌,121,0,0
2026-08-04,2009,第一銅,6507,79,31
2026-08-04,2010,春源,2036,93,0
2026-08-04,2012,春雨,188,1,0
2026-08-04,2013,中鋼構,1409,2,0
2026-08-04,2014,中鴻,1117,-11,0
2026-08-04,2015,豐興,45,3,0
2026-08-04,2017,官田鋼,8167,49,1
2026-08-04,2020,美亞,687,2,0
2026-08-04,2022,聚亨,2080,68,0
2026-08-04,2023,燁輝,2672,35,45
2026-08-04,2024,志聯,75,1,0
2026-08-04,2025,千興,0,0,0
2026-08-04,2027,大成鋼,24848,11,458
2026-08-04,2028,威致,1203,10,0
2026-08-04,2029,盛餘,429,5,0
2026-08-04,2030,彰源,4468,41,1
2026-08-04,2031,新光鋼,1267,-4,4
2026-08-04,2032,新鋼,2771,41,0
2026-08-04,2033,佳大,2744,-2,0
2026-08-04,2034,允強,3540,-34,3
2026-08-04,2038,海光,3497,-10,22
2026-08-04,2049,上銀,3020,28,112
2026-08-04,2059,川湖,410,45,34
2026-08-04,2062,橋椿,1293,-8,1
2026-08-04,2069,運錩,394,-8,0
2026-08-04,2101,南港,20900,44,2
2026-08-04,2102,泰豐,3500,-120,4
2026-08-04,2103,台橡,13874,267,123
2026-08-04,2104,國際中橡,19113,16,105
2026-08-04,2105,正新,9078,145,60
2026-08-04,2106,建大,2710,-92,2
2026-08-04,2107,厚生,96,-2,0
2026-08-04,2108,南帝,2748,17,32
2026-08-04,2109,華豐,681,1,0
2026-08-04,2114,鑫永銓,6,0,0
2026-08-04,2115,六暉-KY,510,0,3
2026-08-04,2201,裕隆,9604,44,7
2026-08-04,2204,中華,1297,54,6
2026-08-04,2206,三陽工業,4033,108,3
2026-08-04,2207,和泰車,56,-4,0
2026-08-04,2208,台船,0,0,0
2026-08-04,2211,長榮鋼,490,22,0
2026-08-04,2228,劍麟,1559,2,6
2026-08-04,2231,為升,2564,31,191
2026-08-04,2233,宇隆,4716,53,1
2026-08-04,2236,百達-KY,11807,127,6
2026-08-04,2239,英利-KY,1588,-22,0
2026-08-04,2241,艾姆勒,7699,480,7
2026-08-04,2243,宏旭-KY,1307,-3,5
2026-08-04,2247,汎德永業,156,15,1
2026-08-04,2248,華勝-KY,537,-8,0
2026-08-04,2250,IKKA-KY,1203,2,14
2026-08-04,2254,巨鎧精密-創,2515,-5,0
2026-08-04,2301,光寶科,14353,-4134,831
2026-08-04,2302,麗正,3761,-132,232
2026-08-04,2303,聯電,158344,-2826,1362
2026-08-04,2305,全友,7207,-256,324
2026-08-04,2308,台達電,8930,119,34
2026-08-04,2312,金寶,43285,-497,455
2026-08-04,2313,華通,31232,146,1306
2026-08-04,2314,台揚,0,0,0
2026-08-04,2316,楠梓電,3402,2,72
2026-08-04,2317,鴻海,50624,74,308
2026-08-04,2321,東訊,0,0,0
2026-08-04,2323,中環,28741,-118,65
2026-08-04,2324,仁寶,52494,-458,905
2026-08-04,2327,國巨*,32780,644,647
2026-08-04,2328,廣宇,16155,30,71
2026-08-04,2329,華泰,13866,-135,293
2026-08-04,2330,台積電,30765,762,47
2026-08-04,2331,精英,9747,-60,22
2026-08-04,2332,友訊,29074,-58,1037
2026-08-04,2337,旺宏,94350,4469,5181
2026-08-04,2338,光罩,5064,-121,103
2026-08-04,2340,台亞,7538,-163,60
2026-08-04,2342,茂矽,3492,-61,43
2026-08-04,2344,華邦電,123992,1916,5655
2026-08-04,2345,智邦,1299,-19,9
2026-08-04,2347,聯強,755,53,7
2026-08-04,2348,海悅,2999,-14,8
2026-08-04,2349,錸德,0,0,0
2026-08-04,2351,順德,10551,329,71
2026-08-04,2352,佳世達,14777,-222,11
2026-08-04,2353,宏碁,39602,27,2373
2026-08-04,2354,鴻準,24633,17,62
2026-08-04,2355,敬鵬,8953,-116,50
2026-08-04,2356,英業達,28248,158,653
2026-08-04,2357,華碩,1914,-58,54
2026-08-04,2359,所羅門,5521,-67,193
2026-08-04,2360,致茂,1483,89,16
2026-08-04,2362,藍天,2230,70,6
2026-08-04,2363,矽統,16663,-84,170
2026-08-04,2364,倫飛,711,9,1
2026-08-04,2365,昆盈,7767,82,25
2026-08-04,2367,燿華,24131,-37,193
2026-08-04,2368,金像電,4832,332,368
2026-08-04,2369,菱生,12728,-288,177
2026-08-04,2371,大同,46384,-426,330
2026-08-04,2373,震旦行,45,0,0
2026-08-04,2374,佳能,16009,-90,31
2026-08-04,2375,凱美,5217,-257,0
2026-08-04,2376,技嘉,6228,-137,50
2026-08-04,2377,微星,13101,-665,318
2026-08-04,2379,瑞昱,2499,-66,83
2026-08-04,2380,虹光,0,0,0
2026-08-04,2382,廣達,15963,290,205
2026-08-04,2383,台光電,2107,-88,19
2026-08-04,2385,群光,3137,101,69
2026-08-04,2387,精元,1235,-10,1
2026-08-04,2388,威盛,10601,-53,355
2026-08-04,2390,云辰,1888,32,0
2026-08-04,2392,正崴,4593,-27,4
2026-08-04,2393,億光,2457,97,52
2026-08-04,2395,研華,1962,-14,34
2026-08-04,2397,友通,1565,-14,4
2026-08-04,2399,映泰,10618,209,208
2026-08-04,2401,凌陽,7861,-199,127
2026-08-04,2402,毅嘉,11718,-102,15
2026-08-04,2404,漢唐,2312,123,8
2026-08-04,2405,輔信,7676,38,39
2026-08-04,2406,國碩,13069,-73,385
2026-08-04,2408,南亞科,90626,1358,4498
2026-08-04,2409,友達,206011,-2481,6654
2026-08-04,2412,中華電,4032,-177,67
2026-08-04,2413,環科,4240,-10,11
2026-08-04,2414,精技,491,-11,0
2026-08-04,2415,錩新,2451,8,0
2026-08-04,2417,圓剛,3086,7,5
2026-08-04,2419,仲琦,5858,-30,4
2026-08-04,2420,新巨,860,-6,8
2026-08-04,2421,建準,4845,-130,33
2026-08-04,2423,固緯,616,5,8
2026-08-04,2424,隴華,0,0,0
2026-08-04,2425,承啟,5668,707,132
2026-08-04,2426,鼎元,14340,799,258
2026-08-04,2427,三商電,5363,-26,0
2026-08-04,2428,興勤,2003,11,16
2026-08-04,2429,銘旺科,582,-40,0
2026-08-04,2430,燦坤,97,0,6
2026-08-04,2431,聯昌,1526,-5,0
2026-08-04,2432,倚天酷碁-創,350,0,0
2026-08-04,2433,互盛電,24,0,0
2026-08-04,2434,統懋,292,-26,34
2026-08-04,2436,偉詮電,5665,-46,629
2026-08-04,2438,翔耀,0,0,0
2026-08-04,2439,美律,3693,-14,143
2026-08-04,2440,太空梭,1609,-12,1
2026-08-04,2441,超豐,8829,-149,105
2026-08-04,2442,新美齊,4074,75,0
2026-08-04,2444,兆勁,0,0,0
2026-08-04,2449,京元電子,18378,-378,99
2026-08-04,2450,神腦,77,0,0
2026-08-04,2451,創見,7007,136,505
2026-08-04,2453,凌群,2360,-3,1
2026-08-04,2454,聯發科,9916,39,32
2026-08-04,2455,全新,9648,183,488
2026-08-04,2457,飛宏,12204,-30,71
2026-08-04,2458,義隆,3395,71,23
2026-08-04,2459,敦吉,93,3,0
2026-08-04,2460,建通,293,0,0
2026-08-04,2461,光群雷,8356,-104,2
2026-08-04,2462,良得電,2292,2,16
2026-08-04,2464,盟立,16131,2395,851
2026-08-04,2465,麗臺,3378,-24,9
2026-08-04,2466,冠西電,6061,9,231
2026-08-04,2467,志聖,1750,-49,51
2026-08-04,2468,華經,3176,14,12
2026-08-04,2471,資通,1278,-2,2
2026-08-04,2472,立隆電,4512,-133,42
2026-08-04,2474,可成,8549,161,12
2026-08-04,2476,鉅祥,41031,108,57
2026-08-04,2477,美隆電,1145,-4,27
2026-08-04,2478,大毅,7908,726,49
2026-08-04,2480,敦陽科,429,0,2
2026-08-04,2481,強茂,12648,921,557
2026-08-04,2482,連宇,1791,-3,0
2026-08-04,2483,百容,1502,-14,8
2026-08-04,2484,希華,14740,927,343
2026-08-04,2485,兆赫,10628,-5,300
2026-08-04,2486,一詮,21206,-382,527
2026-08-04,2488,漢平,524,4,0
2026-08-04,2489,瑞軒,26698,846,213
2026-08-04,2491,吉祥全,1680,-86,1
2026-08-04,2492,華新科,11870,3944,159
2026-08-04,2493,揚博,9294,844,49
2026-08-04,2495,普安,8053,-195,25
2026-08-04,2496,卓越,35,0,0
2026-08-04,2497,怡利電,1768,-70,5
2026-08-04,2498,宏達電,28428,107,676
2026-08-04,2501,國建,4582,84,0
2026-08-04,2504,國產,4646,111,8
2026-08-04,2505,國揚,3190,-30,0
2026-08-04,2506,太設,1837,0,0
2026-08-04,2509,全坤建,543,-4,1
2026-08-04,2511,太子,2637,-20,1
2026-08-04,2514,龍邦,18132,18,1
2026-08-04,2515,中工,29479,332,50
2026-08-04,2516,新建,0,0,0
2026-08-04,2520,冠德,2228,-7,0
2026-08-04,2524,京城,3177,1,0
2026-08-04,2527,宏璟,5687,358,8
2026-08-04,2528,皇普,6389,15,0
2026-08-04,2530,華建,6891,93,16
2026-08-04,2534,宏盛,11962,17,3
2026-08-04,2535,達欣工,357,25,5
2026-08-04,2536,宏普,4811,-154,0
2026-08-04,2537,聯上發,3655,16,3
2026-08-04,2538,基泰,2314,40,0
2026-08-04,2539,櫻花建,2268,91,10
2026-08-04,2540,愛山林,2990,95,0
2026-08-04,2542,興富發,5129,30,211
2026-08-04,2543,皇昌,9233,15,15
2026-08-04,2545,皇翔,2757,0,10
2026-08-04,2546,根基,88,-8,0
2026-08-04,2547,日勝生,10073,26,0
2026-08-04,2548,華固,1997,38,4
2026-08-04,2597,潤弘,172,2,0
2026-08-04,2601,益航,405,0,0
2026-08-04,2603,長榮,15068,133,247
2026-08-04,2605,新興,12646,52,14
2026-08-04,2606,裕民,2755,-11,3
2026-08-04,2607,榮運,814,11,1
2026-08-04,2608,嘉里大榮,1130,4,4
2026-08-04,2609,陽明,31519,13,314
2026-08-04,2610,華航,45515,1021,511
2026-08-04,2611,志信,2091,30,1
2026-08-04,2612,中航,1663,-14,2
2026-08-04,2613,中櫃,2117,-2,12
2026-08-04,2614,東森,5244,-50,2
2026-08-04,2615,萬海,15149,205,121
2026-08-04,2616,山隆,426,-1,0
2026-08-04,2617,台航,2130,7,0
2026-08-04,2618,長榮航,39024,6933,577
2026-08-04,2630,亞航,5224,49,63
2026-08-04,2633,台灣高鐵,1820,115,31
2026-08-04,2634,漢翔,24012,-2240,368
2026-08-04,2636,台驊控股,609,-1,1
2026-08-04,2637,慧洋-KY,2287,-8,38
2026-08-04,2642,宅配通,600,0,0
2026-08-04,2645,長榮航太,2949,105,7
2026-08-04,2646,星宇航空,3862,110,25
2026-08-04,2701,萬企,379,2,0
2026-08-04,2702,華園,428,0,0
2026-08-04,2704,國賓,111,4,0
2026-08-04,2705,六福,551,0,0
2026-08-04,2706,第一店,647,3,0
2026-08-04,2707,晶華,181,8,0
2026-08-04,2712,遠雄來,7,0,0
2026-08-04,2722,夏都,381,1,0
2026-08-04,2723,美食-KY,1658,-27,0
2026-08-04,2727,王品,332,2,3
2026-08-04,2731,雄獅,910,12,6
2026-08-04,2739,寒舍,882,6,0
2026-08-04,2748,雲品,516,2,0
2026-08-04,2753,八方雲集,515,-25,2
2026-08-04,2762,世界健身-KY,204,0,0
2026-08-04,2801,彰銀,8144,700,0
2026-08-04,2812,台中銀,3091,12,20
2026-08-04,2816,旺旺保,598,-1,0
2026-08-04,2820,華票,489,-33,1
2026-08-04,2832,台產,551,-2,0
2026-08-04,2834,臺企銀,24572,-482,32
2026-08-04,2836,高雄銀,6670,117,2
2026-08-04,2838,聯邦銀,852,48,1
2026-08-04,2845,遠東銀,3868,19,26
2026-08-04,2849,安泰銀,264,-6,0
2026-08-04,2850,新產,375,23,0
2026-08-04,2851,中再保,928,10,0
2026-08-04,2852,第一保,1397,22,0
2026-08-04,2855,統一證,6056,-99,135
2026-08-04,2867,三商壽,1865,-821,50
2026-08-04,2880,華南金,615,-19,21
2026-08-04,2881,富邦金,7031,15,217
2026-08-04,2882,國泰金,4624,-220,351
2026-08-04,2883,凱基金,11146,-922,469
2026-08-04,2884,玉山金,4934,-184,563
2026-08-04,2885,元大金,2170,134,21
2026-08-04,2886,兆豐金,1315,11,73
2026-08-04,2887,台新新光金,39736,-382,314
2026-08-04,2889,國票金,2832,123,17
2026-08-04,2890,永豐金,2555,61,51
2026-08-04,2891,中信金,3767,-65,30
2026-08-04,2892,第一金,1910,231,13
2026-08-04,2897,王道銀行,1754,199,5
2026-08-04,2901,欣欣,473,0,0
2026-08-04,2903,遠百,1490,13,0
2026-08-04,2904,匯僑,32,0,0
2026-08-04,2905,三商,7541,-188,2
2026-08-04,2906,高林,635,-14,0
2026-08-04,2908,特力,14017,60,0
2026-08-04,2910,統領,50,3,0
2026-08-04,2911,麗嬰房,181,10,0
2026-08-04,2912,統一超,566,-13,0
2026-08-04,2913,農林,6821,161,24
2026-08-04,2915,潤泰全,8610,30,9
2026-08-04,2929,淘帝-KY,2074,18,0
2026-08-04,2939,永邑-KY,250,1,0
2026-08-04,3002,歐格,1848,3,13
2026-08-04,3003,健和興,3215,1,0
2026-08-04,3004,豐達科,1886,82,9
2026-08-04,3005,神基,8721,18,48
2026-08-04,3006,晶豪科,16712,-771,398
2026-08-04,3008,大立光,2112,95,26
2026-08-04,3010,華立,1191,10,16
2026-08-04,3011,今皓,2941,-3,61
2026-08-04,3013,晟銘電,8552,6,55
2026-08-04,3014,聯陽,2228,-10,61
2026-08-04,3015,全漢,2494,-57,3
2026-08-04,3016,嘉晶,7094,314,136
2026-08-04,3017,奇鋐,4194,-97,65
2026-08-04,3018,隆銘綠能,0,0,0
2026-08-04,3019,亞光,10873,54,57
2026-08-04,3021,鴻名,568,25,0
2026-08-04,3022,威強電,5651,-101,10
2026-08-04,3023,信邦,1177,3,0
2026-08-04,3024,憶聲,8855,22,16
2026-08-04,3025,星通,1623,1,0
2026-08-04,3026,禾伸堂,7382,-424,124
2026-08-04,3027,盛達,4591,-8,0
2026-08-04,3028,增你強,3036,-37,31
2026-08-04,3029,零壹,3280,-40,26
2026-08-04,3030,德律,10378,-91,15
2026-08-04,3031,佰鴻,5340,-20,5
2026-08-04,3032,偉訓,8066,-20,9
2026-08-04,3033,威健,9071,108,0
2026-08-04,3034,聯詠,2407,1,24
2026-08-04,3035,智原,10450,-205,331
2026-08-04,3036,文曄,13517,609,1200
2026-08-04,3037,欣興,40728,-67,475
2026-08-04,3038,全台,1359,32,2
2026-08-04,3040,遠見,10122,1,8
2026-08-04,3041,揚智,3498,-36,42
2026-08-04,3042,晶技,16866,3776,258
2026-08-04,3043,科風,852,-4,0
2026-08-04,3044,健鼎,6307,-3,4
2026-08-04,3045,台灣大,1273,143,0
2026-08-04,3046,建碁,1066,5,9
2026-08-04,3047,訊舟,6515,-38,7
2026-08-04,3048,益登,5957,818,83
2026-08-04,3049,精金,0,0,0
2026-08-04,3050,鈺德,3226,-1,5
2026-08-04,3051,力特,4085,-53,6
2026-08-04,3052,夆典,1670,47,0
2026-08-04,3054,立萬利,918,0,0
2026-08-04,3055,蔚華科,5515,-52,128
2026-08-04,3056,富華新,3546,35,0
2026-08-04,3057,喬鼎,0,0,0
2026-08-04,3058,立德,0,0,0
2026-08-04,3059,華晶科,11117,-51,12
2026-08-04,3060,銘異,8710,-66,16
2026-08-04,3062,建漢,9643,-57,73
2026-08-04,3090,日電貿,5348,151,56
2026-08-04,3092,鴻碩,3606,-6,32
2026-08-04,3094,聯傑,2774,-41,146
2026-08-04,3130,一零四,11,4,0
2026-08-04,3135,凌航,2539,99,143
2026-08-04,3138,耀登,2043,19,4
2026-08-04,3149,正達,21042,56,6794
2026-08-04,3150,鈺寶-創,244,9,0
2026-08-04,3164,景岳,305,2,0
2026-08-04,3167,大量,5938,-4,15
2026-08-04,3168,眾福科,38,-1,0
2026-08-04,3189,景碩,21603,432,580
2026-08-04,3209,全科,5570,-18,6
2026-08-04,3229,晟鈦,0,0,0
2026-08-04,3231,緯創,54517,1946,1252
2026-08-04,3257,虹冠電,2472,-6,41
2026-08-04,3266,昇陽,360,4,0
2026-08-04,3296,勝德,1798,-4,2
2026-08-04,3305,昇貿,6460,-22,41
2026-08-04,3308,聯德,678,-1,0
2026-08-04,3311,閎暉,2899,11,6
2026-08-04,3312,弘憶股,5022,324,45
2026-08-04,3321,同泰,0,0,0
2026-08-04,3338,泰碩,3350,-6,14
2026-08-04,3346,麗清,3041,-3,9
2026-08-04,3356,奇偶,1770,37,7
2026-08-04,3376,新日興,11329,15,0
2026-08-04,3380,明泰,5182,55,12
2026-08-04,3406,玉晶光,2412,176,47
2026-08-04,3413,京鼎,4017,-102,7
2026-08-04,3416,融程電,927,-34,17
2026-08-04,3419,譁裕,1042,0,0
2026-08-04,3432,台端,0,0,0
2026-08-04,3437,榮創,2702,20,27
2026-08-04,3443,創意,4284,-22,25
2026-08-04,3447,展達,1871,-3,24
2026-08-04,3450,聯鈞,15042,479,237
2026-08-04,3481,群創,333011,1497,5153
2026-08-04,3494,誠研,0,0,0
2026-08-04,3501,維熹,1174,0,0
2026-08-04,3504,揚明光,2958,32,319
2026-08-04,3515,華擎,1611,16,13
2026-08-04,3518,柏騰,3861,18,35
2026-08-04,3528,安馳,2159,-38,11
2026-08-04,3530,晶相光,1238,0,0
2026-08-04,3532,台勝科,7732,-34,319
2026-08-04,3533,嘉澤,699,20,0
2026-08-04,3535,晶彩科,3853,-21,52
2026-08-04,3543,州巧,5058,166,121
2026-08-04,3545,敦泰,4334,-10,14
2026-08-04,3550,聯穎,13413,-59,13
2026-08-04,3557,嘉威,373,-6,10
2026-08-04,3563,牧德,5326,-34,4
2026-08-04,3576,聯合再生,0,0,0
2026-08-04,3583,辛耘,1882,9,6
2026-08-04,3588,通嘉,1728,19,0
2026-08-04,3591,艾笛森,27196,5,22
2026-08-04,3592,瑞鼎,892,-7,0
2026-08-04,3593,力銘,0,0,0
2026-08-04,3596,智易,1178,-20,27
2026-08-04,3605,宏致,10499,1411,54
2026-08-04,3607,谷崧,1886,13,0
2026-08-04,3617,碩天,2002,-14,7
2026-08-04,3622,洋華,1764,11,2
2026-08-04,3645,達邁,5402,14,29
2026-08-04,3652,精聯,556,1,0
2026-08-04,3653,健策,2173,-61,45
2026-08-04,3661,世芯-KY,5976,123,42
2026-08-04,3665,貿聯-KY,2129,-259,75
2026-08-04,3669,圓展,1038,-105,8
2026-08-04,3673,TPK-KY,14317,-130,102
2026-08-04,3679,新至陞,124,2,0
2026-08-04,3686,達能,0,0,0
2026-08-04,3694,海華,6497,88,28
2026-08-04,3701,大眾控,5629,-18,56
2026-08-04,3702,大聯大,6111,55,184
2026-08-04,3703,欣陸,1462,42,6
2026-08-04,3704,合勤控,6248,-37,68
2026-08-04,3705,永信,370,1,0
2026-08-04,3706,神達,29731,-834,166
2026-08-04,3708,上緯投控,2971,-12,29
2026-08-04,3711,日月光投控,14454,1139,165
2026-08-04,3712,永崴投控,2581,-10,118
2026-08-04,3714,富采,24534,-263,142
2026-08-04,3715,定穎投控,19107,-293,467
2026-08-04,3716,中化控股,487,-11,0
2026-08-04,3717,聯嘉投控,10774,314,125
2026-08-04,4104,佳醫,88,1,0
2026-08-04,4106,雃博,663,2,0
2026-08-04,4108,懷特,0,0,0
2026-08-04,4119,旭富,608,3,22
2026-08-04,4133,亞諾法,1270,-18,0
2026-08-04,4137,麗豐-KY,1075,-1,0
2026-08-04,4142,國光生,6721,-37,8
2026-08-04,4148,全宇生技-KY,399,0,0
2026-08-04,4155,訊映,923,5,0
2026-08-04,4164,承業醫,6218,2,22
2026-08-04,4190,佐登-KY,282,-8,0
2026-08-04,4306,炎洲,4770,19,10
2026-08-04,4414,如興,721,-12,0
2026-08-04,4426,利勤,986,17,0
2026-08-04,4438,廣越,799,2,0
2026-08-04,4439,冠星-KY,249,1,5
2026-08-04,4440,宜新實業,147,0,0
2026-08-04,4441,振大環球,192,10,3
2026-08-04,4526,東台,5513,-67,81
2026-08-04,4532,瑞智,2303,8,0
2026-08-04,4536,拓凱,701,6,0
2026-08-04,4540,全球傳動,3292,-60,61
2026-08-04,4545,銘鈺,1184,0,0
2026-08-04,4551,智伸科,2230,30,1
2026-08-04,4552,力達-KY,2379,-6,12
2026-08-04,4555,氣立,2212,-31,29
2026-08-04,4557,永新-KY,337,3,0
2026-08-04,4560,強信-KY,290,0,0
2026-08-04,4562,穎漢,1805,-11,44
2026-08-04,4564,元翎,10507,-113,11
2026-08-04,4566,時碩工業,3864,8,49
2026-08-04,4569,六方科-KY,738,8,0
2026-08-04,4571,鈞興-KY,958,-1,0
2026-08-04,4572,駐龍,325,1,1
2026-08-04,4576,大銀微系統,2133,-59,19
2026-08-04,4581,光隆精密-KY,24,0,0
2026-08-04,4583,台灣精銳,3048,-2,3
2026-08-04,4585,達明,567,-3,56
2026-08-04,4588,玖鼎電力,395,1,1
2026-08-04,4720,德淵,3220,3,2
2026-08-04,4722,國精化,11508,465,78
2026-08-04,4736,泰博,214,8,1
2026-08-04,4737,華廣,1615,4,0
2026-08-04,4739,康普,8675,92,78
2026-08-04,4746,台耀,2027,-4,9
2026-08-04,4755,三福化,1002,-3,1
2026-08-04,4763,材料*-KY,44313,314,27
2026-08-04,4764,雙鍵,4553,-1,295
2026-08-04,4766,南寶,1118,1,1
2026-08-04,4770,上品,945,4,17
2026-08-04,4771,望隼,580,2,0
2026-08-04,4807,日成-KY,1210,-34,11
2026-08-04,4904,遠傳,778,289,4
2026-08-04,4906,正文,28014,-115,61
2026-08-04,4912,聯德控股-KY,3630,2,3
2026-08-04,4915,致伸,4095,145,47
2026-08-04,4916,事欣科,7468,9,171
2026-08-04,4919,新唐,13018,-262,1329
2026-08-04,4927,泰鼎-KY,23170,76,471
2026-08-04,4930,燦星網,3811,0,0
2026-08-04,4934,太極,0,0,0
2026-08-04,4935,茂林-KY,619,2,4
2026-08-04,4938,和碩,5025,-64,20
2026-08-04,4942,嘉彰,642,7,0
2026-08-04,4943,康控-KY,0,0,0
2026-08-04,4949,有成精密,2758,1,39
2026-08-04,4952,凌通,1343,4,6
2026-08-04,4956,光鋐,5126,61,14
2026-08-04,4958,臻鼎-KY,27863,86,388
2026-08-04,4960,誠美材,15416,36,117
2026-08-04,4961,天鈺,1572,-3,8
2026-08-04,4967,十銓,8360,-1,176
2026-08-04,4968,立積,5224,-37,37
2026-08-04,4976,佳凌,5019,98,472
2026-08-04,4977,眾達-KY,6000,99,45
2026-08-04,4989,榮科,13574,60,1819
2026-08-04,4994,傳奇,2346,4,2
2026-08-04,4999,鑫禾,406,0,9
2026-08-04,5007,三星,7,0,0
2026-08-04,5203,訊連,1104,-14,0
2026-08-04,5215,科嘉-KY,633,2,0
2026-08-04,5222,全訊,1807,1,9
2026-08-04,5225,東科-KY,1329,-7,2
2026-08-04,5234,達興材料,1531,8,7
2026-08-04,5236,凌陽創新,180,1,4
2026-08-04,5243,乙盛-KY,9127,24,24
2026-08-04,5244,弘凱,2352,-4,2
2026-08-04,5258,虹堡,3993,-28,2
2026-08-04,5269,祥碩,2013,-31,462
2026-08-04,5283,禾聯碩,83,6,0
2026-08-04,5284,jpp-KY,3607,-5,20
2026-08-04,5285,界霖,4746,12,53
2026-08-04,5288,豐祥-KY,2609,54,0
2026-08-04,5292,華懋,853,-2,0
2026-08-04,5306,桂盟,552,3,0
2026-08-04,5388,中磊,5172,56,18
2026-08-04,5434,崇越,984,27,2
2026-08-04,5469,瀚宇博,13682,-123,33
2026-08-04,5471,松翰,4282,34,46
2026-08-04,5484,慧友,0,0,0
2026-08-04,5515,建國,1875,54,4
2026-08-04,5519,隆大,853,2,58
2026-08-04,5521,工信,13238,-61,13
2026-08-04,5522,遠雄,974,11,0
2026-08-04,5525,順天,318,-1,0
2026-08-04,5531,鄉林,3673,-3,11
2026-08-04,5533,皇鼎,481,0,0
2026-08-04,5534,長虹,3389,10,0
2026-08-04,5538,東明-KY,7,0,0
2026-08-04,5546,永固-KY,22,0,0
2026-08-04,5607,遠雄港,1760,25,0
2026-08-04,5608,四維航,4066,-37,81
2026-08-04,5706,鳳凰,716,-1,20
2026-08-04,5871,中租-KY,4005,101,2
2026-08-04,5876,上海商銀,670,11,3
2026-08-04,5880,合庫金,2165,-431,1
2026-08-04,5906,台南-KY,21,0,0
2026-08-04,5907,大洋-KY,5526,-4,0
2026-08-04,6005,群益證,5188,34,2
2026-08-04,6024,群益期,356,12,0
2026-08-04,6108,競國,1451,2,13
2026-08-04,6112,邁達特,2924,-12,12
2026-08-04,6115,鎰勝,30,0,0
2026-08-04,6116,彩晶,33060,-138,9684
2026-08-04,6117,迎廣,2340,10,21
2026-08-04,6120,達運,7601,13,69
2026-08-04,6128,上福,1322,14,0
2026-08-04,6133,金橋,2979,3,0
2026-08-04,6136,富爾特,2607,17,0
2026-08-04,6139,亞翔,7561,203,61
2026-08-04,6141,柏承,35,0,0
2026-08-04,6142,友勁,0,0,0
2026-08-04,6152,百一,0,0,0
2026-08-04,6153,嘉聯益,13539,-84,95
2026-08-04,6155,鈞寶,2788,-64,38
2026-08-04,6164,華興,3864,-19,2
2026-08-04,6165,浪凡,13145,-29,1
2026-08-04,6166,凌華,3243,-54,96
2026-08-04,6168,宏齊,4477,309,62
2026-08-04,6176,瑞儀,6176,-258,34
2026-08-04,6177,達麗,2678,106,1
2026-08-04,6183,關貿,9,0,0
2026-08-04,6184,大豐電,475,-10,0
2026-08-04,6189,豐藝,2352,0,7
2026-08-04,6191,精成科,19331,-53,127
2026-08-04,6192,巨路,741,0,0
2026-08-04,6196,帆宣,1651,54,15
2026-08-04,6197,佳必琪,5335,147,35
2026-08-04,6201,亞弘電,56,11,0
2026-08-04,6202,盛群,5253,-70,66
2026-08-04,6205,詮欣,3678,-17,4
2026-08-04,6206,飛捷,2466,218,23
2026-08-04,6209,今國光,12942,7,22
2026-08-04,6213,聯茂,18505,1906,335
2026-08-04,6214,精誠,2243,-106,27
2026-08-04,6215,和椿,4961,-1,62
2026-08-04,6216,居易,683,2,9
2026-08-04,6224,聚鼎,1949,-21,6
2026-08-04,6225,天瀚,0,0,0
2026-08-04,6226,光鼎,2806,-314,365
2026-08-04,6230,尼得科超眾,455,2,6
2026-08-04,6235,華孚,4394,-94,8
2026-08-04,6239,力成,22169,-643,102
2026-08-04,6243,迅杰,2135,20,184
2026-08-04,6257,矽格,10177,-3,53
2026-08-04,6269,台郡,9003,95,165
2026-08-04,6271,同欣電,7572,52,47
2026-08-04,6272,驊陞,31,0,0
2026-08-04,6277,宏正,336,-19,0
2026-08-04,6278,台表科,8124,43,73
2026-08-04,6281,全國電,23,-3,0
2026-08-04,6282,康舒,23913,42,427
2026-08-04,6283,淳安,2295,1,1
2026-08-04,6285,啟碁,13406,-361,244
2026-08-04,6405,悅城,5405,62,18
2026-08-04,6409,旭隼,930,-11,0
2026-08-04,6412,群電,2890,84,6
2026-08-04,6414,樺漢,1932,-79,442
2026-08-04,6415,矽力*-KY,4326,115,69
2026-08-04,6416,瑞祺電通,3940,6,0
2026-08-04,6426,統新,2118,6,16
2026-08-04,6431,光麗-KY,0,0,0
2026-08-04,6438,迅得,3766,-23,14
2026-08-04,6442,光聖,4277,141,64
2026-08-04,6443,元晶,7684,-12,373
2026-08-04,6446,藥華藥,7930,190,41
2026-08-04,6449,鈺邦,2312,-181,14
2026-08-04,6451,訊芯-KY,6983,323,738
2026-08-04,6456,GIS-KY,10872,123,119
2026-08-04,6464,台數科,2,0,0
2026-08-04,6472,保瑞,3480,-7,15
2026-08-04,6477,安集,3325,17,175
2026-08-04,6491,晶碩,503,-20,0
2026-08-04,6504,南六,116,-5,0
2026-08-04,6505,台塑化,12224,203,338
2026-08-04,6515,穎崴,438,-6,3
2026-08-04,6525,捷敏-KY,2212,-46,25
2026-08-04,6526,達發,1365,66,1
2026-08-04,6531,愛普*,6395,269,50
2026-08-04,6533,晶心科,2022,53,45
2026-08-04,6534,正瀚-創,1765,-4,0
2026-08-04,6541,泰福-KY,3796,-70,7
2026-08-04,6550,北極星藥業-KY,0,0,0
2026-08-04,6552,易華電,1066,-17,6
2026-08-04,6558,興能高,2676,-20,19
2026-08-04,6573,虹揚-KY,0,0,0
2026-08-04,6579,研揚,1109,-76,12
2026-08-04,6581,鋼聯,5,-1,0
2026-08-04,6582,申豐,335,-15,0
2026-08-04,6585,鼎基,2219,49,53
2026-08-04,6589,台康生技,2975,-3,2
2026-08-04,6591,動力-KY,1732,-246,16
2026-08-04,6592,和潤企業,695,22,1
2026-08-04,6598,ABC-KY,0,0,0
2026-08-04,6605,帝寶,2349,27,8
2026-08-04,6606,建德工業,565,2,0
2026-08-04,6614,資拓宏宇,70,2,0
2026-08-04,6625,必應,840,4,0
2026-08-04,6641,基士德-KY,102,0,1
2026-08-04,6645,金萬林-創,11,0,0
2026-08-04,6655,科定,0,0,0
2026-08-04,6657,華安,1292,0,0
2026-08-04,6658,聯策,1433,-6,14
2026-08-04,6666,羅麗芬-KY,283,-1,0
2026-08-04,6668,中揚光,2871,4,29
2026-08-04,6669,緯穎,1461,26,25
2026-08-04,6670,復盛應用,407,4,1
2026-08-04,6671,三能-KY,84,1,0
2026-08-04,6672,騰輝電子-KY,5721,-18,17
2026-08-04,6674,鋐寶科技,243,0,3
2026-08-04,6689,伊雲谷,1272,-2,1
2026-08-04,6691,洋基工程,1478,-3,23
2026-08-04,6695,芯鼎,3604,-56,35
2026-08-04,6698,旭暉應材,1965,-50,0
2026-08-04,6706,惠特,7563,39,128
2026-08-04,6715,嘉基,6758,20,22
2026-08-04,6719,力智,3562,-49,3
2026-08-04,6722,輝創,55,3,0
2026-08-04,6742,澤米,1829,8,6
2026-08-04,6743,安普新,521,-2,30
2026-08-04,6753,龍德造船,5497,7,85
2026-08-04,6754,匯僑設計,127,-2,0
2026-08-04,6756,威鋒電子,630,-3,0
2026-08-04,6757,台灣虎航,3409,32,6
2026-08-04,6768,志強-KY,1264,123,19
2026-08-04,6770,力積電,142662,-1874,6198
2026-08-04,6771,平和環保-創,92,0,0
2026-08-04,6776,展碁國際,694,30,0
2026-08-04,6781,AES-KY,2412,-49,3
2026-08-04,6782,視陽,487,2,0
2026-08-04,6789,采鈺,4702,28,35
2026-08-04,6790,永豐實,585,0,0
2026-08-04,6792,詠業,269,-3,7
2026-08-04,6794,向榮生技,258,1,0
2026-08-04,6796,晉弘,588,1,1
2026-08-04,6799,來頡,1985,-14,0
2026-08-04,6805,富世達,2427,-132,11
2026-08-04,6807,峰源-KY,147,6,0
2026-08-04,6830,汎銓,3835,172,88
2026-08-04,6831,邁科,476,5,23
2026-08-04,6834,天二科技,3459,509,102
2026-08-04,6835,圓裕,809,-1,4
2026-08-04,6838,台新藥,2583,0,0
2026-08-04,6854,錼創科技-KY創,2397,27,3
2026-08-04,6861,睿生光電,1709,24,3
2026-08-04,6862,三集瑞-KY,951,-18,9
2026-08-04,6863,永道-KY,1075,4,17
2026-08-04,6869,雲豹能源,2867,-15,0
2026-08-04,6873,泓德能源,3492,4,96
2026-08-04,6885,全福生技,2311,45,20
2026-08-04,6887,寶綠特-KY,930,23,0
2026-08-04,6890,來億-KY,803,-5,11
2026-08-04,6901,鑽石投資,6701,239,54
2026-08-04,6902,GOGOLOOK,624,9,0
2026-08-04,6906,現觀科,483,-7,0
2026-08-04,6909,創控,1413,18,6
2026-08-04,6914,阜爾運通,361,9,0
2026-08-04,6916,華凌,395,3,0
2026-08-04,6918,愛派司,84,-1,0
2026-08-04,6919,康霈*,0,0,0
2026-08-04,6923,中台,1753,13,0
2026-08-04,6928,攸泰科技,792,5,14
2026-08-04,6931,青松健康,103,0,0
2026-08-04,6933,AMAX-KY,931,198,5
2026-08-04,6936,永鴻生技,242,0,0
2026-08-04,6937,天虹,1488,13,4
2026-08-04,6944,兆聯實業,797,-4,26
2026-08-04,6949,沛爾生醫-創,5295,-9,2
2026-08-04,6951,青新-創,77,0,0
2026-08-04,6952,大武山,14,0,0
2026-08-04,6957,裕慶-KY,1637,-23,67
2026-08-04,6958,日盛台駿,135,0,0
2026-08-04,6962,奕力-KY,8373,63,8
2026-08-04,6965,中傑-KY,42,3,0
2026-08-04,6994,富威電力,3004,6,17
2026-08-04,7631,聚賢研發-創,76,8,0
2026-08-04,7705,三商餐飲,87,-1,0
2026-08-04,7711,永擎,525,-1,3
2026-08-04,7721,微程式,1150,6,0
2026-08-04,7722,LINEPAY,532,-1,0
2026-08-04,7730,暉盛-創,485,-7,1
2026-08-04,7732,金興精密,80,0,0
2026-08-04,7736,虎山,66,0,0
2026-08-04,7740,熙特爾-創,1790,-4,0
2026-08-04,7749,意騰-KY,1032,27,0
2026-08-04,7750,新代,504,26,1
2026-08-04,7765,中華資安,461,0,0
2026-08-04,7769,鴻勁,324,25,0
2026-08-04,7780,大研生醫*,300,8,0
2026-08-04,7786,東方風能,184,18,0
2026-08-04,7788,松川精密,1618,49,4
2026-08-04,7791,皇家可口,20,1,0
2026-08-04,7795,長廣,593,279,0
2026-08-04,7799,禾榮科,1220,12,3
2026-08-04,8011,台通,3401,-38,7
2026-08-04,8016,矽創,1489,3,3
2026-08-04,8021,尖點,9925,553,168
2026-08-04,8028,昇陽半導體,4744,-169,60
2026-08-04,8033,雷虎,6084,-12,114
2026-08-04,8039,台虹,21412,909,1408
2026-08-04,8045,達運光電,4963,9,0
2026-08-04,8046,南電,9360,43,301
2026-08-04,8070,長華*,6038,-44,13
2026-08-04,8072,陞泰,1750,-4,0
2026-08-04,8081,致新,1760,-5,7
2026-08-04,8101,華冠,0,0,0
2026-08-04,8103,瀚荃,2908,-30,2
2026-08-04,8104,錸寶,3367,-5,6
2026-08-04,8105,凌巨,8337,53,496
2026-08-04,8110,華東,14692,11,296
2026-08-04,8112,至上,16586,-659,2623
2026-08-04,8114,振樺電,1500,-79,16
2026-08-04,8131,福懋科,4858,321,94
2026-08-04,8150,南茂,15936,858,253
2026-08-04,8162,微矽電子-創,1619,20,0
2026-08-04,8163,達方,2296,-59,5
2026-08-04,8201,無敵,0,0,0
2026-08-04,8210,勤誠,2406,140,20
2026-08-04,8213,志超,3727,12,0
2026-08-04,8215,明基材,3179,-8,18
2026-08-04,8222,寶一,3323,-47,34
2026-08-04,8249,菱光,3788,0,27
2026-08-04,8261,富鼎,6625,367,74
2026-08-04,8271,宇瞻,6225,-182,664
2026-08-04,8341,日友,373,5,0
2026-08-04,8367,建新國際,12,0,0
2026-08-04,8374,羅昇,1540,2,3
2026-08-04,8404,百和興業-KY,3748,-21,0
2026-08-04,8411,福貞-KY,22,6,0
2026-08-04,8422,可寧衛*,24643,76,114
2026-08-04,8429,金麗-KY,14072,27,28
2026-08-04,8438,昶昕,3251,-18,1
2026-08-04,8442,威宏-KY,739,-6,20
2026-08-04,8443,阿瘦,28,0,0
2026-08-04,8454,富邦媒,1444,-13,55
2026-08-04,8462,柏文,1134,-11,16
2026-08-04,8463,潤泰材,120,0,0
2026-08-04,8464,億豐,48,0,0
2026-08-04,8466,美吉吉-KY,1298,12,0
2026-08-04,8467,波力-KY,244,-1,0
2026-08-04,8473,山林水,2144,-6,21
2026-08-04,8476,台境*,18249,-91,209
2026-08-04,8478,東哥遊艇,1048,9,0
2026-08-04,8481,政伸,5,0,0
2026-08-04,8482,商億-KY,165,5,0
2026-08-04,8487,愛爾達-創,36,0,0
2026-08-04,8488,吉源-KY,20,0,0
2026-08-04,8499,鼎炫-KY,578,2,0
2026-08-04,8926,台汽電,6905,168,61
2026-08-04,8940,新天地,92,1,0
2026-08-04,8996,高力,4055,-37,100
2026-08-04,9802,鈺齊-KY,2078,-23,41
2026-08-04,9902,台火,3129,1,1
2026-08-04,9904,寶成,26531,2023,63
2026-08-04,9905,大華,25,0,0
2026-08-04,9906,欣巴巴,426,1,0
2026-08-04,9907,統一實,4193,-9,49
2026-08-04,9908,大台北,123,-2,0
2026-08-04,9910,豐泰,2242,2,2
2026-08-04,9911,櫻花,389,7,0
2026-08-04,9912,偉聯,0,0,0
2026-08-04,9914,美利達,2724,68,0
2026-08-04,9917,中保科,57,1,0
2026-08-04,9918,欣天然,95,2,0
2026-08-04,9919,康那香,8422,178,0
2026-08-04,9921,巨大,1912,-19,194
2026-08-04,9924,福興,741,4,0
2026-08-04,9925,新保,1,0,0
2026-08-04,9926,新海,12,0,0
2026-08-04,9927,泰銘,57,1,0
2026-08-04,9928,中視,459,5,0
2026-08-04,9929,秋雨,0,0,0
2026-08-04,9930,中聯資源,20,0,0
2026-08-04,9931,欣高,67,0,0
2026-08-04,9933,中鼎,4064,-2,6
2026-08-04,9934,成霖,5770,32,4
2026-08-04,9935,慶豐富,1278,-5,0
2026-08-04,9937,全國,122,2,0
2026-08-04,9938,百和,3265,22,87
2026-08-04,9939,宏全,1377,37,1
2026-08-04,9940,信義,1262,4,0
2026-08-04,9941,裕融,921,6,3
2026-08-04,9942,茂順,23,-1,0
2026-08-04,9943,好樂迪,81,0,0
2026-08-04,9944,新麗,5518,0,4
2026-08-04,9945,潤泰新,20183,-770,22
2026-08-04,9946,三發地產,1137,-5,0
2026-08-04,9955,佳龍,1075,6,36
2026-08-04,9958,世紀鋼,8063,-94,9
2026-08-05,1101,台泥,33953,-436,25
2026-08-05,1102,亞泥,1681,-79,2
2026-08-05,1103,嘉泥,4144,60,0
2026-08-05,1104,環泥,1696,3,0
2026-08-05,1108,幸福,423,5,44
2026-08-05,1109,信大,268,0,0
2026-08-05,1110,東泥,2615,-23,0
2026-08-05,1201,味全,1434,20,0
2026-08-05,1203,味王,24,0,0
2026-08-05,1210,大成,774,23,0
2026-08-05,1213,大飲,0,0,0
2026-08-05,1215,卜蜂,432,-4,33
2026-08-05,1216,統一,1246,280,19
2026-08-05,1217,愛之味,1641,60,1
2026-08-05,1218,泰山,1520,-253,119
2026-08-05,1219,福壽,268,49,1
2026-08-05,1220,台榮,858,0,18
2026-08-05,1225,福懋油,6782,-2,8
2026-08-05,1227,佳格,1056,37,3
2026-08-05,1229,聯華,2925,-1,23
2026-08-05,1231,聯華食,302,48,0
2026-08-05,1232,大統益,190,2,0
2026-08-05,1233,天仁,22,0,0
2026-08-05,1234,黑松,13,-3,0
2026-08-05,1235,興泰,1158,1,0
2026-08-05,1236,宏亞,184,-1,0
2026-08-05,1256,鮮活果汁-KY,298,46,2
2026-08-05,1301,台塑,21471,-397,145
2026-08-05,1303,南亞,55817,2122,1579
2026-08-05,1304,台聚,10454,-66,137
2026-08-05,1305,華夏,6450,-103,74
2026-08-05,1307,三芳,1320,0,0
2026-08-05,1308,亞聚,6032,21,5
2026-08-05,1309,台達化,7097,30,107
2026-08-05,1310,台苯,11998,167,106
2026-08-05,1312,國喬,35651,1294,175
2026-08-05,1313,聯成,11700,-260,16
2026-08-05,1314,中石化,74799,335,38
2026-08-05,1315,達新,14,1,0
2026-08-05,1316,上曜,9803,45,42
2026-08-05,1319,東陽,7042,74,18
2026-08-05,1321,大洋,7148,9,1
2026-08-05,1323,永裕,76,0,0
2026-08-05,1324,地球,1262,0,0
2026-08-05,1325,恆大,2337,31,77
2026-08-05,1326,台化,32053,-1041,512
2026-08-05,1337,再生-KY,21417,12,0
2026-08-05,1338,廣華-KY,3853,-32,0
2026-08-05,1339,昭輝,884,1,0
2026-08-05,1340,勝悅-KY,1054,20,0
2026-08-05,1342,八貫,576,1,3
2026-08-05,1402,遠東新,7145,581,38
2026-08-05,1409,新纖,22285,-283,98
2026-08-05,1410,南染,241,0,0
2026-08-05,1413,宏洲,0,0,0
2026-08-05,1414,東和,1330,47,0
2026-08-05,1416,廣豐,3282,14,0
2026-08-05,1417,嘉裕,2002,7,0
2026-08-05,1418,東華,777,0,0
2026-08-05,1419,新紡,1273,10,0
2026-08-05,1423,利華,87,0,0
2026-08-05,1432,大魯閣,130,-4,16
2026-08-05,1434,福懋,6974,-89,5
2026-08-05,1435,中福,0,0,0
2026-08-05,1436,華友聯,973,-5,33
2026-08-05,1437,勤益控,2991,-6,0
2026-08-05,1438,三地開發,144,-1,0
2026-08-05,1439,雋揚,1032,-5,0
2026-08-05,1440,南紡,5349,63,3
2026-08-05,1441,大東,0,0,0
2026-08-05,1442,名軒,2732,-10,8
2026-08-05,1443,立益物流,8,0,0
2026-08-05,1444,力麗,568,0,0
2026-08-05,1445,大宇,1355,0,1
2026-08-05,1446,宏和,1435,-20,0
2026-08-05,1447,力鵬,761,-16,0
2026-08-05,1449,佳和,3138,-16,5
2026-08-05,1451,年興,569,-2,0
2026-08-05,1452,宏益,108,-1,0
2026-08-05,1453,大將,1040,10,4
2026-08-05,1454,台富,2173,0,0
2026-08-05,1455,集盛,3124,98,0
2026-08-05,1456,怡華,769,-7,0
2026-08-05,1457,宜進,663,0,1
2026-08-05,1459,聯發,371,-4,0
2026-08-05,1460,宏遠,0,0,0
2026-08-05,1463,強盛新,475,45,0
2026-08-05,1464,得力,1965,-20,0
2026-08-05,1465,偉全,3247,-2,0
2026-08-05,1466,聚隆,3209,-41,10
2026-08-05,1467,南緯,6624,200,17
2026-08-05,1468,昶和,0,0,0
2026-08-05,1470,大統新創,5,0,0
2026-08-05,1471,首利,0,0,0
2026-08-05,1472,三洋實業,3882,0,3
2026-08-05,1473,台南,766,-3,1
2026-08-05,1474,弘裕,3332,-6,0
2026-08-05,1475,業旺,466,2,0
2026-08-05,1476,儒鴻,731,2,18
2026-08-05,1477,聚陽,1376,-28,0
2026-08-05,1503,士電,2785,-47,29
2026-08-05,1504,東元,27833,-141,72
2026-08-05,1506,正道,0,0,0
2026-08-05,1512,瑞利,0,0,0
2026-08-05,1513,中興電,7422,-62,39
2026-08-05,1514,亞力,6090,6,23
2026-08-05,1515,力山,2071,-18,13
2026-08-05,1516,川飛,2,0,0
2026-08-05,1517,利奇,2208,-123,3
2026-08-05,1519,華城,2889,-25,10
2026-08-05,1521,大億,449,0,0
2026-08-05,1522,堤維西,3945,14,2
2026-08-05,1524,耿鼎,3781,5,17
2026-08-05,1525,江申,237,-6,0
2026-08-05,1526,日馳,789,-45,22
2026-08-05,1527,鑽全,539,-13,0
2026-08-05,1528,恩德,5727,-23,36
2026-08-05,1529,樂事綠能,2732,8,688
2026-08-05,1530,亞崴,262,0,0
2026-08-05,1531,高林股,1710,5,4
2026-08-05,1532,勤美,2953,-14,0
2026-08-05,1533,車王電,522,4,2
2026-08-05,1535,中宇,57,-2,0
2026-08-05,1536,和大,7561,7,136
2026-08-05,1537,廣隆,56,1,0
2026-08-05,1538,正峰,0,0,0
2026-08-05,1539,巨庭,1277,-21,0
2026-08-05,1540,喬福,1507,-3,0
2026-08-05,1541,錩泰,108,0,0
2026-08-05,1558,伸興,254,0,0
2026-08-05,1560,中砂,1790,27,69
2026-08-05,1563,巧新,6092,-180,3
2026-08-05,1568,倉佑,2153,38,1
2026-08-05,1582,信錦,3584,-12,4
2026-08-05,1583,程泰,65,0,0
2026-08-05,1587,吉茂,1637,1,25
2026-08-05,1589,永冠-KY,655,0,0
2026-08-05,1590,亞德客-KY,160,-1,0
2026-08-05,1597,直得,2581,165,40
2026-08-05,1598,岱宇,2037,19,0
2026-08-05,1603,華電,1808,3,5
2026-08-05,1604,聲寶,200,-10,0
2026-08-05,1605,華新,48137,-1272,702
2026-08-05,1608,華榮,7642,-150,33
2026-08-05,1609,大亞,12239,-144,9
2026-08-05,1611,中電,3194,20,1
2026-08-05,1612,宏泰,1905,15,55
2026-08-05,1614,三洋電,323,0,0
2026-08-05,1615,大山,158,0,0
2026-08-05,1616,億泰,2762,2,0
2026-08-05,1617,榮星,1944,122,14
2026-08-05,1618,合機,3371,44,13
2026-08-05,1623,大東電,20,3,0
2026-08-05,1626,艾美特-KY,1628,0,0
2026-08-05,1702,南僑,295,-1,0
2026-08-05,1707,葡萄王,328,1,29
2026-08-05,1708,東鹼,6298,-53,68
2026-08-05,1709,和益,17229,755,6
2026-08-05,1710,東聯,11965,-123,41
2026-08-05,1711,永光,13579,-50,111
2026-08-05,1712,興農,456,3,0
2026-08-05,1713,國化,3025,-10,0
2026-08-05,1714,和桐,13501,33,56
2026-08-05,1717,長興,16545,-523,277
2026-08-05,1718,中纖,19750,809,142
2026-08-05,1720,生達,323,6,0
2026-08-05,1721,三晃,126,0,0
2026-08-05,1722,台肥,2898,-4,2
2026-08-05,1723,中碳,603,1,0
2026-08-05,1725,元禎,271,0,0
2026-08-05,1726,永記,25,0,0
2026-08-05,1727,中華化,5847,-67,51
2026-08-05,1730,花仙子,5,0,0
2026-08-05,1731,美吾華,315,-1,0
2026-08-05,1732,毛寶,939,111,29
2026-08-05,1733,五鼎,2488,-11,6
2026-08-05,1734,杏輝,301,-24,0
2026-08-05,1735,日勝化,669,-4,0
2026-08-05,1736,喬山,1990,86,16
2026-08-05,1737,臺鹽,21,-1,0
2026-08-05,1752,南光,329,5,0
2026-08-05,1760,寶齡富錦,1018,1,0
2026-08-05,1762,中化生,728,21,1
2026-08-05,1773,勝一,1086,15,1
2026-08-05,1776,展宇,777,0,1
2026-08-05,1783,和康生,589,-3,0
2026-08-05,1786,科妍,4960,11,11
2026-08-05,1789,神隆,3271,30,0
2026-08-05,1795,美時,8795,-149,15
2026-08-05,1802,台玻,35262,-324,1069
2026-08-05,1805,寶徠,1494,8,0
2026-08-05,1806,冠軍,2934,9,3
2026-08-05,1808,潤隆,5745,-30,1
2026-08-05,1809,中釉,5336,-239,79
2026-08-05,1810,和成,20333,-161,171
2026-08-05,1817,凱撒衛,16,0,0
2026-08-05,1903,士紙,2469,8,0
2026-08-05,1904,正隆,4500,-104,0
2026-08-05,1905,華紙,12410,37,54
2026-08-05,1906,寶隆,7274,2,0
2026-08-05,1907,永豐餘,24114,-6,5
2026-08-05,1909,榮成,9374,173,35
2026-08-05,2002,中鋼,39587,-417,254
2026-08-05,2006,東和鋼鐵,1040,56,7
2026-08-05,2007,燁興,5,0,0
2026-08-05,2008,高興昌,121,0,0
2026-08-05,2009,第一銅,6321,-186,42
2026-08-05,2010,春源,2084,48,0
2026-08-05,2012,春雨,189,1,0
2026-08-05,2013,中鋼構,1409,0,0
2026-08-05,2014,中鴻,1116,-1,0
2026-08-05,2015,豐興,45,0,0
2026-08-05,2017,官田鋼,8154,-13,1
2026-08-05,2020,美亞,686,-1,0
2026-08-05,2022,聚亨,2073,-7,0
2026-08-05,2023,燁輝,2678,6,45
2026-08-05,2024,志聯,62,-13,0
2026-08-05,2025,千興,0,0,0
2026-08-05,2027,大成鋼,25165,317,466
2026-08-05,2028,威致,1212,9,0
2026-08-05,2029,盛餘,430,1,0
2026-08-05,2030,彰源,4345,-123,1
2026-08-05,2031,新光鋼,1295,28,4
2026-08-05,2032,新鋼,2783,12,0
2026-08-05,2033,佳大,2746,2,1
2026-08-05,2034,允強,3499,-41,3
2026-08-05,2038,海光,3517,20,22
2026-08-05,2049,上銀,3438,418,149
2026-08-05,2059,川湖,476,66,30
2026-08-05,2062,橋椿,1318,25,1
2026-08-05,2069,運錩,396,2,0
2026-08-05,2101,南港,21074,174,2
2026-08-05,2102,泰豐,3484,-16,4
2026-08-05,2103,台橡,13881,7,124
2026-08-05,2104,國際中橡,19125,12,105
2026-08-05,2105,正新,8906,-172,27
2026-08-05,2106,建大,2670,-40,2
2026-08-05,2107,厚生,89,-7,0
2026-08-05,2108,南帝,2657,-91,31
2026-08-05,2109,華豐,681,0,0
2026-08-05,2114,鑫永銓,6,0,0
2026-08-05,2115,六暉-KY,505,-5,3
2026-08-05,2201,裕隆,9531,-73,13
2026-08-05,2204,中華,1364,67,3
2026-08-05,2206,三陽工業,4039,6,0
2026-08-05,2207,和泰車,64,8,0
2026-08-05,2208,台船,0,0,0
2026-08-05,2211,長榮鋼,489,-1,0
2026-08-05,2228,劍麟,1563,4,6
2026-08-05,2231,為升,2586,22,180
2026-08-05,2233,宇隆,5075,359,5
2026-08-05,2236,百達-KY,11788,-19,6
2026-08-05,2239,英利-KY,1594,6,0
2026-08-05,2241,艾姆勒,7411,-288,6
2026-08-05,2243,宏旭-KY,1317,10,5
2026-08-05,2247,汎德永業,156,0,1
2026-08-05,2248,華勝-KY,540,3,0
2026-08-05,2250,IKKA-KY,1214,11,2
2026-08-05,2254,巨鎧精密-創,2515,0,0
2026-08-05,2301,光寶科,12467,-1886,1108
2026-08-05,2302,麗正,3679,-82,240
2026-08-05,2303,聯電,163983,5639,1198
2026-08-05,2305,全友,6634,-573,499
2026-08-05,2308,台達電,8418,-512,27
2026-08-05,2312,金寶,43949,664,439
2026-08-05,2313,華通,30581,-651,1215
2026-08-05,2314,台揚,0,0,0
2026-08-05,2316,楠梓電,3411,9,76
2026-08-05,2317,鴻海,49879,-745,556
2026-08-05,2321,東訊,0,0,0
2026-08-05,2323,中環,28921,180,58
2026-08-05,2324,仁寶,52035,-459,892
2026-08-05,2327,國巨*,33630,850,663
2026-08-05,2328,廣宇,16128,-27,80
2026-08-05,2329,華泰,13797,-69,303
2026-08-05,2330,台積電,29226,-1539,62
2026-08-05,2331,精英,9729,-18,25
2026-08-05,2332,友訊,27883,-1191,812
2026-08-05,2337,旺宏,96203,1853,2020
2026-08-05,2338,光罩,5034,-30,97
2026-08-05,2340,台亞,7381,-157,83
2026-08-05,2342,茂矽,3503,11,54
2026-08-05,2344,華邦電,131192,7200,5068
2026-08-05,2345,智邦,1394,95,9
2026-08-05,2347,聯強,1132,377,8
2026-08-05,2348,海悅,2975,-24,12
2026-08-05,2349,錸德,0,0,0
2026-08-05,2351,順德,10766,215,129
2026-08-05,2352,佳世達,15004,228,11
2026-08-05,2353,宏碁,40539,937,2406
2026-08-05,2354,鴻準,24812,179,67
2026-08-05,2355,敬鵬,8889,-64,54
2026-08-05,2356,英業達,28710,462,638
2026-08-05,2357,華碩,1981,67,38
2026-08-05,2359,所羅門,5740,219,192
2026-08-05,2360,致茂,1539,56,8
2026-08-05,2362,藍天,2719,489,6
2026-08-05,2363,矽統,16471,-192,116
2026-08-05,2364,倫飛,715,4,1
2026-08-05,2365,昆盈,8025,258,28
2026-08-05,2367,燿華,24089,-42,332
2026-08-05,2368,金像電,5953,1121,407
2026-08-05,2369,菱生,12441,-287,171
2026-08-05,2371,大同,46197,-187,326
2026-08-05,2373,震旦行,45,0,0
2026-08-05,2374,佳能,16026,17,29
2026-08-05,2375,凱美,5118,-99,0
2026-08-05,2376,技嘉,6209,-19,79
2026-08-05,2377,微星,13086,-15,402
2026-08-05,2379,瑞昱,2485,-14,45
2026-08-05,2380,虹光,0,0,0
2026-08-05,2382,廣達,16444,481,200
2026-08-05,2383,台光電,2095,-12,23
2026-08-05,2385,群光,3105,-32,76
2026-08-05,2387,精元,1241,6,1
2026-08-05,2388,威盛,9901,-700,396
2026-08-05,2390,云辰,1885,-3,0
2026-08-05,2392,正崴,4553,-40,8
2026-08-05,2393,億光,2472,15,12
2026-08-05,2395,研華,2186,224,42
2026-08-05,2397,友通,1805,240,8
2026-08-05,2399,映泰,10585,-33,203
2026-08-05,2401,凌陽,7771,-90,136
2026-08-05,2402,毅嘉,11936,218,16
2026-08-05,2404,漢唐,2215,-97,8
2026-08-05,2405,輔信,7668,-8,39
2026-08-05,2406,國碩,13343,274,398
2026-08-05,2408,南亞科,94184,3558,4290
2026-08-05,2409,友達,215871,9860,6434
2026-08-05,2412,中華電,3391,-641,42
2026-08-05,2413,環科,4158,-82,12
2026-08-05,2414,精技,558,67,0
2026-08-05,2415,錩新,2450,-1,0
2026-08-05,2417,圓剛,2974,-112,8
2026-08-05,2419,仲琦,5831,-27,4
2026-08-05,2420,新巨,849,-11,8
2026-08-05,2421,建準,4693,-152,33
2026-08-05,2423,固緯,618,2,8
2026-08-05,2424,隴華,0,0,0
2026-08-05,2425,承啟,5501,-167,128
2026-08-05,2426,鼎元,13591,-749,268
2026-08-05,2427,三商電,5357,-6,8
2026-08-05,2428,興勤,1966,-37,16
2026-08-05,2429,銘旺科,582,0,0
2026-08-05,2430,燦坤,97,0,6
2026-08-05,2431,聯昌,1526,0,0
2026-08-05,2432,倚天酷碁-創,350,0,0
2026-08-05,2433,互盛電,24,0,0
2026-08-05,2434,統懋,290,-2,34
2026-08-05,2436,偉詮電,6213,548,2008
2026-08-05,2438,翔耀,0,0,0
2026-08-05,2439,美律,3663,-30,91
2026-08-05,2440,太空梭,1634,25,1
2026-08-05,2441,超豐,9475,646,96
2026-08-05,2442,新美齊,4122,48,1
2026-08-05,2444,兆勁,0,0,0
2026-08-05,2449,京元電子,18170,-208,101
2026-08-05,2450,神腦,78,1,0
2026-08-05,2451,創見,7371,364,561
2026-08-05,2453,凌群,2373,13,2
2026-08-05,2454,聯發科,9907,-9,34
2026-08-05,2455,全新,10792,1144,493
2026-08-05,2457,飛宏,12010,-194,94
2026-08-05,2458,義隆,3431,36,19
2026-08-05,2459,敦吉,91,-2,0
2026-08-05,2460,建通,293,0,0
2026-08-05,2461,光群雷,8384,28,2
2026-08-05,2462,良得電,2302,10,0
2026-08-05,2464,盟立,17305,1174,963
2026-08-05,2465,麗臺,3697,319,65
2026-08-05,2466,冠西電,6031,-30,225
2026-08-05,2467,志聖,1737,-13,51
2026-08-05,2468,華經,3256,80,3
2026-08-05,2471,資通,1272,-6,2
2026-08-05,2472,立隆電,4543,31,40
2026-08-05,2474,可成,8506,-43,8
2026-08-05,2476,鉅祥,40738,-293,17
2026-08-05,2477,美隆電,1137,-8,27
2026-08-05,2478,大毅,7643,-265,48
2026-08-05,2480,敦陽科,415,-14,1
2026-08-05,2481,強茂,14182,1534,507
2026-08-05,2482,連宇,1781,-10,0
2026-08-05,2483,百容,1942,440,11
2026-08-05,2484,希華,15720,980,299
2026-08-05,2485,兆赫,10925,297,265
2026-08-05,2486,一詮,21155,-51,557
2026-08-05,2488,漢平,542,18,0
2026-08-05,2489,瑞軒,28450,1752,343
2026-08-05,2491,吉祥全,1710,30,7
2026-08-05,2492,華新科,10657,-1213,201
2026-08-05,2493,揚博,9440,146,44
2026-08-05,2495,普安,7948,-105,27
2026-08-05,2496,卓越,36,1,0
2026-08-05,2497,怡利電,1767,-1,4
2026-08-05,2498,宏達電,28363,-65,684
2026-08-05,2501,國建,4611,29,8
2026-08-05,2504,國產,4789,143,6
2026-08-05,2505,國揚,3150,-40,0
2026-08-05,2506,太設,1854,17,0
2026-08-05,2509,全坤建,549,6,1
2026-08-05,2511,太子,2551,-86,1
2026-08-05,2514,龍邦,18116,-16,1
2026-08-05,2515,中工,29568,89,40
2026-08-05,2516,新建,0,0,0
2026-08-05,2520,冠德,2209,-19,0
2026-08-05,2524,京城,3183,6,0
2026-08-05,2527,宏璟,5520,-167,9
2026-08-05,2528,皇普,6305,-84,0
2026-08-05,2530,華建,6862,-29,5
2026-08-05,2534,宏盛,11960,-2,0
2026-08-05,2535,達欣工,374,17,5
2026-08-05,2536,宏普,4863,52,0
2026-08-05,2537,聯上發,3654,-1,3
2026-08-05,2538,基泰,2316,2,0
2026-08-05,2539,櫻花建,2323,55,11
2026-08-05,2540,愛山林,2886,-104,0
2026-08-05,2542,興富發,5006,-123,211
2026-08-05,2543,皇昌,9223,-10,16
2026-08-05,2545,皇翔,2776,19,9
2026-08-05,2546,根基,94,6,0
2026-08-05,2547,日勝生,10359,286,0
2026-08-05,2548,華固,2100,103,4
2026-08-05,2597,潤弘,171,-1,0
2026-08-05,2601,益航,375,-30,0
2026-08-05,2603,長榮,15162,94,230
2026-08-05,2605,新興,12491,-155,17
2026-08-05,2606,裕民,2652,-103,4
2026-08-05,2607,榮運,813,-1,1
2026-08-05,2608,嘉里大榮,1117,-13,1
2026-08-05,2609,陽明,32371,852,300
2026-08-05,2610,華航,46080,565,520
2026-08-05,2611,志信,2112,21,1
2026-08-05,2612,中航,1658,-5,2
2026-08-05,2613,中櫃,2131,14,12
2026-08-05,2614,東森,5332,88,0
2026-08-05,2615,萬海,15192,43,95
2026-08-05,2616,山隆,427,1,0
2026-08-05,2617,台航,2143,13,0
2026-08-05,2618,長榮航,38906,-118,568
2026-08-05,2630,亞航,5267,43,34
2026-08-05,2633,台灣高鐵,1824,4,31
2026-08-05,2634,漢翔,23804,-208,382
2026-08-05,2636,台驊控股,615,6,1
2026-08-05,2637,慧洋-KY,2429,142,47
2026-08-05,2642,宅配通,602,2,0
2026-08-05,2645,長榮航太,2961,12,9
2026-08-05,2646,星宇航空,3887,25,25
2026-08-05,2701,萬企,382,3,0
2026-08-05,2702,華園,428,0,0
2026-08-05,2704,國賓,111,0,0
2026-08-05,2705,六福,557,6,0
2026-08-05,2706,第一店,652,5,0
2026-08-05,2707,晶華,178,-3,0
2026-08-05,2712,遠雄來,7,0,0
2026-08-05,2722,夏都,390,9,0
2026-08-05,2723,美食-KY,1668,10,0
2026-08-05,2727,王品,349,17,4
2026-08-05,2731,雄獅,916,6,6
2026-08-05,2739,寒舍,882,0,0
2026-08-05,2748,雲品,510,-6,0
2026-08-05,2753,八方雲集,517,2,2
2026-08-05,2762,世界健身-KY,209,5,0
2026-08-05,2801,彰銀,8306,162,6
2026-08-05,2812,台中銀,2842,-249,20
2026-08-05,2816,旺旺保,601,3,0
2026-08-05,2820,華票,509,20,1
2026-08-05,2832,台產,553,2,0
2026-08-05,2834,臺企銀,24383,-189,35
2026-08-05,2836,高雄銀,6766,96,1
2026-08-05,2838,聯邦銀,853,1,1
2026-08-05,2845,遠東銀,3885,17,26
2026-08-05,2849,安泰銀,263,-1,0
2026-08-05,2850,新產,314,-61,0
2026-08-05,2851,中再保,956,28,0
2026-08-05,2852,第一保,1501,104,0
2026-08-05,2855,統一證,5725,-331,129
2026-08-05,2867,三商壽,1964,99,30
2026-08-05,2880,華南金,595,-20,13
2026-08-05,2881,富邦金,6935,-96,210
2026-08-05,2882,國泰金,4644,20,250
2026-08-05,2883,凱基金,9567,-1579,100
2026-08-05,2884,玉山金,5012,78,229
2026-08-05,2885,元大金,2195,25,19
2026-08-05,2886,兆豐金,1320,5,57
2026-08-05,2887,台新新光金,39530,-206,159
2026-08-05,2889,國票金,2842,10,17
2026-08-05,2890,永豐金,3053,498,45
2026-08-05,2891,中信金,3640,-127,34
2026-08-05,2892,第一金,1956,46,0
2026-08-05,2897,王道銀行,1733,-21,5
2026-08-05,2901,欣欣,473,0,0
2026-08-05,2903,遠百,1524,34,0
2026-08-05,2904,匯僑,32,0,0
2026-08-05,2905,三商,7572,31,3
2026-08-05,2906,高林,608,-27,0
2026-08-05,2908,特力,14018,1,0
2026-08-05,2910,統領,47,-3,0
2026-08-05,2911,麗嬰房,201,20,0
2026-08-05,2912,統一超,612,46,0
2026-08-05,2913,農林,6867,46,6
2026-08-05,2915,潤泰全,8600,-10,9
2026-08-05,2929,淘帝-KY,2099,25,0
2026-08-05,2939,永邑-KY,245,-5,0
2026-08-05,3002,歐格,1845,-3,13
2026-08-05,3003,健和興,3194,-21,0
2026-08-05,3004,豐達科,1824,-62,8
2026-08-05,3005,神基,8648,-73,45
2026-08-05,3006,晶豪科,16949,237,567
2026-08-05,3008,大立光,2282,170,10
2026-08-05,3010,華立,1279,88,10
2026-08-05,3011,今皓,2951,10,61
2026-08-05,3013,晟銘電,8588,36,54
2026-08-05,3014,聯陽,2252,24,28
2026-08-05,3015,全漢,2501,7,2
2026-08-05,3016,嘉晶,7230,136,269
2026-08-05,3017,奇鋐,4217,23,77
2026-08-05,3018,隆銘綠能,0,0,0
2026-08-05,3019,亞光,10804,-69,61
2026-08-05,3021,鴻名,591,23,0
2026-08-05,3022,威強電,6333,682,15
2026-08-05,3023,信邦,1102,-75,0
2026-08-05,3024,憶聲,9067,212,6
2026-08-05,3025,星通,1623,0,0
2026-08-05,3026,禾伸堂,7348,-34,131
2026-08-05,3027,盛達,4628,37,0
2026-08-05,3028,增你強,2925,-111,27
2026-08-05,3029,零壹,3232,-48,15
2026-08-05,3030,德律,10384,6,11
2026-08-05,3031,佰鴻,5330,-10,5
2026-08-05,3032,偉訓,8313,247,22
2026-08-05,3033,威健,9259,188,0
2026-08-05,3034,聯詠,2438,31,22
2026-08-05,3035,智原,10129,-321,350
2026-08-05,3036,文曄,17998,4481,1010
2026-08-05,3037,欣興,39230,-1498,608
2026-08-05,3038,全台,1458,99,0
2026-08-05,3040,遠見,10118,-4,9
2026-08-05,3041,揚智,3503,5,36
2026-08-05,3042,晶技,18516,1650,241
2026-08-05,3043,科風,850,-2,0
2026-08-05,3044,健鼎,6140,-167,5
2026-08-05,3045,台灣大,1256,-17,27
2026-08-05,3046,建碁,1075,9,11
2026-08-05,3047,訊舟,6485,-30,4
2026-08-05,3048,益登,6268,311,118
2026-08-05,3049,精金,0,0,0
2026-08-05,3050,鈺德,3208,-18,5
2026-08-05,3051,力特,4087,2,4
2026-08-05,3052,夆典,1676,6,0
2026-08-05,3054,立萬利,919,1,0
2026-08-05,3055,蔚華科,5469,-46,123
2026-08-05,3056,富華新,3568,22,0
2026-08-05,3057,喬鼎,0,0,0
2026-08-05,3058,立德,0,0,0
2026-08-05,3059,華晶科,11056,-61,11
2026-08-05,3060,銘異,8666,-44,20
2026-08-05,3062,建漢,9647,4,45
2026-08-05,3090,日電貿,5606,258,75
2026-08-05,3092,鴻碩,3603,-3,2
2026-08-05,3094,聯傑,2760,-14,138
2026-08-05,3130,一零四,11,0,0
2026-08-05,3135,凌航,3186,647,209
2026-08-05,3138,耀登,2039,-4,4
2026-08-05,3149,正達,20929,-113,10484
2026-08-05,3150,鈺寶-創,232,-12,0
2026-08-05,3164,景岳,307,2,0
2026-08-05,3167,大量,5653,-285,15
2026-08-05,3168,眾福科,38,0,0
2026-08-05,3189,景碩,22078,475,588
2026-08-05,3209,全科,5598,28,6
2026-08-05,3229,晟鈦,0,0,0
2026-08-05,3231,緯創,40653,-13864,1440
2026-08-05,3257,虹冠電,2473,1,41
2026-08-05,3266,昇陽,357,-3,0
2026-08-05,3296,勝德,1803,5,2
2026-08-05,3305,昇貿,6487,27,41
2026-08-05,3308,聯德,708,30,0
2026-08-05,3311,閎暉,2880,-19,6
2026-08-05,3312,弘憶股,4795,-227,44
2026-08-05,3321,同泰,0,0,0
2026-08-05,3338,泰碩,3359,9,11
2026-08-05,3346,麗清,3010,-31,8
2026-08-05,3356,奇偶,1779,9,7
2026-08-05,3376,新日興,11160,-169,0
2026-08-05,3380,明泰,5179,-3,11
2026-08-05,3406,玉晶光,2449,37,57
2026-08-05,3413,京鼎,4038,21,7
2026-08-05,3416,融程電,857,-70,17
2026-08-05,3419,譁裕,1042,0,0
2026-08-05,3432,台端,0,0,0
2026-08-05,3437,榮創,2670,-32,27
2026-08-05,3443,創意,4270,-14,50
2026-08-05,3447,展達,1868,-3,28
2026-08-05,3450,聯鈞,15370,328,264
2026-08-05,3481,群創,326416,-6595,5400
2026-08-05,3494,誠研,0,0,0
2026-08-05,3501,維熹,1161,-13,0
2026-08-05,3504,揚明光,2958,0,310
2026-08-05,3515,華擎,1641,30,3
2026-08-05,3518,柏騰,3883,22,37
2026-08-05,3528,安馳,2118,-41,11
2026-08-05,3530,晶相光,1244,6,0
2026-08-05,3532,台勝科,7687,-45,219
2026-08-05,3533,嘉澤,739,40,0
2026-08-05,3535,晶彩科,3883,30,53
2026-08-05,3543,州巧,4995,-63,104
2026-08-05,3545,敦泰,4350,16,14
2026-08-05,3550,聯穎,13458,45,9
2026-08-05,3557,嘉威,379,6,0
2026-08-05,3563,牧德,5470,144,5
2026-08-05,3576,聯合再生,0,0,0
2026-08-05,3583,辛耘,1866,-16,7
2026-08-05,3588,通嘉,1701,-27,0
2026-08-05,3591,艾笛森,27123,-73,23
2026-08-05,3592,瑞鼎,950,58,0
2026-08-05,3593,力銘,0,0,0
2026-08-05,3596,智易,1209,31,28
2026-08-05,3605,宏致,11630,1131,101
2026-08-05,3607,谷崧,1886,0,0
2026-08-05,3617,碩天,1937,-65,6
2026-08-05,3622,洋華,1764,0,2
2026-08-05,3645,達邁,5142,-260,74
2026-08-05,3652,精聯,550,-6,0
2026-08-05,3653,健策,2262,89,52
2026-08-05,3661,世芯-KY,5986,10,48
2026-08-05,3665,貿聯-KY,2196,67,61
2026-08-05,3669,圓展,901,-137,7
2026-08-05,3673,TPK-KY,14190,-127,102
2026-08-05,3679,新至陞,123,-1,0
2026-08-05,3686,達能,0,0,0
2026-08-05,3694,海華,6376,-121,30
2026-08-05,3701,大眾控,5847,218,69
2026-08-05,3702,大聯大,6411,300,210
2026-08-05,3703,欣陸,1442,-20,6
2026-08-05,3704,合勤控,6078,-170,85
2026-08-05,3705,永信,371,1,0
2026-08-05,3706,神達,29970,239,176
2026-08-05,3708,上緯投控,2959,-12,31
2026-08-05,3711,日月光投控,11959,-2495,186
2026-08-05,3712,永崴投控,2525,-56,53
2026-08-05,3714,富采,24048,-486,135
2026-08-05,3715,定穎投控,19411,304,469
2026-08-05,3716,中化控股,507,20,0
2026-08-05,3717,聯嘉投控,11310,536,138
2026-08-05,4104,佳醫,88,0,0
2026-08-05,4106,雃博,664,1,0
2026-08-05,4108,懷特,0,0,0
2026-08-05,4119,旭富,610,2,22
2026-08-05,4133,亞諾法,1286,16,0
2026-08-05,4137,麗豐-KY,1076,1,0
2026-08-05,4142,國光生,6701,-20,14
2026-08-05,4148,全宇生技-KY,400,1,0
2026-08-05,4155,訊映,932,9,0
2026-08-05,4164,承業醫,6218,0,22
2026-08-05,4190,佐登-KY,282,0,0
2026-08-05,4306,炎洲,4769,-1,11
2026-08-05,4414,如興,718,-3,0
2026-08-05,4426,利勤,999,13,0
2026-08-05,4438,廣越,752,-47,0
2026-08-05,4439,冠星-KY,252,3,16
2026-08-05,4440,宜新實業,147,0,0
2026-08-05,4441,振大環球,208,16,1
2026-08-05,4526,東台,5484,-29,82
2026-08-05,4532,瑞智,2303,0,0
2026-08-05,4536,拓凱,706,5,0
2026-08-05,4540,全球傳動,3354,62,73
2026-08-05,4545,銘鈺,1184,0,0
2026-08-05,4551,智伸科,2277,47,4
2026-08-05,4552,力達-KY,2407,28,12
2026-08-05,4555,氣立,2173,-39,29
2026-08-05,4557,永新-KY,361,24,0
2026-08-05,4560,強信-KY,289,-1,0
2026-08-05,4562,穎漢,1801,-4,30
2026-08-05,4564,元翎,10418,-89,14
2026-08-05,4566,時碩工業,4010,146,55
2026-08-05,4569,六方科-KY,740,2,1
2026-08-05,4571,鈞興-KY,972,14,1
2026-08-05,4572,駐龍,324,-1,1
2026-08-05,4576,大銀微系統,2292,159,25
2026-08-05,4581,光隆精密-KY,24,0,0
2026-08-05,4583,台灣精銳,3017,-31,3
2026-08-05,4585,達明,556,-11,55
2026-08-05,4588,玖鼎電力,392,-3,1
2026-08-05,4720,德淵,3234,14,0
2026-08-05,4722,國精化,11621,113,96
2026-08-05,4736,泰博,208,-6,1
2026-08-05,4737,華廣,1622,7,0
2026-08-05,4739,康普,8826,151,93
2026-08-05,4746,台耀,2028,1,0
2026-08-05,4755,三福化,1002,0,1
2026-08-05,4763,材料*-KY,44511,198,26
2026-08-05,4764,雙鍵,4580,27,191
2026-08-05,4766,南寶,1105,-13,0
2026-08-05,4770,上品,959,14,15
2026-08-05,4771,望隼,575,-5,0
2026-08-05,4807,日成-KY,1212,2,11
2026-08-05,4904,遠傳,718,-60,4
2026-08-05,4906,正文,27506,-508,89
2026-08-05,4912,聯德控股-KY,3596,-34,1
2026-08-05,4915,致伸,4218,123,59
2026-08-05,4916,事欣科,7202,-266,174
2026-08-05,4919,新唐,13200,182,1397
2026-08-05,4927,泰鼎-KY,23029,-141,474
2026-08-05,4930,燦星網,3811,0,0
2026-08-05,4934,太極,0,0,0
2026-08-05,4935,茂林-KY,624,5,4
2026-08-05,4938,和碩,4840,-185,22
2026-08-05,4942,嘉彰,647,5,0
2026-08-05,4943,康控-KY,0,0,0
2026-08-05,4949,有成精密,2772,14,39
2026-08-05,4952,凌通,1339,-4,6
2026-08-05,4956,光鋐,5279,153,16
2026-08-05,4958,臻鼎-KY,28697,834,623
2026-08-05,4960,誠美材,15424,8,131
2026-08-05,4961,天鈺,1504,-68,8
2026-08-05,4967,十銓,7937,-423,220
2026-08-05,4968,立積,5209,-15,41
2026-08-05,4976,佳凌,4962,-57,425
2026-08-05,4977,眾達-KY,6469,469,58
2026-08-05,4989,榮科,14305,731,1680
2026-08-05,4994,傳奇,2352,6,2
2026-08-05,4999,鑫禾,408,2,9
2026-08-05,5007,三星,7,0,0
2026-08-05,5203,訊連,1101,-3,5
2026-08-05,5215,科嘉-KY,658,25,0
2026-08-05,5222,全訊,1813,6,9
2026-08-05,5225,東科-KY,1317,-12,2
2026-08-05,5234,達興材料,1514,-17,11
2026-08-05,5236,凌陽創新,190,10,4
2026-08-05,5243,乙盛-KY,9146,19,29
2026-08-05,5244,弘凱,2358,6,2
2026-08-05,5258,虹堡,4054,61,0
2026-08-05,5269,祥碩,1964,-49,466
2026-08-05,5283,禾聯碩,73,-10,0
2026-08-05,5284,jpp-KY,3662,55,17
2026-08-05,5285,界霖,4723,-23,54
2026-08-05,5288,豐祥-KY,2631,22,0
2026-08-05,5292,華懋,851,-2,0
2026-08-05,5306,桂盟,552,0,0
2026-08-05,5388,中磊,5146,-26,27
2026-08-05,5434,崇越,992,8,1
2026-08-05,5469,瀚宇博,13601,-81,35
2026-08-05,5471,松翰,4286,4,49
2026-08-05,5484,慧友,0,0,0
2026-08-05,5515,建國,1936,61,4
2026-08-05,5519,隆大,860,7,58
2026-08-05,5521,工信,13343,105,13
2026-08-05,5522,遠雄,984,10,0
2026-08-05,5525,順天,321,3,0
2026-08-05,5531,鄉林,3698,25,11
2026-08-05,5533,皇鼎,469,-12,0
2026-08-05,5534,長虹,3385,-4,0
2026-08-05,5538,東明-KY,7,0,0
2026-08-05,5546,永固-KY,22,0,0
2026-08-05,5607,遠雄港,1740,-20,0
2026-08-05,5608,四維航,3919,-147,81
2026-08-05,5706,鳳凰,714,-2,20
2026-08-05,5871,中租-KY,4050,45,2
2026-08-05,5876,上海商銀,689,19,2
2026-08-05,5880,合庫金,2252,87,0
2026-08-05,5906,台南-KY,21,0,0
2026-08-05,5907,大洋-KY,5500,-26,0
2026-08-05,6005,群益證,5502,314,0
2026-08-05,6024,群益期,350,-6,0
2026-08-05,6108,競國,1457,6,13
2026-08-05,6112,邁達特,2923,-1,12
2026-08-05,6115,鎰勝,29,-1,0
2026-08-05,6116,彩晶,34234,1174,9041
2026-08-05,6117,迎廣,2357,17,1
2026-08-05,6120,達運,7440,-161,63
2026-08-05,6128,上福,1335,13,0
2026-08-05,6133,金橋,2947,-32,2
2026-08-05,6136,富爾特,2782,175,0
2026-08-05,6139,亞翔,7661,100,61
2026-08-05,6141,柏承,35,0,0
2026-08-05,6142,友勁,0,0,0
2026-08-05,6152,百一,0,0,0
2026-08-05,6153,嘉聯益,13547,8,74
2026-08-05,6155,鈞寶,2750,-38,36
2026-08-05,6164,華興,3849,-15,2
2026-08-05,6165,浪凡,13170,25,1
2026-08-05,6166,凌華,3593,350,106
2026-08-05,6168,宏齊,4153,-324,68
2026-08-05,6176,瑞儀,6379,203,38
2026-08-05,6177,達麗,2466,-212,2
2026-08-05,6183,關貿,9,0,0
2026-08-05,6184,大豐電,465,-10,0
2026-08-05,6189,豐藝,2325,-27,7
2026-08-05,6191,精成科,19221,-110,123
2026-08-05,6192,巨路,731,-10,0
2026-08-05,6196,帆宣,1583,-68,13
2026-08-05,6197,佳必琪,5247,-88,37
2026-08-05,6201,亞弘電,39,-17,0
2026-08-05,6202,盛群,5191,-62,51
2026-08-05,6205,詮欣,3695,17,9
2026-08-05,6206,飛捷,3108,642,18
2026-08-05,6209,今國光,12703,-239,28
2026-08-05,6213,聯茂,19224,719,529
2026-08-05,6214,精誠,2264,21,28
2026-08-05,6215,和椿,4957,-4,66
2026-08-05,6216,居易,685,2,9
2026-08-05,6224,聚鼎,1940,-9,4
2026-08-05,6225,天瀚,0,0,0
2026-08-05,6226,光鼎,2536,-270,238
2026-08-05,6230,尼得科超眾,454,-1,6
2026-08-05,6235,華孚,4378,-16,8
2026-08-05,6239,力成,22706,537,112
2026-08-05,6243,迅杰,2106,-29,174
2026-08-05,6257,矽格,10182,5,92
2026-08-05,6269,台郡,9259,256,191
2026-08-05,6271,同欣電,7873,301,44
2026-08-05,6272,驊陞,39,8,0
2026-08-05,6277,宏正,318,-18,0
2026-08-05,6278,台表科,8510,386,91
2026-08-05,6281,全國電,22,-1,0
2026-08-05,6282,康舒,23583,-330,389
2026-08-05,6283,淳安,2273,-22,1
2026-08-05,6285,啟碁,13537,131,230
2026-08-05,6405,悅城,5271,-134,40
2026-08-05,6409,旭隼,958,28,0
2026-08-05,6412,群電,2957,67,6
2026-08-05,6414,樺漢,2293,361,264
2026-08-05,6415,矽力*-KY,4268,-58,83
2026-08-05,6416,瑞祺電通,3923,-17,1
2026-08-05,6426,統新,2434,316,18
2026-08-05,6431,光麗-KY,0,0,0
2026-08-05,6438,迅得,3758,-8,14
2026-08-05,6442,光聖,4675,398,45
2026-08-05,6443,元晶,7676,-8,368
2026-08-05,6446,藥華藥,8041,111,41
2026-08-05,6449,鈺邦,2218,-94,12
2026-08-05,6451,訊芯-KY,7471,488,772
2026-08-05,6456,GIS-KY,10711,-161,123
2026-08-05,6464,台數科,2,0,0
2026-08-05,6472,保瑞,3499,19,33
2026-08-05,6477,安集,3420,95,131
2026-08-05,6491,晶碩,508,5,0
2026-08-05,6504,南六,118,2,0
2026-08-05,6505,台塑化,12360,136,320
2026-08-05,6515,穎崴,437,-1,4
2026-08-05,6525,捷敏-KY,2140,-72,22
2026-08-05,6526,達發,1459,94,1
2026-08-05,6531,愛普*,6596,201,62
2026-08-05,6533,晶心科,1991,-31,43
2026-08-05,6534,正瀚-創,1761,-4,0
2026-08-05,6541,泰福-KY,3798,2,7
2026-08-05,6550,北極星藥業-KY,0,0,0
2026-08-05,6552,易華電,1069,3,6
2026-08-05,6558,興能高,2651,-25,17
2026-08-05,6573,虹揚-KY,0,0,0
2026-08-05,6579,研揚,1347,238,8
2026-08-05,6581,鋼聯,5,0,0
2026-08-05,6582,申豐,328,-7,0
2026-08-05,6585,鼎基,2241,22,58
2026-08-05,6589,台康生技,2939,-36,2
2026-08-05,6591,動力-KY,1741,9,16
2026-08-05,6592,和潤企業,696,1,1
2026-08-05,6598,ABC-KY,0,0,0
2026-08-05,6605,帝寶,2348,-1,8
2026-08-05,6606,建德工業,575,10,0
2026-08-05,6614,資拓宏宇,71,1,0
2026-08-05,6625,必應,840,0,0
2026-08-05,6641,基士德-KY,102,0,0
2026-08-05,6645,金萬林-創,11,0,0
2026-08-05,6655,科定,0,0,0
2026-08-05,6657,華安,1292,0,0
2026-08-05,6658,聯策,1437,4,8
2026-08-05,6666,羅麗芬-KY,286,3,0
2026-08-05,6668,中揚光,2880,9,25
2026-08-05,6669,緯穎,1379,-82,26
2026-08-05,6670,復盛應用,405,-2,1
2026-08-05,6671,三能-KY,84,0,0
2026-08-05,6672,騰輝電子-KY,5790,69,19
2026-08-05,6674,鋐寶科技,243,0,3
2026-08-05,6689,伊雲谷,1259,-13,1
2026-08-05,6691,洋基工程,1525,47,23
2026-08-05,6695,芯鼎,3596,-8,34
2026-08-05,6698,旭暉應材,1971,6,0
2026-08-05,6706,惠特,7492,-71,144
2026-08-05,6715,嘉基,6846,88,22
2026-08-05,6719,力智,3638,76,4
2026-08-05,6722,輝創,67,12,0
2026-08-05,6742,澤米,1929,100,6
2026-08-05,6743,安普新,516,-5,33
2026-08-05,6753,龍德造船,5504,7,80
2026-08-05,6754,匯僑設計,127,0,0
2026-08-05,6756,威鋒電子,617,-13,2
2026-08-05,6757,台灣虎航,3526,117,6
2026-08-05,6768,志強-KY,1247,-17,24
2026-08-05,6770,力積電,137928,-4734,10223
2026-08-05,6771,平和環保-創,99,7,0
2026-08-05,6776,展碁國際,692,-2,0
2026-08-05,6781,AES-KY,2357,-55,5
2026-08-05,6782,視陽,493,6,0
2026-08-05,6789,采鈺,4716,14,33
2026-08-05,6790,永豐實,585,0,0
2026-08-05,6792,詠業,270,1,7
2026-08-05,6794,向榮生技,263,5,0
2026-08-05,6796,晉弘,589,1,1
2026-08-05,6799,來頡,2116,131,1
2026-08-05,6805,富世達,2512,85,10
2026-08-05,6807,峰源-KY,145,-2,0
2026-08-05,6830,汎銓,3820,-15,82
2026-08-05,6831,邁科,464,-12,26
2026-08-05,6834,天二科技,3509,50,122
2026-08-05,6835,圓裕,804,-5,4
2026-08-05,6838,台新藥,2583,0,0
2026-08-05,6854,錼創科技-KY創,2396,-1,4
2026-08-05,6861,睿生光電,1712,3,3
2026-08-05,6862,三集瑞-KY,958,7,8
2026-08-05,6863,永道-KY,1084,9,16
2026-08-05,6869,雲豹能源,2823,-44,0
2026-08-05,6873,泓德能源,3501,9,96
2026-08-05,6885,全福生技,2332,21,20
2026-08-05,6887,寶綠特-KY,943,13,0
2026-08-05,6890,來億-KY,782,-21,11
2026-08-05,6901,鑽石投資,6655,-46,50
2026-08-05,6902,GOGOLOOK,606,-18,0
2026-08-05,6906,現觀科,503,20,0
2026-08-05,6909,創控,1418,5,6
2026-08-05,6914,阜爾運通,360,-1,0
2026-08-05,6916,華凌,397,2,0
2026-08-05,6918,愛派司,84,0,0
2026-08-05,6919,康霈*,0,0,0
2026-08-05,6923,中台,1746,-7,0
2026-08-05,6928,攸泰科技,799,7,10
2026-08-05,6931,青松健康,103,0,0
2026-08-05,6933,AMAX-KY,932,1,5
2026-08-05,6936,永鴻生技,242,0,0
2026-08-05,6937,天虹,1469,-19,6
2026-08-05,6944,兆聯實業,817,20,25
2026-08-05,6949,沛爾生醫-創,5291,-4,3
2026-08-05,6951,青新-創,77,0,0
2026-08-05,6952,大武山,33,19,0
2026-08-05,6957,裕慶-KY,1665,28,97
2026-08-05,6958,日盛台駿,138,3,0
2026-08-05,6962,奕力-KY,8364,-9,8
2026-08-05,6965,中傑-KY,42,0,0
2026-08-05,6994,富威電力,3031,27,17
2026-08-05,7631,聚賢研發-創,76,0,0
2026-08-05,7705,三商餐飲,87,0,0
2026-08-05,7711,永擎,525,0,3
2026-08-05,7721,微程式,1146,-4,0
2026-08-05,7722,LINEPAY,528,-4,0
2026-08-05,7730,暉盛-創,482,-3,1
2026-08-05,7732,金興精密,80,0,0
2026-08-05,7736,虎山,66,0,0
2026-08-05,7740,熙特爾-創,1800,10,0
2026-08-05,7749,意騰-KY,1044,12,0
2026-08-05,7750,新代,566,62,1
2026-08-05,7765,中華資安,461,0,0
2026-08-05,7769,鴻勁,314,-10,1
2026-08-05,7780,大研生醫*,305,5,0
2026-08-05,7786,東方風能,187,3,0
2026-08-05,7788,松川精密,1593,-25,4
2026-08-05,7791,皇家可口,20,0,0
2026-08-05,7795,長廣,669,76,0
2026-08-05,7799,禾榮科,1232,12,3
2026-08-05,8011,台通,3412,11,3
2026-08-05,8016,矽創,1453,-36,8
2026-08-05,8021,尖點,10687,762,126
2026-08-05,8028,昇陽半導體,4505,-239,46
2026-08-05,8033,雷虎,6009,-75,106
2026-08-05,8039,台虹,20827,-585,1624
2026-08-05,8045,達運光電,4957,-6,0
2026-08-05,8046,南電,9282,-78,312
2026-08-05,8070,長華*,5978,-60,16
2026-08-05,8072,陞泰,1741,-9,0
2026-08-05,8081,致新,1795,35,4
2026-08-05,8101,華冠,0,0,0
2026-08-05,8103,瀚荃,3003,95,0
2026-08-05,8104,錸寶,3388,21,9
2026-08-05,8105,凌巨,8367,30,495
2026-08-05,8110,華東,14867,175,464
2026-08-05,8112,至上,16722,136,2787
2026-08-05,8114,振樺電,1513,13,15
2026-08-05,8131,福懋科,4360,-498,114
2026-08-05,8150,南茂,17014,1078,351
2026-08-05,8162,微矽電子-創,1632,13,0
2026-08-05,8163,達方,2417,121,13
2026-08-05,8201,無敵,0,0,0
2026-08-05,8210,勤誠,2334,-72,18
2026-08-05,8213,志超,3716,-11,0
2026-08-05,8215,明基材,3120,-59,19
2026-08-05,8222,寶一,3269,-54,30
2026-08-05,8249,菱光,3798,10,12
2026-08-05,8261,富鼎,6443,-182,60
2026-08-05,8271,宇瞻,6393,168,671
2026-08-05,8341,日友,374,1,0
2026-08-05,8367,建新國際,12,0,0
2026-08-05,8374,羅昇,1506,-34,3
2026-08-05,8404,百和興業-KY,3756,8,0
2026-08-05,8411,福貞-KY,26,4,0
2026-08-05,8422,可寧衛*,24747,104,88
2026-08-05,8429,金麗-KY,14375,303,0
2026-08-05,8438,昶昕,3315,64,0
2026-08-05,8442,威宏-KY,722,-17,20
2026-08-05,8443,阿瘦,28,0,0
2026-08-05,8454,富邦媒,1471,27,56
2026-08-05,8462,柏文,1134,0,16
2026-08-05,8463,潤泰材,120,0,0
2026-08-05,8464,億豐,46,-2,0
2026-08-05,8466,美吉吉-KY,1299,1,0
2026-08-05,8467,波力-KY,240,-4,0
2026-08-05,8473,山林水,2150,6,21
2026-08-05,8476,台境*,18258,9,171
2026-08-05,8478,東哥遊艇,1024,-24,0
2026-08-05,8481,政伸,5,0,0
2026-08-05,8482,商億-KY,164,-1,0
2026-08-05,8487,愛爾達-創,37,1,0
2026-08-05,8488,吉源-KY,20,0,0
2026-08-05,8499,鼎炫-KY,585,7,0
2026-08-05,8926,台汽電,6983,78,57
2026-08-05,8940,新天地,97,5,0
2026-08-05,8996,高力,4154,99,89
2026-08-05,9802,鈺齊-KY,2105,27,50
2026-08-05,9902,台火,3178,49,1
2026-08-05,9904,寶成,27621,1090,24
2026-08-05,9905,大華,25,0,0
2026-08-05,9906,欣巴巴,428,2,0
2026-08-05,9907,統一實,4170,-23,43
2026-08-05,9908,大台北,128,5,0
2026-08-05,9910,豐泰,2238,-4,2
2026-08-05,9911,櫻花,417,28,0
2026-08-05,9912,偉聯,0,0,0
2026-08-05,9914,美利達,2692,-32,0
2026-08-05,9917,中保科,81,24,0
2026-08-05,9918,欣天然,95,0,0
2026-08-05,9919,康那香,8240,-182,1
2026-08-05,9921,巨大,1909,-3,190
2026-08-05,9924,福興,741,0,0
2026-08-05,9925,新保,1,0,0
2026-08-05,9926,新海,12,0,0
2026-08-05,9927,泰銘,61,4,0
2026-08-05,9928,中視,459,0,0
2026-08-05,9929,秋雨,0,0,0
2026-08-05,9930,中聯資源,20,0,0
2026-08-05,9931,欣高,67,0,0
2026-08-05,9933,中鼎,4068,4,3
2026-08-05,9934,成霖,5700,-70,4
2026-08-05,9935,慶豐富,1287,9,0
2026-08-05,9937,全國,122,0,0
2026-08-05,9938,百和,3304,39,100
2026-08-05,9939,宏全,1255,-122,1
2026-08-05,9940,信義,1255,-7,0
2026-08-05,9941,裕融,913,-8,4
2026-08-05,9942,茂順,23,0,0
2026-08-05,9943,好樂迪,82,1,0
2026-08-05,9944,新麗,5525,7,4
2026-08-05,9945,潤泰新,20315,132,21
2026-08-05,9946,三發地產,1117,-20,0
2026-08-05,9955,佳龍,1067,-8,37
2026-08-05,9958,世紀鋼,8076,13,10
2026-08-06,1101,台泥,32504,-1449,55
2026-08-06,1102,亞泥,1604,-77,2
2026-08-06,1103,嘉泥,4193,49,0
2026-08-06,1104,環泥,1704,8,0
2026-08-06,1108,幸福,426,3,44
2026-08-06,1109,信大,268,0,0
2026-08-06,1110,東泥,2590,-25,0
2026-08-06,1201,味全,1397,-37,0
2026-08-06,1203,味王,24,0,0
2026-08-06,1210,大成,772,-2,0
2026-08-06,1213,大飲,0,0,0
2026-08-06,1215,卜蜂,415,-17,1
2026-08-06,1216,統一,1229,-17,18
2026-08-06,1217,愛之味,1613,-28,1
2026-08-06,1218,泰山,1520,0,120
2026-08-06,1219,福壽,266,-2,1
2026-08-06,1220,台榮,858,0,18
2026-08-06,1225,福懋油,6783,1,8
2026-08-06,1227,佳格,1050,-6,3
2026-08-06,1229,聯華,2941,16,23
2026-08-06,1231,聯華食,255,-47,0
2026-08-06,1232,大統益,197,7,0
2026-08-06,1233,天仁,22,0,0
2026-08-06,1234,黑松,13,0,0
2026-08-06,1235,興泰,1157,-1,0
2026-08-06,1236,宏亞,174,-10,0
2026-08-06,1256,鮮活果汁-KY,310,12,2
2026-08-06,1301,台塑,21788,317,143
2026-08-06,1303,南亞,55405,-412,1630
2026-08-06,1304,台聚,10463,9,139
2026-08-06,1305,華夏,6393,-57,26
2026-08-06,1307,三芳,1319,-1,0
2026-08-06,1308,亞聚,6042,10,6
2026-08-06,1309,台達化,7342,245,63
2026-08-06,1310,台苯,11830,-168,109
2026-08-06,1312,國喬,36449,798,176
2026-08-06,1313,聯成,11144,-556,23
2026-08-06,1314,中石化,72888,-1911,35
2026-08-06,1315,達新,14,0,0
2026-08-06,1316,上曜,9614,-189,42
2026-08-06,1319,東陽,7018,-24,12
2026-08-06,1321,大洋,7206,58,1
2026-08-06,1323,永裕,76,0,0
2026-08-06,1324,地球,1262,0,0
2026-08-06,1325,恆大,2298,-39,75
2026-08-06,1326,台化,32627,574,472
2026-08-06,1337,再生-KY,21414,-3,0
2026-08-06,1338,廣華-KY,3855,2,0
2026-08-06,1339,昭輝,891,7,1
2026-08-06,1340,勝悅-KY,1083,29,0
2026-08-06,1342,八貫,564,-12,3
2026-08-06,1402,遠東新,6842,-303,41
2026-08-06,1409,新纖,22334,49,80
2026-08-06,1410,南染,241,0,0
2026-08-06,1413,宏洲,0,0,0
2026-08-06,1414,東和,1433,103,0
2026-08-06,1416,廣豐,3283,1,0
2026-08-06,1417,嘉裕,2002,0,0
2026-08-06,1418,東華,777,0,0
2026-08-06,1419,新紡,1276,3,0
2026-08-06,1423,利華,86,-1,0
2026-08-06,1432,大魯閣,131,1,3
2026-08-06,1434,福懋,7092,118,4
2026-08-06,1435,中福,0,0,0
2026-08-06,1436,華友聯,1002,29,33
2026-08-06,1437,勤益控,2999,8,0
2026-08-06,1438,三地開發,141,-3,0
2026-08-06,1439,雋揚,1031,-1,0
2026-08-06,1440,南紡,5361,12,3
2026-08-06,1441,大東,0,0,0
2026-08-06,1442,名軒,2731,-1,8
2026-08-06,1443,立益物流,8,0,0
2026-08-06,1444,力麗,568,0,0
2026-08-06,1445,大宇,1355,0,0
2026-08-06,1446,宏和,1445,10,0
2026-08-06,1447,力鵬,761,0,0
2026-08-06,1449,佳和,3112,-26,5
2026-08-06,1451,年興,569,0,0
2026-08-06,1452,宏益,108,0,0
2026-08-06,1453,大將,989,-51,4
2026-08-06,1454,台富,2169,-4,0
2026-08-06,1455,集盛,3162,38,0
2026-08-06,1456,怡華,775,6,0
2026-08-06,1457,宜進,663,0,1
2026-08-06,1459,聯發,407,36,0
2026-08-06,1460,宏遠,0,0,0
2026-08-06,1463,強盛新,487,12,0
2026-08-06,1464,得力,1943,-22,0
2026-08-06,1465,偉全,3239,-8,0
2026-08-06,1466,聚隆,3249,40,9
2026-08-06,1467,南緯,6973,349,14
2026-08-06,1468,昶和,0,0,0
2026-08-06,1470,大統新創,5,0,0
2026-08-06,1471,首利,0,0,0
2026-08-06,1472,三洋實業,3882,0,3
2026-08-06,1473,台南,766,0,1
2026-08-06,1474,弘裕,3332,0,0
2026-08-06,1475,業旺,464,-2,0
2026-08-06,1476,儒鴻,699,-32,17
2026-08-06,1477,聚陽,1338,-38,6
2026-08-06,1503,士電,2789,4,25
2026-08-06,1504,東元,27919,86,64
2026-08-06,1506,正道,0,0,0
2026-08-06,1512,瑞利,0,0,0
2026-08-06,1513,中興電,7483,61,37
2026-08-06,1514,亞力,6029,-61,22
2026-08-06,1515,力山,2045,-26,7
2026-08-06,1516,川飛,2,0,0
2026-08-06,1517,利奇,2312,104,4
2026-08-06,1519,華城,2903,14,11
2026-08-06,1521,大億,448,-1,0
2026-08-06,1522,堤維西,3949,4,5
2026-08-06,1524,耿鼎,3808,27,17
2026-08-06,1525,江申,228,-9,0
2026-08-06,1526,日馳,956,167,41
2026-08-06,1527,鑽全,538,-1,0
2026-08-06,1528,恩德,5701,-26,36
2026-08-06,1529,樂事綠能,2735,3,645
2026-08-06,1530,亞崴,264,2,0
2026-08-06,1531,高林股,1716,6,4
2026-08-06,1532,勤美,2947,-6,0
2026-08-06,1533,車王電,524,2,2
2026-08-06,1535,中宇,57,0,0
2026-08-06,1536,和大,7410,-151,137
2026-08-06,1537,廣隆,56,0,0
2026-08-06,1538,正峰,0,0,0
2026-08-06,1539,巨庭,1276,-1,0
2026-08-06,1540,喬福,1511,4,1
2026-08-06,1541,錩泰,104,-4,0
2026-08-06,1558,伸興,254,0,0
2026-08-06,1560,中砂,1707,-83,38
2026-08-06,1563,巧新,6095,3,3
2026-08-06,1568,倉佑,2171,18,1
2026-08-06,1582,信錦,3554,-30,4
2026-08-06,1583,程泰,65,0,0
2026-08-06,1587,吉茂,1646,9,26
2026-08-06,1589,永冠-KY,655,0,0
2026-08-06,1590,亞德客-KY,164,4,0
2026-08-06,1597,直得,2642,61,40
2026-08-06,1598,岱宇,2036,-1,0
2026-08-06,1603,華電,1810,2,1
2026-08-06,1604,聲寶,200,0,0
2026-08-06,1605,華新,48967,830,589
2026-08-06,1608,華榮,7780,138,37
2026-08-06,1609,大亞,12377,138,8
2026-08-06,1611,中電,3195,1,1
2026-08-06,1612,宏泰,1963,58,55
2026-08-06,1614,三洋電,325,2,0
2026-08-06,1615,大山,158,0,0
2026-08-06,1616,億泰,2762,0,1
2026-08-06,1617,榮星,1792,-152,10
2026-08-06,1618,合機,3372,1,15
2026-08-06,1623,大東電,25,5,0
2026-08-06,1626,艾美特-KY,1629,1,0
2026-08-06,1702,南僑,295,0,0
2026-08-06,1707,葡萄王,333,5,29
2026-08-06,1708,東鹼,6371,73,69
2026-08-06,1709,和益,18687,1458,16
2026-08-06,1710,東聯,12174,209,36
2026-08-06,1711,永光,13527,-52,109
2026-08-06,1712,興農,454,-2,0
2026-08-06,1713,國化,3075,50,0
2026-08-06,1714,和桐,14734,1233,121
2026-08-06,1717,長興,16635,90,294
2026-08-06,1718,中纖,21136,1386,138
2026-08-06,1720,生達,329,6,0
2026-08-06,1721,三晃,126,0,0
2026-08-06,1722,台肥,2923,25,2
2026-08-06,1723,中碳,625,22,0
2026-08-06,1725,元禎,275,4,0
2026-08-06,1726,永記,25,0,0
2026-08-06,1727,中華化,5861,14,47
2026-08-06,1730,花仙子,8,3,0
2026-08-06,1731,美吾華,317,2,0
2026-08-06,1732,毛寶,940,1,29
2026-08-06,1733,五鼎,2487,-1,6
2026-08-06,1734,杏輝,301,0,0
2026-08-06,1735,日勝化,668,-1,0
2026-08-06,1736,喬山,1967,-23,25
2026-08-06,1737,臺鹽,21,0,0
2026-08-06,1752,南光,329,0,0
2026-08-06,1760,寶齡富錦,1020,2,0
2026-08-06,1762,中化生,729,1,1
2026-08-06,1773,勝一,1073,-13,1
2026-08-06,1776,展宇,772,-5,1
2026-08-06,1783,和康生,596,7,0
2026-08-06,1786,科妍,4963,3,11
2026-08-06,1789,神隆,3303,32,7
2026-08-06,1795,美時,8755,-40,14
2026-08-06,1802,台玻,35570,308,1151
2026-08-06,1805,寶徠,1481,-13,0
2026-08-06,1806,冠軍,2937,3,2
2026-08-06,1808,潤隆,5856,111,1
2026-08-06,1809,中釉,5306,-30,50
2026-08-06,1810,和成,20488,155,166
2026-08-06,1817,凱撒衛,16,0,0
2026-08-06,1903,士紙,2467,-2,0
2026-08-06,1904,正隆,4455,-45,2
2026-08-06,1905,華紙,12522,112,39
2026-08-06,1906,寶隆,7272,-2,0
2026-08-06,1907,永豐餘,23953,-161,15
2026-08-06,1909,榮成,9393,19,55
2026-08-06,2002,中鋼,38984,-603,77
2026-08-06,2006,東和鋼鐵,1177,137,31
2026-08-06,2007,燁興,5,0,0
2026-08-06,2008,高興昌,121,0,0
2026-08-06,2009,第一銅,6606,285,39
2026-08-06,2010,春源,2164,80,0
2026-08-06,2012,春雨,191,2,0
2026-08-06,2013,中鋼構,1413,4,0
2026-08-06,2014,中鴻,1105,-11,0
2026-08-06,2015,豐興,46,1,0
2026-08-06,2017,官田鋼,8162,8,1
2026-08-06,2020,美亞,688,2,0
2026-08-06,2022,聚亨,2109,36,0
2026-08-06,2023,燁輝,2685,7,56
2026-08-06,2024,志聯,61,-1,0
2026-08-06,2025,千興,0,0,0
2026-08-06,2027,大成鋼,26504,1339,375
2026-08-06,2028,威致,1210,-2,0
2026-08-06,2029,盛餘,449,19,0
2026-08-06,2030,彰源,4396,51,1
2026-08-06,2031,新光鋼,1219,-76,6
2026-08-06,2032,新鋼,2735,-48,5
2026-08-06,2033,佳大,2744,-2,1
2026-08-06,2034,允強,3484,-15,3
2026-08-06,2038,海光,3675,158,0
2026-08-06,2049,上銀,3352,-86,149
2026-08-06,2059,川湖,569,93,38
2026-08-06,2062,橋椿,1323,5,1
2026-08-06,2069,運錩,297,-99,0
2026-08-06,2101,南港,21249,175,2
2026-08-06,2102,泰豐,3512,28,4
2026-08-06,2103,台橡,13921,40,148
2026-08-06,2104,國際中橡,19086,-39,105
2026-08-06,2105,正新,8861,-45,27
2026-08-06,2106,建大,2668,-2,1
2026-08-06,2107,厚生,85,-4,0
2026-08-06,2108,南帝,2654,-3,31
2026-08-06,2109,華豐,680,-1,0
2026-08-06,2114,鑫永銓,6,0,0
2026-08-06,2115,六暉-KY,505,0,3
2026-08-06,2201,裕隆,9539,8,8
2026-08-06,2204,中華,1453,89,20
2026-08-06,2206,三陽工業,4046,7,0
2026-08-06,2207,和泰車,63,-1,0
2026-08-06,2208,台船,0,0,0
2026-08-06,2211,長榮鋼,609,120,13
2026-08-06,2228,劍麟,1563,0,6
2026-08-06,2231,為升,2577,-9,166
2026-08-06,2233,宇隆,4590,-485,26
2026-08-06,2236,百達-KY,11799,11,6
2026-08-06,2239,英利-KY,1624,30,0
2026-08-06,2241,艾姆勒,8017,606,6
2026-08-06,2243,宏旭-KY,1320,3,5
2026-08-06,2247,汎德永業,155,-1,1
2026-08-06,2248,華勝-KY,545,5,0
2026-08-06,2250,IKKA-KY,1216,2,2
2026-08-06,2254,巨鎧精密-創,2515,0,0
2026-08-06,2301,光寶科,13864,1397,676
2026-08-06,2302,麗正,3747,68,195
2026-08-06,2303,聯電,159836,-4147,1215
2026-08-06,2305,全友,5931,-703,429
2026-08-06,2308,台達電,8387,-31,31
2026-08-06,2312,金寶,44636,687,406
2026-08-06,2313,華通,29725,-856,1345
2026-08-06,2314,台揚,0,0,0
2026-08-06,2316,楠梓電,3406,-5,55
2026-08-06,2317,鴻海,51547,1668,669
2026-08-06,2321,東訊,0,0,0
2026-08-06,2323,中環,29567,646,55
2026-08-06,2324,仁寶,52434,399,878
2026-08-06,2327,國巨*,34362,732,577
2026-08-06,2328,廣宇,16368,240,83
2026-08-06,2329,華泰,13764,-33,296
2026-08-06,2330,台積電,29949,723,38
2026-08-06,2331,精英,9743,14,23
2026-08-06,2332,友訊,28698,815,770
2026-08-06,2337,旺宏,95287,-916,4149
2026-08-06,2338,光罩,4991,-43,88
2026-08-06,2340,台亞,7505,124,66
2026-08-06,2342,茂矽,3466,-37,49
2026-08-06,2344,華邦電,139176,7984,5415
2026-08-06,2345,智邦,1498,104,11
2026-08-06,2347,聯強,1248,116,7
2026-08-06,2348,海悅,2889,-86,14
2026-08-06,2349,錸德,0,0,0
2026-08-06,2351,順德,10724,-42,161
2026-08-06,2352,佳世達,15031,27,12
2026-08-06,2353,宏碁,40359,-180,2393
2026-08-06,2354,鴻準,27112,2300,169
2026-08-06,2355,敬鵬,8835,-54,68
2026-08-06,2356,英業達,28601,-109,624
2026-08-06,2357,華碩,2012,31,33
2026-08-06,2359,所羅門,5330,-410,178
2026-08-06,2360,致茂,1541,2,11
2026-08-06,2362,藍天,2746,27,12
2026-08-06,2363,矽統,16445,-26,115
2026-08-06,2364,倫飛,725,10,1
2026-08-06,2365,昆盈,7927,-98,23
2026-08-06,2367,燿華,23915,-174,302
2026-08-06,2368,金像電,7077,1124,545
2026-08-06,2369,菱生,12614,173,175
2026-08-06,2371,大同,45909,-287,491
2026-08-06,2373,震旦行,45,0,0
2026-08-06,2374,佳能,15995,-31,31
2026-08-06,2375,凱美,4951,-167,24
2026-08-06,2376,技嘉,6480,271,86
2026-08-06,2377,微星,13372,286,328
2026-08-06,2379,瑞昱,2498,13,43
2026-08-06,2380,虹光,0,0,0
2026-08-06,2382,廣達,16628,184,153
2026-08-06,2383,台光電,2058,-37,22
2026-08-06,2385,群光,3158,53,55
2026-08-06,2387,精元,1223,-18,1
2026-08-06,2388,威盛,10208,307,342
2026-08-06,2390,云辰,1927,42,0
2026-08-06,2392,正崴,4544,-9,17
2026-08-06,2393,億光,2501,29,14
2026-08-06,2395,研華,1971,-215,39
2026-08-06,2397,友通,1640,-165,2
2026-08-06,2399,映泰,10480,-105,225
2026-08-06,2401,凌陽,7707,-64,127
2026-08-06,2402,毅嘉,11911,-25,18
2026-08-06,2404,漢唐,2144,-71,9
2026-08-06,2405,輔信,7654,-14,39
2026-08-06,2406,國碩,13322,-21,438
2026-08-06,2408,南亞科,93736,-448,2535
2026-08-06,2409,友達,218366,2495,5443
2026-08-06,2412,中華電,3118,-273,41
2026-08-06,2413,環科,4188,30,13
2026-08-06,2414,精技,538,-20,3
2026-08-06,2415,錩新,2448,-2,0
2026-08-06,2417,圓剛,3001,27,4
2026-08-06,2419,仲琦,5839,8,4
2026-08-06,2420,新巨,788,-61,8
2026-08-06,2421,建準,4502,-191,57
2026-08-06,2423,固緯,619,1,8
2026-08-06,2424,隴華,0,0,0
2026-08-06,2425,承啟,5577,76,87
2026-08-06,2426,鼎元,14342,751,380
2026-08-06,2427,三商電,5323,-34,9
2026-08-06,2428,興勤,2034,68,18
2026-08-06,2429,銘旺科,582,0,0
2026-08-06,2430,燦坤,97,0,6
2026-08-06,2431,聯昌,1526,0,0
2026-08-06,2432,倚天酷碁-創,317,-33,0
2026-08-06,2433,互盛電,24,0,0
2026-08-06,2434,統懋,308,18,33
2026-08-06,2436,偉詮電,6430,217,2367
2026-08-06,2438,翔耀,0,0,0
2026-08-06,2439,美律,3785,122,13
2026-08-06,2440,太空梭,1644,10,1
2026-08-06,2441,超豐,9646,171,92
2026-08-06,2442,新美齊,4119,-3,1
2026-08-06,2444,兆勁,0,0,0
2026-08-06,2449,京元電子,19164,994,227
2026-08-06,2450,神腦,81,3,0
2026-08-06,2451,創見,7228,-143,544
2026-08-06,2453,凌群,2370,-3,1
2026-08-06,2454,聯發科,9974,67,33
2026-08-06,2455,全新,10249,-543,337
2026-08-06,2457,飛宏,12033,23,80
2026-08-06,2458,義隆,3826,395,29
2026-08-06,2459,敦吉,88,-3,0
2026-08-06,2460,建通,293,0,0
2026-08-06,2461,光群雷,8419,35,2
2026-08-06,2462,良得電,2310,8,0
2026-08-06,2464,盟立,18522,1217,952
2026-08-06,2465,麗臺,3624,-73,71
2026-08-06,2466,冠西電,6015,-16,213
2026-08-06,2467,志聖,1752,15,44
2026-08-06,2468,華經,3277,21,0
2026-08-06,2471,資通,1291,19,2
2026-08-06,2472,立隆電,4562,19,44
2026-08-06,2474,可成,8524,18,12
2026-08-06,2476,鉅祥,40598,-140,6
2026-08-06,2477,美隆電,1137,0,0
2026-08-06,2478,大毅,7668,25,49
2026-08-06,2480,敦陽科,410,-5,2
2026-08-06,2481,強茂,12802,-1380,602
2026-08-06,2482,連宇,1801,20,0
2026-08-06,2483,百容,1910,-32,15
2026-08-06,2484,希華,15718,-2,313
2026-08-06,2485,兆赫,10941,16,278
2026-08-06,2486,一詮,21740,585,569
2026-08-06,2488,漢平,534,-8,0
2026-08-06,2489,瑞軒,28521,71,348
2026-08-06,2491,吉祥全,1693,-17,7
2026-08-06,2492,華新科,11526,869,176
2026-08-06,2493,揚博,9869,429,43
2026-08-06,2495,普安,7801,-147,22
2026-08-06,2496,卓越,34,-2,0
2026-08-06,2497,怡利電,1762,-5,5
2026-08-06,2498,宏達電,28478,115,693
2026-08-06,2501,國建,4714,103,0
2026-08-06,2504,國產,4782,-7,2
2026-08-06,2505,國揚,3221,71,0
2026-08-06,2506,太設,1854,0,0
2026-08-06,2509,全坤建,549,0,1
2026-08-06,2511,太子,2524,-27,1
2026-08-06,2514,龍邦,18155,39,1
2026-08-06,2515,中工,29566,-2,40
2026-08-06,2516,新建,0,0,0
2026-08-06,2520,冠德,2248,39,0
2026-08-06,2524,京城,3187,4,0
2026-08-06,2527,宏璟,5747,227,8
2026-08-06,2528,皇普,6280,-25,0
2026-08-06,2530,華建,6873,11,4
2026-08-06,2534,宏盛,11960,0,0
2026-08-06,2535,達欣工,276,-98,5
2026-08-06,2536,宏普,4878,15,0
2026-08-06,2537,聯上發,3644,-10,3
2026-08-06,2538,基泰,2411,95,0
2026-08-06,2539,櫻花建,2313,-10,3
2026-08-06,2540,愛山林,2981,95,0
2026-08-06,2542,興富發,4759,-247,211
2026-08-06,2543,皇昌,9192,-31,16
2026-08-06,2545,皇翔,2790,14,9
2026-08-06,2546,根基,100,6,0
2026-08-06,2547,日勝生,10418,59,0
2026-08-06,2548,華固,2119,19,4
2026-08-06,2597,潤弘,170,-1,0
2026-08-06,2601,益航,375,0,0
2026-08-06,2603,長榮,15315,153,226
2026-08-06,2605,新興,12557,66,17
2026-08-06,2606,裕民,2656,4,4
2026-08-06,2607,榮運,822,9,1
2026-08-06,2608,嘉里大榮,1117,0,1
2026-08-06,2609,陽明,32580,209,298
2026-08-06,2610,華航,46166,86,468
2026-08-06,2611,志信,2112,0,1
2026-08-06,2612,中航,1653,-5,2
2026-08-06,2613,中櫃,2124,-7,12
2026-08-06,2614,東森,5347,15,0
2026-08-06,2615,萬海,15092,-100,83
2026-08-06,2616,山隆,430,3,0
2026-08-06,2617,台航,2136,-7,0
2026-08-06,2618,長榮航,38729,-177,560
2026-08-06,2630,亞航,5246,-21,32
2026-08-06,2633,台灣高鐵,1818,-6,30
2026-08-06,2634,漢翔,23802,-2,291
2026-08-06,2636,台驊控股,614,-1,1
2026-08-06,2637,慧洋-KY,2464,35,25
2026-08-06,2642,宅配通,601,-1,0
2026-08-06,2645,長榮航太,2946,-15,7
2026-08-06,2646,星宇航空,3797,-90,25
2026-08-06,2701,萬企,382,0,0
2026-08-06,2702,華園,429,1,0
2026-08-06,2704,國賓,111,0,0
2026-08-06,2705,六福,559,2,0
2026-08-06,2706,第一店,652,0,0
2026-08-06,2707,晶華,177,-1,0
2026-08-06,2712,遠雄來,7,0,0
2026-08-06,2722,夏都,414,24,0
2026-08-06,2723,美食-KY,1675,7,0
2026-08-06,2727,王品,352,3,4
2026-08-06,2731,雄獅,919,3,6
2026-08-06,2739,寒舍,895,13,0
2026-08-06,2748,雲品,505,-5,0
2026-08-06,2753,八方雲集,519,2,2
2026-08-06,2762,世界健身-KY,212,3,0
2026-08-06,2801,彰銀,8347,41,57
2026-08-06,2812,台中銀,2900,58,29
2026-08-06,2816,旺旺保,601,0,0
2026-08-06,2820,華票,505,-4,1
2026-08-06,2832,台產,556,3,0
2026-08-06,2834,臺企銀,24287,-96,99
2026-08-06,2836,高雄銀,6772,6,1
2026-08-06,2838,聯邦銀,848,-5,1
2026-08-06,2845,遠東銀,4343,458,25
2026-08-06,2849,安泰銀,267,4,0
2026-08-06,2850,新產,315,1,0
2026-08-06,2851,中再保,983,27,0
2026-08-06,2852,第一保,1533,32,0
2026-08-06,2855,統一證,5840,115,130
2026-08-06,2867,三商壽,1952,-12,22
2026-08-06,2880,華南金,644,49,0
2026-08-06,2881,富邦金,7558,623,186
2026-08-06,2882,國泰金,4689,45,229
2026-08-06,2883,凱基金,11057,1490,112
2026-08-06,2884,玉山金,5036,24,245
2026-08-06,2885,元大金,2273,78,4
2026-08-06,2886,兆豐金,1287,-33,47
2026-08-06,2887,台新新光金,40168,638,162
2026-08-06,2889,國票金,2843,1,3
2026-08-06,2890,永豐金,3110,57,48
2026-08-06,2891,中信金,3732,92,32
2026-08-06,2892,第一金,1829,-127,0
2026-08-06,2897,王道銀行,1730,-3,7
2026-08-06,2901,欣欣,473,0,0
2026-08-06,2903,遠百,1534,10,0
2026-08-06,2904,匯僑,32,0,0
2026-08-06,2905,三商,7632,60,3
2026-08-06,2906,高林,616,8,0
2026-08-06,2908,特力,14084,66,0
2026-08-06,2910,統領,49,2,0
2026-08-06,2911,麗嬰房,209,8,0
2026-08-06,2912,統一超,649,37,0
2026-08-06,2913,農林,6879,12,6
2026-08-06,2915,潤泰全,8616,16,5
2026-08-06,2929,淘帝-KY,2109,10,0
2026-08-06,2939,永邑-KY,249,4,0
2026-08-06,3002,歐格,1846,1,15
2026-08-06,3003,健和興,3173,-21,2
2026-08-06,3004,豐達科,1819,-5,8
2026-08-06,3005,神基,8684,36,45
2026-08-06,3006,晶豪科,16881,-68,743
2026-08-06,3008,大立光,2352,70,13
2026-08-06,3010,華立,1339,60,10
2026-08-06,3011,今皓,3030,79,63
2026-08-06,3013,晟銘電,8592,4,48
2026-08-06,3014,聯陽,2330,78,28
2026-08-06,3015,全漢,2497,-4,3
2026-08-06,3016,嘉晶,7399,169,238
2026-08-06,3017,奇鋐,4205,-12,109
2026-08-06,3018,隆銘綠能,0,0,0
2026-08-06,3019,亞光,10847,43,46
2026-08-06,3021,鴻名,593,2,0
2026-08-06,3022,威強電,6442,109,15
2026-08-06,3023,信邦,1039,-63,0
2026-08-06,3024,憶聲,9211,144,6
2026-08-06,3025,星通,1627,4,0
2026-08-06,3026,禾伸堂,7280,-68,225
2026-08-06,3027,盛達,4613,-15,0
2026-08-06,3028,增你強,3044,119,29
2026-08-06,3029,零壹,3244,12,14
2026-08-06,3030,德律,10340,-44,7
2026-08-06,3031,佰鴻,5341,11,5
2026-08-06,3032,偉訓,8179,-134,19
2026-08-06,3033,威健,9131,-128,292
2026-08-06,3034,聯詠,2524,86,32
2026-08-06,3035,智原,10103,-26,356
2026-08-06,3036,文曄,20994,2996,627
2026-08-06,3037,欣興,39633,403,600
2026-08-06,3038,全台,1487,29,0
2026-08-06,3040,遠見,10104,-14,1
2026-08-06,3041,揚智,3556,53,39
2026-08-06,3042,晶技,18578,62,249
2026-08-06,3043,科風,849,-1,0
2026-08-06,3044,健鼎,6204,64,4
2026-08-06,3045,台灣大,1376,120,15
2026-08-06,3046,建碁,1103,28,10
2026-08-06,3047,訊舟,6488,3,4
2026-08-06,3048,益登,6125,-143,96
2026-08-06,3049,精金,0,0,0
2026-08-06,3050,鈺德,3209,1,4
2026-08-06,3051,力特,4102,15,0
2026-08-06,3052,夆典,1687,11,0
2026-08-06,3054,立萬利,922,3,0
2026-08-06,3055,蔚華科,5452,-17,123
2026-08-06,3056,富華新,3512,-56,0
2026-08-06,3057,喬鼎,0,0,0
2026-08-06,3058,立德,0,0,0
2026-08-06,3059,華晶科,11157,101,11
2026-08-06,3060,銘異,8637,-29,16
2026-08-06,3062,建漢,9738,91,52
2026-08-06,3090,日電貿,6010,404,44
2026-08-06,3092,鴻碩,3615,12,0
2026-08-06,3094,聯傑,2792,32,137
2026-08-06,3130,一零四,11,0,0
2026-08-06,3135,凌航,3194,8,250
2026-08-06,3138,耀登,2010,-29,4
2026-08-06,3149,正達,21199,270,11222
2026-08-06,3150,鈺寶-創,232,0,0
2026-08-06,3164,景岳,307,0,0
2026-08-06,3167,大量,5634,-19,16
2026-08-06,3168,眾福科,38,0,0
2026-08-06,3189,景碩,22559,481,562
2026-08-06,3209,全科,5588,-10,6
2026-08-06,3229,晟鈦,0,0,0
2026-08-06,3231,緯創,43324,2671,1193
2026-08-06,3257,虹冠電,2459,-14,42
2026-08-06,3266,昇陽,357,0,0
2026-08-06,3296,勝德,1812,9,2
2026-08-06,3305,昇貿,6609,122,35
2026-08-06,3308,聯德,709,1,0
2026-08-06,3311,閎暉,2895,15,6
2026-08-06,3312,弘憶股,4846,51,46
2026-08-06,3321,同泰,0,0,0
2026-08-06,3338,泰碩,3348,-11,11
2026-08-06,3346,麗清,2989,-21,8
2026-08-06,3356,奇偶,1788,9,8
2026-08-06,3376,新日興,11224,64,9
2026-08-06,3380,明泰,5160,-19,12
2026-08-06,3406,玉晶光,2694,245,65
2026-08-06,3413,京鼎,3882,-156,6
2026-08-06,3416,融程電,860,3,17
2026-08-06,3419,譁裕,1042,0,0
2026-08-06,3432,台端,0,0,0
2026-08-06,3437,榮創,2676,6,28
2026-08-06,3443,創意,4322,52,54
2026-08-06,3447,展達,1884,16,26
2026-08-06,3450,聯鈞,15544,174,368
2026-08-06,3481,群創,330429,4013,5284
2026-08-06,3494,誠研,0,0,0
2026-08-06,3501,維熹,1162,1,0
2026-08-06,3504,揚明光,3098,140,277
2026-08-06,3515,華擎,1675,34,3
2026-08-06,3518,柏騰,3886,3,39
2026-08-06,3528,安馳,2254,136,11
2026-08-06,3530,晶相光,1277,33,0
2026-08-06,3532,台勝科,7666,-21,191
2026-08-06,3533,嘉澤,752,13,0
2026-08-06,3535,晶彩科,3939,56,52
2026-08-06,3543,州巧,5468,473,194
2026-08-06,3545,敦泰,4351,1,18
2026-08-06,3550,聯穎,13563,105,9
2026-08-06,3557,嘉威,379,0,0
2026-08-06,3563,牧德,5538,68,4
2026-08-06,3576,聯合再生,0,0,0
2026-08-06,3583,辛耘,1860,-6,10
2026-08-06,3588,通嘉,1705,4,0
2026-08-06,3591,艾笛森,27380,257,23
2026-08-06,3592,瑞鼎,948,-2,1
2026-08-06,3593,力銘,0,0,0
2026-08-06,3596,智易,1252,43,26
2026-08-06,3605,宏致,12757,1127,1
2026-08-06,3607,谷崧,1871,-15,3
2026-08-06,3617,碩天,1979,42,7
2026-08-06,3622,洋華,1766,2,2
2026-08-06,3645,達邁,5128,-14,30
2026-08-06,3652,精聯,587,37,1
2026-08-06,3653,健策,2440,178,56
2026-08-06,3661,世芯-KY,5933,-53,48
2026-08-06,3665,貿聯-KY,2096,-100,70
2026-08-06,3669,圓展,852,-49,5
2026-08-06,3673,TPK-KY,14142,-48,100
2026-08-06,3679,新至陞,123,0,0
2026-08-06,3686,達能,0,0,0
2026-08-06,3694,海華,6711,335,27
2026-08-06,3701,大眾控,5947,100,83
2026-08-06,3702,大聯大,7106,695,206
2026-08-06,3703,欣陸,1452,10,1
2026-08-06,3704,合勤控,6248,170,74
2026-08-06,3705,永信,370,-1,0
2026-08-06,3706,神達,29726,-244,194
2026-08-06,3708,上緯投控,2959,0,33
2026-08-06,3711,日月光投控,12531,572,179
2026-08-06,3712,永崴投控,2483,-42,59
2026-08-06,3714,富采,23785,-263,170
2026-08-06,3715,定穎投控,19670,259,490
2026-08-06,3716,中化控股,512,5,0
2026-08-06,3717,聯嘉投控,11284,-26,121
2026-08-06,4104,佳醫,88,0,0
2026-08-06,4106,雃博,678,14,0
2026-08-06,4108,懷特,0,0,0
2026-08-06,4119,旭富,613,3,22
2026-08-06,4133,亞諾法,1303,17,0
2026-08-06,4137,麗豐-KY,1075,-1,0
2026-08-06,4142,國光生,6726,25,14
2026-08-06,4148,全宇生技-KY,386,-14,0
2026-08-06,4155,訊映,924,-8,0
2026-08-06,4164,承業醫,6248,30,22
2026-08-06,4190,佐登-KY,283,1,0
2026-08-06,4306,炎洲,4791,22,1
2026-08-06,4414,如興,711,-7,0
2026-08-06,4426,利勤,998,-1,0
2026-08-06,4438,廣越,760,8,0
2026-08-06,4439,冠星-KY,253,1,16
2026-08-06,4440,宜新實業,147,0,0
2026-08-06,4441,振大環球,219,11,0
2026-08-06,4526,東台,5502,18,81
2026-08-06,4532,瑞智,2295,-8,0
2026-08-06,4536,拓凱,689,-17,0
2026-08-06,4540,全球傳動,3454,100,91
2026-08-06,4545,銘鈺,1192,8,0
2026-08-06,4551,智伸科,2306,29,1
2026-08-06,4552,力達-KY,2409,2,12
2026-08-06,4555,氣立,2177,4,34
2026-08-06,4557,永新-KY,360,-1,0
2026-08-06,4560,強信-KY,289,0,0
2026-08-06,4562,穎漢,1829,28,34
2026-08-06,4564,元翎,10457,39,12
2026-08-06,4566,時碩工業,3990,-20,54
2026-08-06,4569,六方科-KY,743,3,0
2026-08-06,4571,鈞興-KY,1021,49,2
2026-08-06,4572,駐龍,323,-1,1
2026-08-06,4576,大銀微系統,2286,-6,42
2026-08-06,4581,光隆精密-KY,25,1,0
2026-08-06,4583,台灣精銳,3035,18,3
2026-08-06,4585,達明,571,15,55
2026-08-06,4588,玖鼎電力,392,0,1
2026-08-06,4720,德淵,3245,11,1
2026-08-06,4722,國精化,11712,91,105
2026-08-06,4736,泰博,214,6,1
2026-08-06,4737,華廣,1609,-13,0
2026-08-06,4739,康普,9171,345,111
2026-08-06,4746,台耀,2014,-14,0
2026-08-06,4755,三福化,1004,2,1
2026-08-06,4763,材料*-KY,44057,-454,27
2026-08-06,4764,雙鍵,4591,11,146
2026-08-06,4766,南寶,1109,4,0
2026-08-06,4770,上品,976,17,20
2026-08-06,4771,望隼,582,7,0
2026-08-06,4807,日成-KY,1209,-3,11
2026-08-06,4904,遠傳,689,-29,4
2026-08-06,4906,正文,28332,826,94
2026-08-06,4912,聯德控股-KY,3654,58,1
2026-08-06,4915,致伸,4137,-81,132
2026-08-06,4916,事欣科,7631,429,213
2026-08-06,4919,新唐,13078,-122,1381
2026-08-06,4927,泰鼎-KY,23300,271,527
2026-08-06,4930,燦星網,3811,0,0
2026-08-06,4934,太極,0,0,0
2026-08-06,4935,茂林-KY,624,0,4
2026-08-06,4938,和碩,4896,56,20
2026-08-06,4942,嘉彰,647,0,0
2026-08-06,4943,康控-KY,0,0,0
2026-08-06,4949,有成精密,2776,4,40
2026-08-06,4952,凌通,1302,-37,6
2026-08-06,4956,光鋐,5272,-7,16
2026-08-06,4958,臻鼎-KY,28597,-100,449
2026-08-06,4960,誠美材,15424,0,98
2026-08-06,4961,天鈺,1474,-30,7
2026-08-06,4967,十銓,7937,0,214
2026-08-06,4968,立積,5204,-5,35
2026-08-06,4976,佳凌,5019,57,422
2026-08-06,4977,眾達-KY,6271,-198,56
2026-08-06,4989,榮科,14486,181,1689
2026-08-06,4994,傳奇,2362,10,2
2026-08-06,4999,鑫禾,405,-3,9
2026-08-06,5007,三星,7,0,0
2026-08-06,5203,訊連,1107,6,0
2026-08-06,5215,科嘉-KY,660,2,0
2026-08-06,5222,全訊,1833,20,10
2026-08-06,5225,東科-KY,1348,31,2
2026-08-06,5234,達興材料,1507,-7,8
2026-08-06,5236,凌陽創新,200,10,4
2026-08-06,5243,乙盛-KY,9178,32,41
2026-08-06,5244,弘凱,2369,11,3
2026-08-06,5258,虹堡,3982,-72,0
2026-08-06,5269,祥碩,1995,31,466
2026-08-06,5283,禾聯碩,71,-2,0
2026-08-06,5284,jpp-KY,3725,63,17
2026-08-06,5285,界霖,4698,-25,53
2026-08-06,5288,豐祥-KY,2641,10,0
2026-08-06,5292,華懋,843,-8,0
2026-08-06,5306,桂盟,550,-2,0
2026-08-06,5388,中磊,5143,-3,27
2026-08-06,5434,崇越,1012,20,1
2026-08-06,5469,瀚宇博,13630,29,35
2026-08-06,5471,松翰,4314,28,33
2026-08-06,5484,慧友,0,0,0
2026-08-06,5515,建國,1973,37,5
2026-08-06,5519,隆大,860,0,58
2026-08-06,5521,工信,13349,6,12
2026-08-06,5522,遠雄,1002,18,0
2026-08-06,5525,順天,321,0,0
2026-08-06,5531,鄉林,3701,3,11
2026-08-06,5533,皇鼎,491,22,0
2026-08-06,5534,長虹,3383,-2,0
2026-08-06,5538,東明-KY,8,1,0
2026-08-06,5546,永固-KY,22,0,0
2026-08-06,5607,遠雄港,1754,14,0
2026-08-06,5608,四維航,3935,16,81
2026-08-06,5706,鳳凰,705,-9,20
2026-08-06,5871,中租-KY,4125,75,42
2026-08-06,5876,上海商銀,697,8,1
2026-08-06,5880,合庫金,2494,242,0
2026-08-06,5906,台南-KY,21,0,0
2026-08-06,5907,大洋-KY,5502,2,0
2026-08-06,6005,群益證,5639,137,0
2026-08-06,6024,群益期,345,-5,0
2026-08-06,6108,競國,1581,124,13
2026-08-06,6112,邁達特,2983,60,2
2026-08-06,6115,鎰勝,30,1,0
2026-08-06,6116,彩晶,32783,-1451,9653
2026-08-06,6117,迎廣,2354,-3,0
2026-08-06,6120,達運,7526,86,62
2026-08-06,6128,上福,1344,9,0
2026-08-06,6133,金橋,2976,29,0
2026-08-06,6136,富爾特,2810,28,0
2026-08-06,6139,亞翔,7871,210,56
2026-08-06,6141,柏承,35,0,0
2026-08-06,6142,友勁,0,0,0
2026-08-06,6152,百一,0,0,0
2026-08-06,6153,嘉聯益,13491,-56,87
2026-08-06,6155,鈞寶,2726,-24,32
2026-08-06,6164,華興,3781,-68,2
2026-08-06,6165,浪凡,13185,15,1
2026-08-06,6166,凌華,3816,223,114
2026-08-06,6168,宏齊,4113,-40,67
2026-08-06,6176,瑞儀,6303,-76,15
2026-08-06,6177,達麗,2568,102,2
2026-08-06,6183,關貿,9,0,0
2026-08-06,6184,大豐電,460,-5,0
2026-08-06,6189,豐藝,2326,1,7
2026-08-06,6191,精成科,19204,-17,124
2026-08-06,6192,巨路,723,-8,0
2026-08-06,6196,帆宣,1559,-24,15
2026-08-06,6197,佳必琪,5239,-8,35
2026-08-06,6201,亞弘電,39,0,0
2026-08-06,6202,盛群,5283,92,47
2026-08-06,6205,詮欣,3715,20,6
2026-08-06,6206,飛捷,2511,-597,17
2026-08-06,6209,今國光,12713,10,102
2026-08-06,6213,聯茂,19697,473,952
2026-08-06,6214,精誠,2167,-97,19
2026-08-06,6215,和椿,5040,83,72
2026-08-06,6216,居易,675,-10,9
2026-08-06,6224,聚鼎,1916,-24,5
2026-08-06,6225,天瀚,0,0,0
2026-08-06,6226,光鼎,3596,1060,408
2026-08-06,6230,尼得科超眾,461,7,6
2026-08-06,6235,華孚,4376,-2,8
2026-08-06,6239,力成,22689,-17,135
2026-08-06,6243,迅杰,2146,40,248
2026-08-06,6257,矽格,10200,18,111
2026-08-06,6269,台郡,9780,521,247
2026-08-06,6271,同欣電,7671,-202,46
2026-08-06,6272,驊陞,44,5,0
2026-08-06,6277,宏正,296,-22,0
2026-08-06,6278,台表科,9086,576,250
2026-08-06,6281,全國電,22,0,0
2026-08-06,6282,康舒,23770,187,305
2026-08-06,6283,淳安,2274,1,1
2026-08-06,6285,啟碁,14376,839,207
2026-08-06,6405,悅城,5268,-3,19
2026-08-06,6409,旭隼,991,33,0
2026-08-06,6412,群電,2942,-15,7
2026-08-06,6414,樺漢,2075,-218,214
2026-08-06,6415,矽力*-KY,4325,57,85
2026-08-06,6416,瑞祺電通,3992,69,4
2026-08-06,6426,統新,2707,273,27
2026-08-06,6431,光麗-KY,0,0,0
2026-08-06,6438,迅得,3768,10,14
2026-08-06,6442,光聖,4734,59,41
2026-08-06,6443,元晶,7669,-7,368
2026-08-06,6446,藥華藥,8397,356,27
2026-08-06,6449,鈺邦,2230,12,12
2026-08-06,6451,訊芯-KY,7957,486,704
2026-08-06,6456,GIS-KY,10826,115,125
2026-08-06,6464,台數科,2,0,0
2026-08-06,6472,保瑞,3519,20,33
2026-08-06,6477,安集,3462,42,127
2026-08-06,6491,晶碩,510,2,0
2026-08-06,6504,南六,118,0,0
2026-08-06,6505,台塑化,11210,-1150,329
2026-08-06,6515,穎崴,431,-6,3
2026-08-06,6525,捷敏-KY,2247,107,23
2026-08-06,6526,達發,1320,-139,2
2026-08-06,6531,愛普*,6618,22,69
2026-08-06,6533,晶心科,1984,-7,31
2026-08-06,6534,正瀚-創,1755,-6,0
2026-08-06,6541,泰福-KY,3767,-31,7
2026-08-06,6550,北極星藥業-KY,0,0,0
2026-08-06,6552,易華電,1071,2,6
2026-08-06,6558,興能高,2651,0,5
2026-08-06,6573,虹揚-KY,0,0,0
2026-08-06,6579,研揚,1177,-170,7
2026-08-06,6581,鋼聯,5,0,0
2026-08-06,6582,申豐,328,0,0
2026-08-06,6585,鼎基,2246,5,55
2026-08-06,6589,台康生技,2939,0,2
2026-08-06,6591,動力-KY,1737,-4,16
2026-08-06,6592,和潤企業,697,1,1
2026-08-06,6598,ABC-KY,0,0,0
2026-08-06,6605,帝寶,2378,30,8
2026-08-06,6606,建德工業,577,2,0
2026-08-06,6614,資拓宏宇,71,0,0
2026-08-06,6625,必應,854,14,0
2026-08-06,6641,基士德-KY,102,0,0
2026-08-06,6645,金萬林-創,11,0,0
2026-08-06,6655,科定,0,0,0
2026-08-06,6657,華安,1292,0,0
2026-08-06,6658,聯策,1433,-4,8
2026-08-06,6666,羅麗芬-KY,285,-1,0
2026-08-06,6668,中揚光,2877,-3,20
2026-08-06,6669,緯穎,1374,-5,29
2026-08-06,6670,復盛應用,403,-2,1
2026-08-06,6671,三能-KY,84,0,0
2026-08-06,6672,騰輝電子-KY,5732,-58,22
2026-08-06,6674,鋐寶科技,243,0,3
2026-08-06,6689,伊雲谷,1250,-9,1
2026-08-06,6691,洋基工程,1508,-17,23
2026-08-06,6695,芯鼎,3545,-51,31
2026-08-06,6698,旭暉應材,1965,-6,0
2026-08-06,6706,惠特,7722,230,148
2026-08-06,6715,嘉基,6870,24,19
2026-08-06,6719,力智,3598,-40,6
2026-08-06,6722,輝創,71,4,0
2026-08-06,6742,澤米,1960,31,7
2026-08-06,6743,安普新,524,8,33
2026-08-06,6753,龍德造船,5466,-38,75
2026-08-06,6754,匯僑設計,127,0,0
2026-08-06,6756,威鋒電子,582,-35,2
2026-08-06,6757,台灣虎航,3507,-19,6
2026-08-06,6768,志強-KY,1249,2,24
2026-08-06,6770,力積電,140038,2110,7154
2026-08-06,6771,平和環保-創,108,9,0
2026-08-06,6776,展碁國際,693,1,0
2026-08-06,6781,AES-KY,2368,11,3
2026-08-06,6782,視陽,451,-42,0
2026-08-06,6789,采鈺,4708,-8,29
2026-08-06,6790,永豐實,585,0,0
2026-08-06,6792,詠業,269,-1,7
2026-08-06,6794,向榮生技,265,2,0
2026-08-06,6796,晉弘,593,4,1
2026-08-06,6799,來頡,2189,73,2
2026-08-06,6805,富世達,2586,74,35
2026-08-06,6807,峰源-KY,147,2,0
2026-08-06,6830,汎銓,3856,36,71
2026-08-06,6831,邁科,639,175,31
2026-08-06,6834,天二科技,3469,-40,125
2026-08-06,6835,圓裕,801,-3,4
2026-08-06,6838,台新藥,2583,0,0
2026-08-06,6854,錼創科技-KY創,2400,4,8
2026-08-06,6861,睿生光電,1696,-16,3
2026-08-06,6862,三集瑞-KY,932,-26,8
2026-08-06,6863,永道-KY,1132,48,12
2026-08-06,6869,雲豹能源,2824,1,0
2026-08-06,6873,泓德能源,3494,-7,98
2026-08-06,6885,全福生技,2339,7,20
2026-08-06,6887,寶綠特-KY,945,2,0
2026-08-06,6890,來億-KY,798,16,1
2026-08-06,6901,鑽石投資,6835,180,53
2026-08-06,6902,GOGOLOOK,596,-10,0
2026-08-06,6906,現觀科,504,1,0
2026-08-06,6909,創控,1428,10,7
2026-08-06,6914,阜爾運通,359,-1,0
2026-08-06,6916,華凌,388,-9,0
2026-08-06,6918,愛派司,84,0,0
2026-08-06,6919,康霈*,0,0,0
2026-08-06,6923,中台,1762,16,0
2026-08-06,6928,攸泰科技,801,2,10
2026-08-06,6931,青松健康,103,0,0
2026-08-06,6933,AMAX-KY,939,7,4
2026-08-06,6936,永鴻生技,242,0,0
2026-08-06,6937,天虹,1483,14,6
2026-08-06,6944,兆聯實業,841,24,25
2026-08-06,6949,沛爾生醫-創,5297,6,2
2026-08-06,6951,青新-創,77,0,0
2026-08-06,6952,大武山,38,5,0
2026-08-06,6957,裕慶-KY,1678,13,98
2026-08-06,6958,日盛台駿,138,0,0
2026-08-06,6962,奕力-KY,8375,11,8
2026-08-06,6965,中傑-KY,42,0,0
2026-08-06,6994,富威電力,3014,-17,29
2026-08-06,7631,聚賢研發-創,80,4,0
2026-08-06,7705,三商餐飲,97,10,0
2026-08-06,7711,永擎,524,-1,3
2026-08-06,7721,微程式,1147,1,0
2026-08-06,7722,LINEPAY,528,0,0
2026-08-06,7730,暉盛-創,510,28,2
2026-08-06,7732,金興精密,80,0,0
2026-08-06,7736,虎山,68,2,0
2026-08-06,7740,熙特爾-創,1824,24,0
2026-08-06,7749,意騰-KY,1049,5,0
2026-08-06,7750,新代,587,21,2
2026-08-06,7765,中華資安,461,0,0
2026-08-06,7769,鴻勁,319,5,0
2026-08-06,7780,大研生醫*,302,-3,0
2026-08-06,7786,東方風能,190,3,0
2026-08-06,7788,松川精密,1729,136,4
2026-08-06,7791,皇家可口,19,-1,0
2026-08-06,7795,長廣,598,-71,17
2026-08-06,7799,禾榮科,1229,-3,4
2026-08-06,8011,台通,3425,13,3
2026-08-06,8016,矽創,1453,0,11
2026-08-06,8021,尖點,11257,570,178
2026-08-06,8028,昇陽半導體,4829,324,45
2026-08-06,8033,雷虎,5922,-87,104
2026-08-06,8039,台虹,18915,-1912,1597
2026-08-06,8045,達運光電,4954,-3,0
2026-08-06,8046,南電,9516,234,319
2026-08-06,8070,長華*,5969,-9,45
2026-08-06,8072,陞泰,1764,23,0
2026-08-06,8081,致新,1763,-32,4
2026-08-06,8101,華冠,0,0,0
2026-08-06,8103,瀚荃,3144,141,1
2026-08-06,8104,錸寶,3400,12,9
2026-08-06,8105,凌巨,8376,9,500
2026-08-06,8110,華東,14772,-95,423
2026-08-06,8112,至上,16751,29,2182
2026-08-06,8114,振樺電,1468,-45,15
2026-08-06,8131,福懋科,4654,294,83
2026-08-06,8150,南茂,17360,346,390
2026-08-06,8162,微矽電子-創,1620,-12,0
2026-08-06,8163,達方,2429,12,14
2026-08-06,8201,無敵,0,0,0
2026-08-06,8210,勤誠,2419,85,19
2026-08-06,8213,志超,3720,4,0
2026-08-06,8215,明基材,3113,-7,27
2026-08-06,8222,寶一,3286,17,30
2026-08-06,8249,菱光,3804,6,11
2026-08-06,8261,富鼎,6710,267,48
2026-08-06,8271,宇瞻,6944,551,715
2026-08-06,8341,日友,375,1,0
2026-08-06,8367,建新國際,12,0,0
2026-08-06,8374,羅昇,1536,30,4
2026-08-06,8404,百和興業-KY,3761,5,0
2026-08-06,8411,福貞-KY,31,5,0
2026-08-06,8422,可寧衛*,24710,-37,92
2026-08-06,8429,金麗-KY,14367,-8,0
2026-08-06,8438,昶昕,3441,126,1
2026-08-06,8442,威宏-KY,714,-8,20
2026-08-06,8443,阿瘦,28,0,0
2026-08-06,8454,富邦媒,1456,-15,51
2026-08-06,8462,柏文,1112,-22,16
2026-08-06,8463,潤泰材,120,0,0
2026-08-06,8464,億豐,45,-1,0
2026-08-06,8466,美吉吉-KY,1299,0,0
2026-08-06,8467,波力-KY,239,-1,0
2026-08-06,8473,山林水,2838,688,0
2026-08-06,8476,台境*,18331,73,116
2026-08-06,8478,東哥遊艇,1028,4,0
2026-08-06,8481,政伸,5,0,0
2026-08-06,8482,商億-KY,161,-3,0
2026-08-06,8487,愛爾達-創,40,3,0
2026-08-06,8488,吉源-KY,20,0,0
2026-08-06,8499,鼎炫-KY,582,-3,0
2026-08-06,8926,台汽電,7226,243,75
2026-08-06,8940,新天地,95,-2,0
2026-08-06,8996,高力,4014,-140,132
2026-08-06,9802,鈺齊-KY,2079,-26,50
2026-08-06,9902,台火,3144,-34,1
2026-08-06,9904,寶成,27046,-575,628
2026-08-06,9905,大華,25,0,0
2026-08-06,9906,欣巴巴,429,1,0
2026-08-06,9907,統一實,4257,87,224
2026-08-06,9908,大台北,130,2,0
2026-08-06,9910,豐泰,2173,-65,0
2026-08-06,9911,櫻花,427,10,0
2026-08-06,9912,偉聯,0,0,0
2026-08-06,9914,美利達,2605,-87,7
2026-08-06,9917,中保科,81,0,0
2026-08-06,9918,欣天然,95,0,0
2026-08-06,9919,康那香,8294,54,1
2026-08-06,9921,巨大,1903,-6,199
2026-08-06,9924,福興,742,1,0
2026-08-06,9925,新保,2,1,0
2026-08-06,9926,新海,10,-2,0
2026-08-06,9927,泰銘,70,9,0
2026-08-06,9928,中視,465,6,0
2026-08-06,9929,秋雨,0,0,0
2026-08-06,9930,中聯資源,20,0,0
2026-08-06,9931,欣高,67,0,0
2026-08-06,9933,中鼎,4046,-22,3
2026-08-06,9934,成霖,5686,-14,5
2026-08-06,9935,慶豐富,1304,17,0
2026-08-06,9937,全國,122,0,0
2026-08-06,9938,百和,3155,-149,82
2026-08-06,9939,宏全,1115,-140,2
2026-08-06,9940,信義,1258,3,0
2026-08-06,9941,裕融,929,16,4
2026-08-06,9942,茂順,23,0,0
2026-08-06,9943,好樂迪,82,0,0
2026-08-06,9944,新麗,5526,1,4
2026-08-06,9945,潤泰新,20277,-38,21
2026-08-06,9946,三發地產,1112,-5,0
2026-08-06,9955,佳龍,1098,31,32
2026-08-06,9958,世紀鋼,8019,-57,14
2026-08-07,1101,台泥,31934,-570,54
2026-08-07,1102,亞泥,1491,-113,2
2026-08-07,1103,嘉泥,4200,7,0
2026-08-07,1104,環泥,1700,-4,0
2026-08-07,1108,幸福,416,-10,44
2026-08-07,1109,信大,268,0,0
2026-08-07,1110,東泥,2581,-9,0
2026-08-07,1201,味全,1406,9,0
2026-08-07,1203,味王,24,0,0
2026-08-07,1210,大成,735,-37,1
2026-08-07,1213,大飲,0,0,0
2026-08-07,1215,卜蜂,418,3,1
2026-08-07,1216,統一,914,-315,3
2026-08-07,1217,愛之味,1617,4,1
2026-08-07,1218,泰山,1549,29,120
2026-08-07,1219,福壽,231,-35,1
2026-08-07,1220,台榮,861,3,18
2026-08-07,1225,福懋油,6783,0,0
2026-08-07,1227,佳格,1005,-45,3
2026-08-07,1229,聯華,2967,26,23
2026-08-07,1231,聯華食,266,11,0
2026-08-07,1232,大統益,194,-3,0
2026-08-07,1233,天仁,22,0,0
2026-08-07,1234,黑松,10,-3,0
2026-08-07,1235,興泰,1157,0,0
2026-08-07,1236,宏亞,172,-2,0
2026-08-07,1256,鮮活果汁-KY,310,0,2
2026-08-07,1301,台塑,21692,-96,139
2026-08-07,1303,南亞,62602,7197,2026
2026-08-07,1304,台聚,10450,-13,143
2026-08-07,1305,華夏,6289,-104,26
2026-08-07,1307,三芳,1303,-16,0
2026-08-07,1308,亞聚,6037,-5,9
2026-08-07,1309,台達化,7355,13,63
2026-08-07,1310,台苯,11881,51,102
2026-08-07,1312,國喬,37392,943,175
2026-08-07,1313,聯成,11258,114,23
2026-08-07,1314,中石化,73965,1077,38
2026-08-07,1315,達新,14,0,0
2026-08-07,1316,上曜,9473,-141,42
2026-08-07,1319,東陽,7101,83,20
2026-08-07,1321,大洋,7209,3,1
2026-08-07,1323,永裕,76,0,0
2026-08-07,1324,地球,1262,0,0
2026-08-07,1325,恆大,2283,-15,77
2026-08-07,1326,台化,33259,632,476
2026-08-07,1337,再生-KY,21405,-9,0
2026-08-07,1338,廣華-KY,3857,2,0
2026-08-07,1339,昭輝,887,-4,0
2026-08-07,1340,勝悅-KY,1083,0,0
2026-08-07,1342,八貫,557,-7,3
2026-08-07,1402,遠東新,6680,-162,41
2026-08-07,1409,新纖,22413,79,78
2026-08-07,1410,南染,244,3,0
2026-08-07,1413,宏洲,0,0,0
2026-08-07,1414,東和,1428,-5,0
2026-08-07,1416,廣豐,3291,8,0
2026-08-07,1417,嘉裕,2001,-1,0
2026-08-07,1418,東華,778,1,0
2026-08-07,1419,新紡,1275,-1,0
2026-08-07,1423,利華,86,0,0
2026-08-07,1432,大魯閣,128,-3,0
2026-08-07,1434,福懋,7022,-70,0
2026-08-07,1435,中福,0,0,0
2026-08-07,1436,華友聯,1002,0,32
2026-08-07,1437,勤益控,3102,103,0
2026-08-07,1438,三地開發,142,1,0
2026-08-07,1439,雋揚,1032,1,0
2026-08-07,1440,南紡,5659,298,3
2026-08-07,1441,大東,0,0,0
2026-08-07,1442,名軒,2694,-37,8
2026-08-07,1443,立益物流,8,0,0
2026-08-07,1444,力麗,558,-10,0
2026-08-07,1445,大宇,1365,10,0
2026-08-07,1446,宏和,1408,-37,0
2026-08-07,1447,力鵬,761,0,0
2026-08-07,1449,佳和,3050,-62,6
2026-08-07,1451,年興,575,6,0
2026-08-07,1452,宏益,108,0,0
2026-08-07,1453,大將,967,-22,4
2026-08-07,1454,台富,2169,0,0
2026-08-07,1455,集盛,3128,-34,0
2026-08-07,1456,怡華,775,0,0
2026-08-07,1457,宜進,661,-2,1
2026-08-07,1459,聯發,419,12,0
2026-08-07,1460,宏遠,0,0,0
2026-08-07,1463,強盛新,492,5,0
2026-08-07,1464,得力,1895,-48,0
2026-08-07,1465,偉全,3218,-21,0
2026-08-07,1466,聚隆,3230,-19,10
2026-08-07,1467,南緯,6971,-2,14
2026-08-07,1468,昶和,0,0,0
2026-08-07,1470,大統新創,5,0,0
2026-08-07,1471,首利,0,0,0
2026-08-07,1472,三洋實業,3882,0,3
2026-08-07,1473,台南,766,0,2
2026-08-07,1474,弘裕,3331,-1,0
2026-08-07,1475,業旺,464,0,0
2026-08-07,1476,儒鴻,807,108,15
2026-08-07,1477,聚陽,1290,-48,0
2026-08-07,1503,士電,2792,3,25
2026-08-07,1504,東元,27956,37,62
2026-08-07,1506,正道,0,0,0
2026-08-07,1512,瑞利,0,0,0
2026-08-07,1513,中興電,7479,-4,37
2026-08-07,1514,亞力,6055,26,23
2026-08-07,1515,力山,2032,-13,7
2026-08-07,1516,川飛,2,0,0
2026-08-07,1517,利奇,2255,-57,3
2026-08-07,1519,華城,2941,38,9
2026-08-07,1521,大億,447,-1,0
2026-08-07,1522,堤維西,3667,-282,5
2026-08-07,1524,耿鼎,3819,11,18
2026-08-07,1525,江申,228,0,0
2026-08-07,1526,日馳,858,-98,58
2026-08-07,1527,鑽全,531,-7,0
2026-08-07,1528,恩德,5685,-16,36
2026-08-07,1529,樂事綠能,2742,7,655
2026-08-07,1530,亞崴,266,2,0
2026-08-07,1531,高林股,1710,-6,4
2026-08-07,1532,勤美,2925,-22,0
2026-08-07,1533,車王電,523,-1,2
2026-08-07,1535,中宇,55,-2,0
2026-08-07,1536,和大,7532,122,142
2026-08-07,1537,廣隆,55,-1,0
2026-08-07,1538,正峰,0,0,0
2026-08-07,1539,巨庭,1250,-26,0
2026-08-07,1540,喬福,1485,-26,1
2026-08-07,1541,錩泰,104,0,0
2026-08-07,1558,伸興,256,2,0
2026-08-07,1560,中砂,1710,3,56
2026-08-07,1563,巧新,6507,412,4
2026-08-07,1568,倉佑,2196,25,1
2026-08-07,1582,信錦,3586,32,4
2026-08-07,1583,程泰,65,0,0
2026-08-07,1587,吉茂,1654,8,26
2026-08-07,1589,永冠-KY,655,0,0
2026-08-07,1590,亞德客-KY,191,27,0
2026-08-07,1597,直得,2950,308,49
2026-08-07,1598,岱宇,2003,-33,0
2026-08-07,1603,華電,1815,5,1
2026-08-07,1604,聲寶,200,0,0
2026-08-07,1605,華新,49469,502,610
2026-08-07,1608,華榮,7786,6,41
2026-08-07,1609,大亞,12309,-68,18
2026-08-07,1611,中電,3215,20,1
2026-08-07,1612,宏泰,2132,169,5
2026-08-07,1614,三洋電,324,-1,0
2026-08-07,1615,大山,163,5,0
2026-08-07,1616,億泰,2765,3,1
2026-08-07,1617,榮星,1750,-42,7
2026-08-07,1618,合機,3376,4,13
2026-08-07,1623,大東電,26,1,0
2026-08-07,1626,艾美特-KY,1622,-7,0
2026-08-07,1702,南僑,295,0,0
2026-08-07,1707,葡萄王,329,-4,29
2026-08-07,1708,東鹼,6286,-85,64
2026-08-07,1709,和益,18934,247,38
2026-08-07,1710,東聯,12321,147,43
2026-08-07,1711,永光,13495,-32,108
2026-08-07,1712,興農,451,-3,0
2026-08-07,1713,國化,3081,6,0
2026-08-07,1714,和桐,14017,-717,117
2026-08-07,1717,長興,16548,-87,294
2026-08-07,1718,中纖,20579,-557,147
2026-08-07,1720,生達,311,-18,0
2026-08-07,1721,三晃,126,0,0
2026-08-07,1722,台肥,2924,1,1
2026-08-07,1723,中碳,599,-26,0
2026-08-07,1725,元禎,275,0,0
2026-08-07,1726,永記,25,0,0
2026-08-07,1727,中華化,5999,138,54
2026-08-07,1730,花仙子,8,0,0
2026-08-07,1731,美吾華,308,-9,0
2026-08-07,1732,毛寶,954,14,29
2026-08-07,1733,五鼎,2473,-14,6
2026-08-07,1734,杏輝,298,-3,0
2026-08-07,1735,日勝化,664,-4,0
2026-08-07,1736,喬山,1941,-26,16
2026-08-07,1737,臺鹽,21,0,0
2026-08-07,1752,南光,329,0,0
2026-08-07,1760,寶齡富錦,1015,-5,0
2026-08-07,1762,中化生,789,60,3
2026-08-07,1773,勝一,1097,24,1
2026-08-07,1776,展宇,772,0,1
2026-08-07,1783,和康生,593,-3,0
2026-08-07,1786,科妍,4961,-2,11
2026-08-07,1789,神隆,3343,40,7
2026-08-07,1795,美時,8748,-7,13
2026-08-07,1802,台玻,35267,-303,1266
2026-08-07,1805,寶徠,1481,0,0
2026-08-07,1806,冠軍,2916,-21,0
2026-08-07,1808,潤隆,5840,-16,1
2026-08-07,1809,中釉,5252,-54,50
2026-08-07,1810,和成,20545,57,155
2026-08-07,1817,凱撒衛,16,0,0
2026-08-07,1903,士紙,2471,4,0
2026-08-07,1904,正隆,4358,-97,8
2026-08-07,1905,華紙,12657,135,40
2026-08-07,1906,寶隆,7267,-5,0
2026-08-07,1907,永豐餘,24047,94,18
2026-08-07,1909,榮成,9617,224,5
2026-08-07,2002,中鋼,39173,189,88
2026-08-07,2006,東和鋼鐵,1130,-47,48
2026-08-07,2007,燁興,5,0,0
2026-08-07,2008,高興昌,92,-29,0
2026-08-07,2009,第一銅,6509,-97,41
2026-08-07,2010,春源,2321,157,36
2026-08-07,2012,春雨,191,0,0
2026-08-07,2013,中鋼構,1414,1,0
2026-08-07,2014,中鴻,1102,-3,0
2026-08-07,2015,豐興,44,-2,0
2026-08-07,2017,官田鋼,8156,-6,1
2026-08-07,2020,美亞,684,-4,0
2026-08-07,2022,聚亨,2101,-8,0
2026-08-07,2023,燁輝,2699,14,54
2026-08-07,2024,志聯,64,3,0
2026-08-07,2025,千興,0,0,0
2026-08-07,2027,大成鋼,26331,-173,382
2026-08-07,2028,威致,1211,1,0
2026-08-07,2029,盛餘,453,4,0
2026-08-07,2030,彰源,4282,-114,1
2026-08-07,2031,新光鋼,1460,241,32
2026-08-07,2032,新鋼,2809,74,8
2026-08-07,2033,佳大,2793,49,1
2026-08-07,2034,允強,3549,65,45
2026-08-07,2038,海光,3661,-14,0
2026-08-07,2049,上銀,4023,671,225
2026-08-07,2059,川湖,608,39,38
2026-08-07,2062,橋椿,1331,8,1
2026-08-07,2069,運錩,359,62,9
2026-08-07,2101,南港,20991,-258,2
2026-08-07,2102,泰豐,3507,-5,4
2026-08-07,2103,台橡,13847,-74,166
2026-08-07,2104,國際中橡,18875,-211,45
2026-08-07,2105,正新,8891,30,19
2026-08-07,2106,建大,2687,19,1
2026-08-07,2107,厚生,85,0,0
2026-08-07,2108,南帝,2745,91,35
2026-08-07,2109,華豐,680,0,0
2026-08-07,2114,鑫永銓,6,0,0
2026-08-07,2115,六暉-KY,506,1,3
2026-08-07,2201,裕隆,9849,310,3
2026-08-07,2204,中華,1370,-83,20
2026-08-07,2206,三陽工業,4026,-20,1
2026-08-07,2207,和泰車,60,-3,0
2026-08-07,2208,台船,0,0,0
2026-08-07,2211,長榮鋼,578,-31,0
2026-08-07,2228,劍麟,1542,-21,6
2026-08-07,2231,為升,2591,14,157
2026-08-07,2233,宇隆,4333,-257,13
2026-08-07,2236,百達-KY,11814,15,6
2026-08-07,2239,英利-KY,1650,26,0
2026-08-07,2241,艾姆勒,7740,-277,17
2026-08-07,2243,宏旭-KY,1297,-23,11
2026-08-07,2247,汎德永業,153,-2,1
2026-08-07,2248,華勝-KY,544,-1,0
2026-08-07,2250,IKKA-KY,1204,-12,2
2026-08-07,2254,巨鎧精密-創,2515,0,0
2026-08-07,2301,光寶科,13501,-363,518
2026-08-07,2302,麗正,3910,163,199
2026-08-07,2303,聯電,160961,1125,1248
2026-08-07,2305,全友,6177,246,104
2026-08-07,2308,台達電,8379,-8,28
2026-08-07,2312,金寶,45305,669,389
2026-08-07,2313,華通,30327,602,947
2026-08-07,2314,台揚,0,0,0
2026-08-07,2316,楠梓電,3452,46,53
2026-08-07,2317,鴻海,50435,-1112,642
2026-08-07,2321,東訊,0,0,0
2026-08-07,2323,中環,29717,150,41
2026-08-07,2324,仁寶,51300,-1134,839
2026-08-07,2327,國巨*,34564,202,523
2026-08-07,2328,廣宇,16574,206,179
2026-08-07,2329,華泰,13737,-27,307
2026-08-07,2330,台積電,29657,-292,33
2026-08-07,2331,精英,9626,-117,28
2026-08-07,2332,友訊,28624,-74,674
2026-08-07,2337,旺宏,96067,780,2689
2026-08-07,2338,光罩,5012,21,88
2026-08-07,2340,台亞,7637,132,59
2026-08-07,2342,茂矽,3510,44,50
2026-08-07,2344,華邦電,143500,4324,4151
2026-08-07,2345,智邦,1678,180,15
2026-08-07,2347,聯強,1261,13,7
2026-08-07,2348,海悅,2764,-125,16
2026-08-07,2349,錸德,0,0,0
2026-08-07,2351,順德,10967,243,182
2026-08-07,2352,佳世達,15307,277,11
2026-08-07,2353,宏碁,40305,-54,2291
2026-08-07,2354,鴻準,30563,3451,173
2026-08-07,2355,敬鵬,8890,55,51
2026-08-07,2356,英業達,28158,-443,592
2026-08-07,2357,華碩,2010,-2,32
2026-08-07,2359,所羅門,6550,1220,168
2026-08-07,2360,致茂,1468,-73,9
2026-08-07,2362,藍天,2542,-204,21
2026-08-07,2363,矽統,16423,-22,109
2026-08-07,2364,倫飛,761,36,1
2026-08-07,2365,昆盈,7732,-195,23
2026-08-07,2367,燿華,24062,147,334
2026-08-07,2368,金像電,7711,634,606
2026-08-07,2369,菱生,12768,154,156
2026-08-07,2371,大同,45692,-217,518
2026-08-07,2373,震旦行,45,0,0
2026-08-07,2374,佳能,15999,4,27
2026-08-07,2375,凱美,4921,-30,443
2026-08-07,2376,技嘉,6435,-45,85
2026-08-07,2377,微星,13837,465,328
2026-08-07,2379,瑞昱,2479,-19,42
2026-08-07,2380,虹光,0,0,0
2026-08-07,2382,廣達,16790,162,148
2026-08-07,2383,台光電,2006,-52,20
2026-08-07,2385,群光,3299,141,57
2026-08-07,2387,精元,1225,2,2
2026-08-07,2388,威盛,9647,-561,310
2026-08-07,2390,云辰,1951,24,0
2026-08-07,2392,正崴,4573,29,18
2026-08-07,2393,億光,2544,43,11
2026-08-07,2395,研華,2105,134,52
2026-08-07,2397,友通,1764,124,3
2026-08-07,2399,映泰,10517,37,224
2026-08-07,2401,凌陽,7784,77,125
2026-08-07,2402,毅嘉,11904,-7,18
2026-08-07,2404,漢唐,2131,-13,8
2026-08-07,2405,輔信,7601,-53,36
2026-08-07,2406,國碩,13417,95,356
2026-08-07,2408,南亞科,91807,-1929,2546
2026-08-07,2409,友達,220902,2536,2338
2026-08-07,2412,中華電,2448,-670,41
2026-08-07,2413,環科,4276,88,10
2026-08-07,2414,精技,542,4,4
2026-08-07,2415,錩新,2445,-3,0
2026-08-07,2417,圓剛,3221,220,25
2026-08-07,2419,仲琦,5845,6,4
2026-08-07,2420,新巨,788,0,8
2026-08-07,2421,建準,4000,-502,82
2026-08-07,2423,固緯,617,-2,6
2026-08-07,2424,隴華,0,0,0
2026-08-07,2425,承啟,6235,658,129
2026-08-07,2426,鼎元,14878,536,453
2026-08-07,2427,三商電,5338,15,9
2026-08-07,2428,興勤,2059,25,17
2026-08-07,2429,銘旺科,513,-69,0
2026-08-07,2430,燦坤,97,0,1
2026-08-07,2431,聯昌,1526,0,0
2026-08-07,2432,倚天酷碁-創,317,0,0
2026-08-07,2433,互盛電,24,0,0
2026-08-07,2434,統懋,324,16,28
2026-08-07,2436,偉詮電,6374,-56,3034
2026-08-07,2438,翔耀,0,0,0
2026-08-07,2439,美律,3884,99,13
2026-08-07,2440,太空梭,1631,-13,1
2026-08-07,2441,超豐,8843,-803,75
2026-08-07,2442,新美齊,4051,-68,1
2026-08-07,2444,兆勁,0,0,0
2026-08-07,2449,京元電子,19688,524,616
2026-08-07,2450,神腦,80,-1,0
2026-08-07,2451,創見,6484,-744,597
2026-08-07,2453,凌群,2360,-10,2
2026-08-07,2454,聯發科,10104,130,31
2026-08-07,2455,全新,10799,550,361
2026-08-07,2457,飛宏,12027,-6,79
2026-08-07,2458,義隆,3937,111,51
2026-08-07,2459,敦吉,87,-1,0
2026-08-07,2460,建通,208,-85,0
2026-08-07,2461,光群雷,8497,78,2
2026-08-07,2462,良得電,2313,3,0
2026-08-07,2464,盟立,19459,937,950
2026-08-07,2465,麗臺,3491,-133,69
2026-08-07,2466,冠西電,6075,60,188
2026-08-07,2467,志聖,1735,-17,46
2026-08-07,2468,華經,3291,14,0
2026-08-07,2471,資通,1289,-2,2
2026-08-07,2472,立隆電,4668,106,42
2026-08-07,2474,可成,8444,-80,10
2026-08-07,2476,鉅祥,40675,77,0
2026-08-07,2477,美隆電,1194,57,1
2026-08-07,2478,大毅,7654,-14,44
2026-08-07,2480,敦陽科,389,-21,2
2026-08-07,2481,強茂,12744,-58,558
2026-08-07,2482,連宇,1790,-11,0
2026-08-07,2483,百容,1914,4,12
2026-08-07,2484,希華,16014,296,344
2026-08-07,2485,兆赫,11079,138,298
2026-08-07,2486,一詮,21976,236,607
2026-08-07,2488,漢平,526,-8,0
2026-08-07,2489,瑞軒,28458,-63,265
2026-08-07,2491,吉祥全,1623,-70,4
2026-08-07,2492,華新科,11425,-101,507
2026-08-07,2493,揚博,9870,1,43
2026-08-07,2495,普安,7969,168,20
2026-08-07,2496,卓越,34,0,0
2026-08-07,2497,怡利電,1778,16,3
2026-08-07,2498,宏達電,28491,13,466
2026-08-07,2501,國建,4647,-67,0
2026-08-07,2504,國產,4775,-7,2
2026-08-07,2505,國揚,3262,41,3
2026-08-07,2506,太設,1851,-3,0
2026-08-07,2509,全坤建,554,5,1
2026-08-07,2511,太子,2522,-2,1
2026-08-07,2514,龍邦,18156,1,1
2026-08-07,2515,中工,29566,0,40
2026-08-07,2516,新建,0,0,0
2026-08-07,2520,冠德,2345,97,0
2026-08-07,2524,京城,3194,7,0
2026-08-07,2527,宏璟,5460,-287,7
2026-08-07,2528,皇普,6299,19,10
2026-08-07,2530,華建,6796,-77,4
2026-08-07,2534,宏盛,11925,-35,0
2026-08-07,2535,達欣工,282,6,5
2026-08-07,2536,宏普,4822,-56,0
2026-08-07,2537,聯上發,3598,-46,3
2026-08-07,2538,基泰,2408,-3,0
2026-08-07,2539,櫻花建,2266,-47,2
2026-08-07,2540,愛山林,2907,-74,0
2026-08-07,2542,興富發,4728,-31,212
2026-08-07,2543,皇昌,9326,134,16
2026-08-07,2545,皇翔,2793,3,9
2026-08-07,2546,根基,107,7,0
2026-08-07,2547,日勝生,10397,-21,8
2026-08-07,2548,華固,2161,42,4
2026-08-07,2597,潤弘,168,-2,0
2026-08-07,2601,益航,365,-10,0
2026-08-07,2603,長榮,15177,-138,230
2026-08-07,2605,新興,12768,211,21
2026-08-07,2606,裕民,2541,-115,18
2026-08-07,2607,榮運,823,1,1
2026-08-07,2608,嘉里大榮,1118,1,1
2026-08-07,2609,陽明,32506,-74,299
2026-08-07,2610,華航,46333,167,507
2026-08-07,2611,志信,2121,9,1
2026-08-07,2612,中航,1554,-99,3
2026-08-07,2613,中櫃,2113,-11,12
2026-08-07,2614,東森,5366,19,0
2026-08-07,2615,萬海,15208,116,77
2026-08-07,2616,山隆,430,0,0
2026-08-07,2617,台航,2151,15,0
2026-08-07,2618,長榮航,40352,1623,641
2026-08-07,2630,亞航,5224,-22,39
2026-08-07,2633,台灣高鐵,1710,-108,30
2026-08-07,2634,漢翔,23018,-784,312
2026-08-07,2636,台驊控股,613,-1,1
2026-08-07,2637,慧洋-KY,2476,12,32
2026-08-07,2642,宅配通,602,1,0
2026-08-07,2645,長榮航太,2943,-3,7
2026-08-07,2646,星宇航空,3826,29,25
2026-08-07,2701,萬企,382,0,0
2026-08-07,2702,華園,429,0,0
2026-08-07,2704,國賓,110,-1,0
2026-08-07,2705,六福,547,-12,0
2026-08-07,2706,第一店,656,4,0
2026-08-07,2707,晶華,175,-2,0
2026-08-07,2712,遠雄來,7,0,0
2026-08-07,2722,夏都,407,-7,0
2026-08-07,2723,美食-KY,1650,-25,0
2026-08-07,2727,王品,308,-44,3
2026-08-07,2731,雄獅,887,-32,6
2026-08-07,2739,寒舍,900,5,0
2026-08-07,2748,雲品,505,0,0
2026-08-07,2753,八方雲集,521,2,2
2026-08-07,2762,世界健身-KY,212,0,0
2026-08-07,2801,彰銀,8553,206,38
2026-08-07,2812,台中銀,2731,-169,20
2026-08-07,2816,旺旺保,591,-10,0
2026-08-07,2820,華票,504,-1,1
2026-08-07,2832,台產,552,-4,0
2026-08-07,2834,臺企銀,26609,2322,41
2026-08-07,2836,高雄銀,6766,-6,1
2026-08-07,2838,聯邦銀,844,-4,1
2026-08-07,2845,遠東銀,4362,19,25
2026-08-07,2849,安泰銀,262,-5,0
2026-08-07,2850,新產,312,-3,0
2026-08-07,2851,中再保,1032,49,0
2026-08-07,2852,第一保,1530,-3,0
2026-08-07,2855,統一證,5861,21,136
2026-08-07,2867,三商壽,1875,-77,13
2026-08-07,2880,華南金,809,165,0
2026-08-07,2881,富邦金,7277,-281,204
2026-08-07,2882,國泰金,4338,-351,244
2026-08-07,2883,凱基金,11441,384,114
2026-08-07,2884,玉山金,4790,-246,257
2026-08-07,2885,元大金,2202,-71,4
2026-08-07,2886,兆豐金,1256,-31,3
2026-08-07,2887,台新新光金,40233,65,174
2026-08-07,2889,國票金,2813,-30,3
2026-08-07,2890,永豐金,3105,-5,56
2026-08-07,2891,中信金,3698,-34,44
2026-08-07,2892,第一金,1634,-195,0
2026-08-07,2897,王道銀行,1700,-30,6
2026-08-07,2901,欣欣,472,-1,0
2026-08-07,2903,遠百,1533,-1,0
2026-08-07,2904,匯僑,32,0,0
2026-08-07,2905,三商,7572,-60,3
2026-08-07,2906,高林,612,-4,0
2026-08-07,2908,特力,14107,23,0
2026-08-07,2910,統領,49,0,0
2026-08-07,2911,麗嬰房,212,3,0
2026-08-07,2912,統一超,620,-29,0
2026-08-07,2913,農林,6933,54,6
2026-08-07,2915,潤泰全,8623,7,7
2026-08-07,2929,淘帝-KY,2098,-11,0
2026-08-07,2939,永邑-KY,247,-2,0
2026-08-07,3002,歐格,1851,5,15
2026-08-07,3003,健和興,3189,16,10
2026-08-07,3004,豐達科,1874,55,7
2026-08-07,3005,神基,8651,-33,45
2026-08-07,3006,晶豪科,16372,-509,746
2026-08-07,3008,大立光,2296,-56,0
2026-08-07,3010,華立,1290,-49,8
2026-08-07,3011,今皓,3248,218,41
2026-08-07,3013,晟銘電,8652,60,48
2026-08-07,3014,聯陽,2698,368,23
2026-08-07,3015,全漢,2523,26,6
2026-08-07,3016,嘉晶,7382,-17,204
2026-08-07,3017,奇鋐,4133,-72,74
2026-08-07,3018,隆銘綠能,0,0,0
2026-08-07,3019,亞光,10843,-4,55
2026-08-07,3021,鴻名,589,-4,0
2026-08-07,3022,威強電,6572,130,15
2026-08-07,3023,信邦,1086,47,0
2026-08-07,3024,憶聲,9701,490,6
2026-08-07,3025,星通,1640,13,12
2026-08-07,3026,禾伸堂,7248,-32,208
2026-08-07,3027,盛達,4609,-4,0
2026-08-07,3028,增你強,3108,64,47
2026-08-07,3029,零壹,3158,-86,17
2026-08-07,3030,德律,10386,46,6
2026-08-07,3031,佰鴻,5328,-13,5
2026-08-07,3032,偉訓,8197,18,11
2026-08-07,3033,威健,9112,-19,391
2026-08-07,3034,聯詠,2468,-56,53
2026-08-07,3035,智原,10162,59,381
2026-08-07,3036,文曄,15067,-5927,871
2026-08-07,3037,欣興,39328,-305,552
2026-08-07,3038,全台,1466,-21,0
2026-08-07,3040,遠見,10091,-13,1
2026-08-07,3041,揚智,3426,-130,40
2026-08-07,3042,晶技,18851,273,235
2026-08-07,3043,科風,849,0,0
2026-08-07,3044,健鼎,6344,140,4
2026-08-07,3045,台灣大,1249,-127,70
2026-08-07,3046,建碁,1077,-26,10
2026-08-07,3047,訊舟,6527,39,4
2026-08-07,3048,益登,6249,124,133
2026-08-07,3049,精金,0,0,0
2026-08-07,3050,鈺德,3206,-3,0
2026-08-07,3051,力特,4084,-18,0
2026-08-07,3052,夆典,1683,-4,0
2026-08-07,3054,立萬利,925,3,0
2026-08-07,3055,蔚華科,5428,-24,128
2026-08-07,3056,富華新,3515,3,0
2026-08-07,3057,喬鼎,0,0,0
2026-08-07,3058,立德,0,0,0
2026-08-07,3059,華晶科,11210,53,18
2026-08-07,3060,銘異,8607,-30,12
2026-08-07,3062,建漢,9721,-17,51
2026-08-07,3090,日電貿,6137,127,54
2026-08-07,3092,鴻碩,3626,11,0
2026-08-07,3094,聯傑,2836,44,124
2026-08-07,3130,一零四,9,-2,0
2026-08-07,3135,凌航,2975,-219,578
2026-08-07,3138,耀登,2008,-2,5
2026-08-07,3149,正達,21285,86,11797
2026-08-07,3150,鈺寶-創,232,0,0
2026-08-07,3164,景岳,304,-3,0
2026-08-07,3167,大量,5553,-81,29
2026-08-07,3168,眾福科,38,0,0
2026-08-07,3189,景碩,23377,818,525
2026-08-07,3209,全科,5658,70,5
2026-08-07,3229,晟鈦,0,0,0
2026-08-07,3231,緯創,41020,-2304,1253
2026-08-07,3257,虹冠電,2466,7,42
2026-08-07,3266,昇陽,355,-2,0
2026-08-07,3296,勝德,1812,0,2
2026-08-07,3305,昇貿,6797,188,31
2026-08-07,3308,聯德,708,-1,0
2026-08-07,3311,閎暉,2893,-2,6
2026-08-07,3312,弘憶股,4883,37,48
2026-08-07,3321,同泰,0,0,0
2026-08-07,3338,泰碩,3418,70,11
2026-08-07,3346,麗清,2973,-16,8
2026-08-07,3356,奇偶,1789,1,8
2026-08-07,3376,新日興,11228,4,11
2026-08-07,3380,明泰,5192,32,11
2026-08-07,3406,玉晶光,2808,114,64
2026-08-07,3413,京鼎,3799,-83,6
2026-08-07,3416,融程電,855,-5,42
2026-08-07,3419,譁裕,1042,0,0
2026-08-07,3432,台端,0,0,0
2026-08-07,3437,榮創,2686,10,28
2026-08-07,3443,創意,4363,41,56
2026-08-07,3447,展達,1882,-2,24
2026-08-07,3450,聯鈞,15700,156,414
2026-08-07,3481,群創,332234,1805,4981
2026-08-07,3494,誠研,0,0,0
2026-08-07,3501,維熹,1162,0,0
2026-08-07,3504,揚明光,2961,-137,282
2026-08-07,3515,華擎,1670,-5,3
2026-08-07,3518,柏騰,3985,99,55
2026-08-07,3528,安馳,2350,96,11
2026-08-07,3530,晶相光,1276,-1,0
2026-08-07,3532,台勝科,7626,-40,195
2026-08-07,3533,嘉澤,782,30,1
2026-08-07,3535,晶彩科,4003,64,52
2026-08-07,3543,州巧,5238,-230,178
2026-08-07,3545,敦泰,4318,-33,18
2026-08-07,3550,聯穎,13874,311,22
2026-08-07,3557,嘉威,377,-2,0
2026-08-07,3563,牧德,5606,68,5
2026-08-07,3576,聯合再生,0,0,0
2026-08-07,3583,辛耘,1908,48,11
2026-08-07,3588,通嘉,1715,10,0
2026-08-07,3591,艾笛森,27494,114,23
2026-08-07,3592,瑞鼎,928,-20,0
2026-08-07,3593,力銘,0,0,0
2026-08-07,3596,智易,1285,33,27
2026-08-07,3605,宏致,13227,470,0
2026-08-07,3607,谷崧,1859,-12,3
2026-08-07,3617,碩天,1952,-27,15
2026-08-07,3622,洋華,1745,-21,2
2026-08-07,3645,達邁,5122,-6,40
2026-08-07,3652,精聯,668,81,1
2026-08-07,3653,健策,2350,-90,55
2026-08-07,3661,世芯-KY,6036,103,48
2026-08-07,3665,貿聯-KY,2118,22,31
2026-08-07,3669,圓展,813,-39,5
2026-08-07,3673,TPK-KY,14276,134,96
2026-08-07,3679,新至陞,121,-2,0
2026-08-07,3686,達能,0,0,0
2026-08-07,3694,海華,6791,80,35
2026-08-07,3701,大眾控,6040,93,72
2026-08-07,3702,大聯大,6450,-656,202
2026-08-07,3703,欣陸,1460,8,1
2026-08-07,3704,合勤控,6322,74,71
2026-08-07,3705,永信,370,0,0
2026-08-07,3706,神達,29556,-170,175
2026-08-07,3708,上緯投控,2967,8,110
2026-08-07,3711,日月光投控,12781,250,180
2026-08-07,3712,永崴投控,2454,-29,17
2026-08-07,3714,富采,23827,42,294
2026-08-07,3715,定穎投控,19577,-93,758
2026-08-07,3716,中化控股,690,178,0
2026-08-07,3717,聯嘉投控,13113,1829,260
2026-08-07,4104,佳醫,97,9,0
2026-08-07,4106,雃博,643,-35,0
2026-08-07,4108,懷特,0,0,0
2026-08-07,4119,旭富,611,-2,27
2026-08-07,4133,亞諾法,1289,-14,0
2026-08-07,4137,麗豐-KY,1075,0,0
2026-08-07,4142,國光生,6468,-258,18
2026-08-07,4148,全宇生技-KY,388,2,0
2026-08-07,4155,訊映,929,5,0
2026-08-07,4164,承業醫,6218,-30,28
2026-08-07,4190,佐登-KY,283,0,0
2026-08-07,4306,炎洲,4783,-8,1
2026-08-07,4414,如興,710,-1,0
2026-08-07,4426,利勤,1008,10,0
2026-08-07,4438,廣越,763,3,0
2026-08-07,4439,冠星-KY,223,-30,20
2026-08-07,4440,宜新實業,147,0,0
2026-08-07,4441,振大環球,233,14,0
2026-08-07,4526,東台,5480,-22,93
2026-08-07,4532,瑞智,2287,-8,0
2026-08-07,4536,拓凱,676,-13,0
2026-08-07,4540,全球傳動,3729,275,201
2026-08-07,4545,銘鈺,1192,0,0
2026-08-07,4551,智伸科,2414,108,1
2026-08-07,4552,力達-KY,2408,-1,12
2026-08-07,4555,氣立,2207,30,35
2026-08-07,4557,永新-KY,357,-3,0
2026-08-07,4560,強信-KY,277,-12,0
2026-08-07,4562,穎漢,1831,2,35
2026-08-07,4564,元翎,10419,-38,14
2026-08-07,4566,時碩工業,5374,1384,89
2026-08-07,4569,六方科-KY,744,1,0
2026-08-07,4571,鈞興-KY,1129,108,3
2026-08-07,4572,駐龍,325,2,1
2026-08-07,4576,大銀微系統,2718,432,40
2026-08-07,4581,光隆精密-KY,26,1,0
2026-08-07,4583,台灣精銳,3040,5,3
2026-08-07,4585,達明,605,34,58
2026-08-07,4588,玖鼎電力,390,-2,1
2026-08-07,4720,德淵,3269,24,1
2026-08-07,4722,國精化,11774,62,146
2026-08-07,4736,泰博,205,-9,1
2026-08-07,4737,華廣,1599,-10,0
2026-08-07,4739,康普,8452,-719,111
2026-08-07,4746,台耀,1976,-38,1
2026-08-07,4755,三福化,995,-9,1
2026-08-07,4763,材料*-KY,42106,-1951,44
2026-08-07,4764,雙鍵,4733,142,254
2026-08-07,4766,南寶,1087,-22,0
2026-08-07,4770,上品,988,12,19
2026-08-07,4771,望隼,586,4,2
2026-08-07,4807,日成-KY,1224,15,15
2026-08-07,4904,遠傳,639,-50,4
2026-08-07,4906,正文,28481,149,82
2026-08-07,4912,聯德控股-KY,3674,20,2
2026-08-07,4915,致伸,4437,300,122
2026-08-07,4916,事欣科,7426,-205,207
2026-08-07,4919,新唐,13039,-39,1378
2026-08-07,4927,泰鼎-KY,23378,78,533
2026-08-07,4930,燦星網,3811,0,0
2026-08-07,4934,太極,0,0,0
2026-08-07,4935,茂林-KY,621,-3,4
2026-08-07,4938,和碩,4868,-28,18
2026-08-07,4942,嘉彰,647,0,0
2026-08-07,4943,康控-KY,0,0,0
2026-08-07,4949,有成精密,2785,9,40
2026-08-07,4952,凌通,1329,27,7
2026-08-07,4956,光鋐,5287,15,19
2026-08-07,4958,臻鼎-KY,29340,743,436
2026-08-07,4960,誠美材,15435,11,104
2026-08-07,4961,天鈺,1352,-122,11
2026-08-07,4967,十銓,7609,-328,280
2026-08-07,4968,立積,5151,-53,32
2026-08-07,4976,佳凌,5048,29,396
2026-08-07,4977,眾達-KY,6192,-79,59
2026-08-07,4989,榮科,14660,174,1608
2026-08-07,4994,傳奇,2363,1,3
2026-08-07,4999,鑫禾,404,-1,9
2026-08-07,5007,三星,8,1,0
2026-08-07,5203,訊連,1118,11,0
2026-08-07,5215,科嘉-KY,662,2,0
2026-08-07,5222,全訊,1843,10,13
2026-08-07,5225,東科-KY,1328,-20,2
2026-08-07,5234,達興材料,1513,6,8
2026-08-07,5236,凌陽創新,206,6,4
2026-08-07,5243,乙盛-KY,9204,26,42
2026-08-07,5244,弘凱,2369,0,2
2026-08-07,5258,虹堡,3980,-2,0
2026-08-07,5269,祥碩,1968,-27,456
2026-08-07,5283,禾聯碩,70,-1,0
2026-08-07,5284,jpp-KY,3766,41,16
2026-08-07,5285,界霖,4608,-90,55
2026-08-07,5288,豐祥-KY,2613,-28,0
2026-08-07,5292,華懋,854,11,0
2026-08-07,5306,桂盟,536,-14,0
2026-08-07,5388,中磊,5093,-50,29
2026-08-07,5434,崇越,1027,15,1
2026-08-07,5469,瀚宇博,13589,-41,40
2026-08-07,5471,松翰,4229,-85,26
2026-08-07,5484,慧友,0,0,0
2026-08-07,5515,建國,2037,64,5
2026-08-07,5519,隆大,842,-18,58
2026-08-07,5521,工信,13319,-30,12
2026-08-07,5522,遠雄,1008,6,0
2026-08-07,5525,順天,319,-2,0
2026-08-07,5531,鄉林,3700,-1,11
2026-08-07,5533,皇鼎,486,-5,0
2026-08-07,5534,長虹,3360,-23,0
2026-08-07,5538,東明-KY,65,57,0
2026-08-07,5546,永固-KY,22,0,0
2026-08-07,5607,遠雄港,1778,24,0
2026-08-07,5608,四維航,3946,11,81
2026-08-07,5706,鳳凰,703,-2,20
2026-08-07,5871,中租-KY,4122,-3,42
2026-08-07,5876,上海商銀,723,26,1
2026-08-07,5880,合庫金,2524,30,0
2026-08-07,5906,台南-KY,21,0,0
2026-08-07,5907,大洋-KY,5496,-6,0
2026-08-07,6005,群益證,5587,-52,0
2026-08-07,6024,群益期,334,-11,0
2026-08-07,6108,競國,1761,180,21
2026-08-07,6112,邁達特,2872,-111,7
2026-08-07,6115,鎰勝,29,-1,0
2026-08-07,6116,彩晶,33772,989,9486
2026-08-07,6117,迎廣,2365,11,0
2026-08-07,6120,達運,7534,8,62
2026-08-07,6128,上福,1386,42,0
2026-08-07,6133,金橋,2967,-9,0
2026-08-07,6136,富爾特,2817,7,0
2026-08-07,6139,亞翔,8304,433,75
2026-08-07,6141,柏承,35,0,0
2026-08-07,6142,友勁,0,0,0
2026-08-07,6152,百一,0,0,0
2026-08-07,6153,嘉聯益,13647,156,111
2026-08-07,6155,鈞寶,2721,-5,34
2026-08-07,6164,華興,3827,46,2
2026-08-07,6165,浪凡,13219,34,1
2026-08-07,6166,凌華,3745,-71,99
2026-08-07,6168,宏齊,4149,36,58
2026-08-07,6176,瑞儀,6344,41,0
2026-08-07,6177,達麗,2582,14,3
2026-08-07,6183,關貿,9,0,0
2026-08-07,6184,大豐電,454,-6,0
2026-08-07,6189,豐藝,2333,7,7
2026-08-07,6191,精成科,19083,-121,126
2026-08-07,6192,巨路,719,-4,0
2026-08-07,6196,帆宣,1575,16,14
2026-08-07,6197,佳必琪,5514,275,44
2026-08-07,6201,亞弘電,38,-1,0
2026-08-07,6202,盛群,4775,-508,0
2026-08-07,6205,詮欣,3713,-2,5
2026-08-07,6206,飛捷,2563,52,27
2026-08-07,6209,今國光,12512,-201,92
2026-08-07,6213,聯茂,21146,1449,982
2026-08-07,6214,精誠,2085,-82,18
2026-08-07,6215,和椿,5207,167,79
2026-08-07,6216,居易,676,1,9
2026-08-07,6224,聚鼎,1723,-193,4
2026-08-07,6225,天瀚,0,0,0
2026-08-07,6226,光鼎,2640,-956,317
2026-08-07,6230,尼得科超眾,468,7,1
2026-08-07,6235,華孚,4371,-5,11
2026-08-07,6239,力成,23561,872,124
2026-08-07,6243,迅杰,2201,55,288
2026-08-07,6257,矽格,10494,294,125
2026-08-07,6269,台郡,9816,36,278
2026-08-07,6271,同欣電,7538,-133,43
2026-08-07,6272,驊陞,48,4,0
2026-08-07,6277,宏正,297,1,7
2026-08-07,6278,台表科,9007,-79,248
2026-08-07,6281,全國電,22,0,0
2026-08-07,6282,康舒,23918,148,236
2026-08-07,6283,淳安,2259,-15,1
2026-08-07,6285,啟碁,14674,298,160
2026-08-07,6405,悅城,5274,6,24
2026-08-07,6409,旭隼,999,8,0
2026-08-07,6412,群電,2948,6,7
2026-08-07,6414,樺漢,2052,-23,158
2026-08-07,6415,矽力*-KY,4328,3,70
2026-08-07,6416,瑞祺電通,3911,-81,3
2026-08-07,6426,統新,2898,191,105
2026-08-07,6431,光麗-KY,0,0,0
2026-08-07,6438,迅得,3748,-20,15
2026-08-07,6442,光聖,4654,-80,29
2026-08-07,6443,元晶,7649,-20,368
2026-08-07,6446,藥華藥,8601,204,24
2026-08-07,6449,鈺邦,2245,15,15
2026-08-07,6451,訊芯-KY,8475,518,458
2026-08-07,6456,GIS-KY,10839,13,123
2026-08-07,6464,台數科,2,0,0
2026-08-07,6472,保瑞,3528,9,27
2026-08-07,6477,安集,3491,29,135
2026-08-07,6491,晶碩,496,-14,0
2026-08-07,6504,南六,116,-2,0
2026-08-07,6505,台塑化,12950,1740,274
2026-08-07,6515,穎崴,442,11,5
2026-08-07,6525,捷敏-KY,2319,72,20
2026-08-07,6526,達發,1302,-18,1
2026-08-07,6531,愛普*,6791,173,103
2026-08-07,6533,晶心科,2108,124,79
2026-08-07,6534,正瀚-創,1754,-1,0
2026-08-07,6541,泰福-KY,3727,-40,7
2026-08-07,6550,北極星藥業-KY,0,0,0
2026-08-07,6552,易華電,1072,1,6
2026-08-07,6558,興能高,2647,-4,4
2026-08-07,6573,虹揚-KY,0,0,0
2026-08-07,6579,研揚,1242,65,8
2026-08-07,6581,鋼聯,5,0,0
2026-08-07,6582,申豐,333,5,0
2026-08-07,6585,鼎基,2263,17,49
2026-08-07,6589,台康生技,2912,-27,2
2026-08-07,6591,動力-KY,1726,-11,16
2026-08-07,6592,和潤企業,689,-8,1
2026-08-07,6598,ABC-KY,0,0,0
2026-08-07,6605,帝寶,2417,39,8
2026-08-07,6606,建德工業,574,-3,0
2026-08-07,6614,資拓宏宇,71,0,0
2026-08-07,6625,必應,891,37,0
2026-08-07,6641,基士德-KY,101,-1,0
2026-08-07,6645,金萬林-創,11,0,0
2026-08-07,6655,科定,0,0,0
2026-08-07,6657,華安,1292,0,0
2026-08-07,6658,聯策,1469,36,8
2026-08-07,6666,羅麗芬-KY,287,2,0
2026-08-07,6668,中揚光,2835,-42,16
2026-08-07,6669,緯穎,1366,-8,24
2026-08-07,6670,復盛應用,384,-19,1
2026-08-07,6671,三能-KY,84,0,0
2026-08-07,6672,騰輝電子-KY,5876,144,20
2026-08-07,6674,鋐寶科技,243,0,3
2026-08-07,6689,伊雲谷,1243,-7,1
2026-08-07,6691,洋基工程,1460,-48,24
2026-08-07,6695,芯鼎,3564,19,31
2026-08-07,6698,旭暉應材,1962,-3,0
2026-08-07,6706,惠特,7712,-10,147
2026-08-07,6715,嘉基,6952,82,23
2026-08-07,6719,力智,3599,1,2
2026-08-07,6722,輝創,74,3,0
2026-08-07,6742,澤米,1936,-24,7
2026-08-07,6743,安普新,514,-10,33
2026-08-07,6753,龍德造船,5567,101,72
2026-08-07,6754,匯僑設計,127,0,0
2026-08-07,6756,威鋒電子,584,2,2
2026-08-07,6757,台灣虎航,3525,18,6
2026-08-07,6768,志強-KY,1249,0,22
2026-08-07,6770,力積電,142371,2333,7209
2026-08-07,6771,平和環保-創,108,0,0
2026-08-07,6776,展碁國際,681,-12,0
2026-08-07,6781,AES-KY,2242,-126,8
2026-08-07,6782,視陽,412,-39,1
2026-08-07,6789,采鈺,4849,141,41
2026-08-07,6790,永豐實,585,0,0
2026-08-07,6792,詠業,268,-1,7
2026-08-07,6794,向榮生技,263,-2,0
2026-08-07,6796,晉弘,593,0,1
2026-08-07,6799,來頡,2060,-129,0
2026-08-07,6805,富世達,2773,187,20
2026-08-07,6807,峰源-KY,151,4,0
2026-08-07,6830,汎銓,3863,7,48
2026-08-07,6831,邁科,675,36,30
2026-08-07,6834,天二科技,3453,-16,127
2026-08-07,6835,圓裕,792,-9,4
2026-08-07,6838,台新藥,2562,-21,0
2026-08-07,6854,錼創科技-KY創,2419,19,9
2026-08-07,6861,睿生光電,1704,8,4
2026-08-07,6862,三集瑞-KY,928,-4,8
2026-08-07,6863,永道-KY,1004,-128,8
2026-08-07,6869,雲豹能源,2807,-17,0
2026-08-07,6873,泓德能源,3501,7,79
2026-08-07,6885,全福生技,2340,1,20
2026-08-07,6887,寶綠特-KY,963,18,0
2026-08-07,6890,來億-KY,796,-2,1
2026-08-07,6901,鑽石投資,6746,-89,85
2026-08-07,6902,GOGOLOOK,603,7,0
2026-08-07,6906,現觀科,501,-3,0
2026-08-07,6909,創控,1435,7,6
2026-08-07,6914,阜爾運通,360,1,0
2026-08-07,6916,華凌,387,-1,0
2026-08-07,6918,愛派司,86,2,0
2026-08-07,6919,康霈*,0,0,0
2026-08-07,6923,中台,1744,-18,0
2026-08-07,6928,攸泰科技,788,-13,10
2026-08-07,6931,青松健康,103,0,0
2026-08-07,6933,AMAX-KY,954,15,4
2026-08-07,6936,永鴻生技,242,0,0
2026-08-07,6937,天虹,1486,3,4
2026-08-07,6944,兆聯實業,852,11,37
2026-08-07,6949,沛爾生醫-創,5301,4,2
2026-08-07,6951,青新-創,77,0,0
2026-08-07,6952,大武山,58,20,0
2026-08-07,6957,裕慶-KY,1680,2,37
2026-08-07,6958,日盛台駿,138,0,0
2026-08-07,6962,奕力-KY,8403,28,8
2026-08-07,6965,中傑-KY,42,0,0
2026-08-07,6994,富威電力,2981,-33,78
2026-08-07,7631,聚賢研發-創,81,1,0
2026-08-07,7705,三商餐飲,97,0,0
2026-08-07,7711,永擎,778,254,1
2026-08-07,7721,微程式,1144,-3,0
2026-08-07,7722,LINEPAY,573,45,1
2026-08-07,7730,暉盛-創,512,2,2
2026-08-07,7732,金興精密,79,-1,0
2026-08-07,7736,虎山,68,0,0
2026-08-07,7740,熙特爾-創,1834,10,0
2026-08-07,7749,意騰-KY,1051,2,0
2026-08-07,7750,新代,593,6,2
2026-08-07,7765,中華資安,454,-7,0
2026-08-07,7769,鴻勁,334,15,0
2026-08-07,7780,大研生醫*,308,6,0
2026-08-07,7786,東方風能,192,2,0
2026-08-07,7788,松川精密,2112,383,12
2026-08-07,7791,皇家可口,19,0,0
2026-08-07,7795,長廣,886,288,1
2026-08-07,7799,禾榮科,1223,-6,3
2026-08-07,8011,台通,3383,-42,3
2026-08-07,8016,矽創,1447,-6,13
2026-08-07,8021,尖點,11256,-1,160
2026-08-07,8028,昇陽半導體,5129,300,63
2026-08-07,8033,雷虎,5914,-8,89
2026-08-07,8039,台虹,20910,1995,1804
2026-08-07,8045,達運光電,4951,-3,0
2026-08-07,8046,南電,9929,413,323
2026-08-07,8070,長華*,5889,-80,50
2026-08-07,8072,陞泰,1764,0,0
2026-08-07,8081,致新,1787,24,4
2026-08-07,8101,華冠,0,0,0
2026-08-07,8103,瀚荃,3376,232,3
2026-08-07,8104,錸寶,3404,4,9
2026-08-07,8105,凌巨,8378,2,502
2026-08-07,8110,華東,14707,-65,409
2026-08-07,8112,至上,16405,-346,2105
2026-08-07,8114,振樺電,1533,65,15
2026-08-07,8131,福懋科,4699,45,115
2026-08-07,8150,南茂,17245,-115,272
2026-08-07,8162,微矽電子-創,1621,1,0
2026-08-07,8163,達方,2376,-53,16
2026-08-07,8201,無敵,0,0,0
2026-08-07,8210,勤誠,2577,158,163
2026-08-07,8213,志超,3699,-21,0
2026-08-07,8215,明基材,3119,6,28
2026-08-07,8222,寶一,3287,1,34
2026-08-07,8249,菱光,3796,-8,12
2026-08-07,8261,富鼎,6454,-256,51
2026-08-07,8271,宇瞻,6186,-758,698
2026-08-07,8341,日友,370,-5,0
2026-08-07,8367,建新國際,12,0,0
2026-08-07,8374,羅昇,1537,1,4
2026-08-07,8404,百和興業-KY,3756,-5,0
2026-08-07,8411,福貞-KY,19,-12,0
2026-08-07,8422,可寧衛*,24566,-144,81
2026-08-07,8429,金麗-KY,14368,1,0
2026-08-07,8438,昶昕,3425,-16,0
2026-08-07,8442,威宏-KY,711,-3,20
2026-08-07,8443,阿瘦,28,0,0
2026-08-07,8454,富邦媒,1449,-7,62
2026-08-07,8462,柏文,1123,11,16
2026-08-07,8463,潤泰材,122,2,0
2026-08-07,8464,億豐,46,1,0
2026-08-07,8466,美吉吉-KY,1297,-2,0
2026-08-07,8467,波力-KY,233,-6,0
2026-08-07,8473,山林水,2890,52,59
2026-08-07,8476,台境*,18394,63,151
2026-08-07,8478,東哥遊艇,1023,-5,0
2026-08-07,8481,政伸,5,0,0
2026-08-07,8482,商億-KY,161,0,0
2026-08-07,8487,愛爾達-創,39,-1,0
2026-08-07,8488,吉源-KY,19,-1,0
2026-08-07,8499,鼎炫-KY,579,-3,0
2026-08-07,8926,台汽電,7550,324,61
2026-08-07,8940,新天地,95,0,0
2026-08-07,8996,高力,4687,673,102
2026-08-07,9802,鈺齊-KY,2089,10,39
2026-08-07,9902,台火,3152,8,1
2026-08-07,9904,寶成,26932,-114,520
2026-08-07,9905,大華,25,0,0
2026-08-07,9906,欣巴巴,427,-2,0
2026-08-07,9907,統一實,4259,2,7
2026-08-07,9908,大台北,126,-4,0
2026-08-07,9910,豐泰,2147,-26,0
2026-08-07,9911,櫻花,432,5,0
2026-08-07,9912,偉聯,0,0,0
2026-08-07,9914,美利達,2550,-55,11
2026-08-07,9917,中保科,78,-3,0
2026-08-07,9918,欣天然,94,-1,0
2026-08-07,9919,康那香,8298,4,1
2026-08-07,9921,巨大,1722,-181,236
2026-08-07,9924,福興,731,-11,0
2026-08-07,9925,新保,2,0,0
2026-08-07,9926,新海,9,-1,0
2026-08-07,9927,泰銘,65,-5,0
2026-08-07,9928,中視,467,2,0
2026-08-07,9929,秋雨,0,0,0
2026-08-07,9930,中聯資源,20,0,0
2026-08-07,9931,欣高,67,0,0
2026-08-07,9933,中鼎,4040,-6,3
2026-08-07,9934,成霖,5880,194,5
2026-08-07,9935,慶豐富,1371,67,0
2026-08-07,9937,全國,132,10,0
2026-08-07,9938,百和,3162,7,78
2026-08-07,9939,宏全,1121,6,3
2026-08-07,9940,信義,1246,-12,0
2026-08-07,9941,裕融,965,36,5
2026-08-07,9942,茂順,23,0,0
2026-08-07,9943,好樂迪,85,3,0
2026-08-07,9944,新麗,5525,-1,4
2026-08-07,9945,潤泰新,19851,-426,21
2026-08-07,9946,三發地產,1098,-14,0
2026-08-07,9955,佳龍,1086,-12,32
2026-08-07,9958,世紀鋼,7935,-84,19
2026-08-10,1101,台泥,31549,-385,64
2026-08-10,1102,亞泥,1524,33,2
2026-08-10,1103,嘉泥,4289,89,0
2026-08-10,1104,環泥,1698,-2,0
2026-08-10,1108,幸福,385,-31,44
2026-08-10,1109,信大,268,0,0
2026-08-10,1110,東泥,2516,-65,0
2026-08-10,1201,味全,1411,5,0
2026-08-10,1203,味王,22,-2,0
2026-08-10,1210,大成,695,-40,1
2026-08-10,1213,大飲,0,0,0
2026-08-10,1215,卜蜂,417,-1,1
2026-08-10,1216,統一,1015,101,3
2026-08-10,1217,愛之味,1611,-6,1
2026-08-10,1218,泰山,1500,-49,110
2026-08-10,1219,福壽,217,-14,1
2026-08-10,1220,台榮,861,0,18
2026-08-10,1225,福懋油,6783,0,0
2026-08-10,1227,佳格,1013,8,3
2026-08-10,1229,聯華,2979,12,23
2026-08-10,1231,聯華食,266,0,0
2026-08-10,1232,大統益,193,-1,0
2026-08-10,1233,天仁,21,-1,0
2026-08-10,1234,黑松,10,0,0
2026-08-10,1235,興泰,1157,0,0
2026-08-10,1236,宏亞,172,0,0
2026-08-10,1256,鮮活果汁-KY,310,0,2
2026-08-10,1301,台塑,21773,81,143
2026-08-10,1303,南亞,63327,725,1993
2026-08-10,1304,台聚,10366,-84,124
2026-08-10,1305,華夏,6245,-44,25
2026-08-10,1307,三芳,1334,31,0
2026-08-10,1308,亞聚,6045,8,13
2026-08-10,1309,台達化,7291,-64,66
2026-08-10,1310,台苯,11700,-181,99
2026-08-10,1312,國喬,37405,13,180
2026-08-10,1313,聯成,11220,-38,18
2026-08-10,1314,中石化,69280,-4685,37
2026-08-10,1315,達新,14,0,0
2026-08-10,1316,上曜,9489,16,31
2026-08-10,1319,東陽,7057,-44,13
2026-08-10,1321,大洋,7211,2,1
2026-08-10,1323,永裕,89,13,0
2026-08-10,1324,地球,1262,0,0
2026-08-10,1325,恆大,2279,-4,77
2026-08-10,1326,台化,32942,-317,485
2026-08-10,1337,再生-KY,21430,25,0
2026-08-10,1338,廣華-KY,3904,47,0
2026-08-10,1339,昭輝,879,-8,0
2026-08-10,1340,勝悅-KY,1037,-46,0
2026-08-10,1342,八貫,556,-1,3
2026-08-10,1402,遠東新,6864,184,40
2026-08-10,1409,新纖,22036,-377,121
2026-08-10,1410,南染,241,-3,0
2026-08-10,1413,宏洲,0,0,0
2026-08-10,1414,東和,1221,-207,0
2026-08-10,1416,廣豐,3381,90,0
2026-08-10,1417,嘉裕,1999,-2,0
2026-08-10,1418,東華,778,0,0
2026-08-10,1419,新紡,1277,2,0
2026-08-10,1423,利華,86,0,0
2026-08-10,1432,大魯閣,142,14,0
2026-08-10,1434,福懋,6970,-52,0
2026-08-10,1435,中福,0,0,0
2026-08-10,1436,華友聯,1001,-1,2
2026-08-10,1437,勤益控,3131,29,0
2026-08-10,1438,三地開發,136,-6,0
2026-08-10,1439,雋揚,1029,-3,0
2026-08-10,1440,南紡,6002,343,4
2026-08-10,1441,大東,0,0,0
2026-08-10,1442,名軒,2696,2,8
2026-08-10,1443,立益物流,8,0,0
2026-08-10,1444,力麗,558,0,0
2026-08-10,1445,大宇,1366,1,0
2026-08-10,1446,宏和,1404,-4,0
2026-08-10,1447,力鵬,746,-15,0
2026-08-10,1449,佳和,3065,15,6
2026-08-10,1451,年興,577,2,0
2026-08-10,1452,宏益,108,0,0
2026-08-10,1453,大將,918,-49,4
2026-08-10,1454,台富,2169,0,0
2026-08-10,1455,集盛,3524,396,5
2026-08-10,1456,怡華,779,4,0
2026-08-10,1457,宜進,664,3,1
2026-08-10,1459,聯發,342,-77,0
2026-08-10,1460,宏遠,0,0,0
2026-08-10,1463,強盛新,508,16,0
2026-08-10,1464,得力,1958,63,0
2026-08-10,1465,偉全,3200,-18,0
2026-08-10,1466,聚隆,3180,-50,17
2026-08-10,1467,南緯,7000,29,14
2026-08-10,1468,昶和,0,0,0
2026-08-10,1470,大統新創,5,0,0
2026-08-10,1471,首利,0,0,0
2026-08-10,1472,三洋實業,3882,0,3
2026-08-10,1473,台南,766,0,2
2026-08-10,1474,弘裕,3330,-1,0
2026-08-10,1475,業旺,464,0,0
2026-08-10,1476,儒鴻,882,75,15
2026-08-10,1477,聚陽,1296,6,0
2026-08-10,1503,士電,2835,43,25
2026-08-10,1504,東元,27775,-181,60
2026-08-10,1506,正道,0,0,0
2026-08-10,1512,瑞利,0,0,0
2026-08-10,1513,中興電,7476,-3,37
2026-08-10,1514,亞力,6056,1,25
2026-08-10,1515,力山,2272,240,7
2026-08-10,1516,川飛,2,0,0
2026-08-10,1517,利奇,2188,-67,3
2026-08-10,1519,華城,2944,3,5
2026-08-10,1521,大億,447,0,0
2026-08-10,1522,堤維西,3664,-3,20
2026-08-10,1524,耿鼎,3824,5,18
2026-08-10,1525,江申,230,2,0
2026-08-10,1526,日馳,927,69,28
2026-08-10,1527,鑽全,531,0,0
2026-08-10,1528,恩德,5679,-6,28
2026-08-10,1529,樂事綠能,2750,8,658
2026-08-10,1530,亞崴,269,3,0
2026-08-10,1531,高林股,1713,3,4
2026-08-10,1532,勤美,2937,12,0
2026-08-10,1533,車王電,526,3,2
2026-08-10,1535,中宇,54,-1,0
2026-08-10,1536,和大,7435,-97,144
2026-08-10,1537,廣隆,57,2,0
2026-08-10,1538,正峰,0,0,0
2026-08-10,1539,巨庭,1242,-8,0
2026-08-10,1540,喬福,1492,7,1
2026-08-10,1541,錩泰,106,2,0
2026-08-10,1558,伸興,256,0,0
2026-08-10,1560,中砂,1726,16,89
2026-08-10,1563,巧新,6785,278,4
2026-08-10,1568,倉佑,2210,14,1
2026-08-10,1582,信錦,3646,60,4
2026-08-10,1583,程泰,65,0,0
2026-08-10,1587,吉茂,1660,6,26
2026-08-10,1589,永冠-KY,655,0,0
2026-08-10,1590,亞德客-KY,233,42,1
2026-08-10,1597,直得,3004,54,52
2026-08-10,1598,岱宇,2010,7,0
2026-08-10,1603,華電,1849,34,1
2026-08-10,1604,聲寶,200,0,0
2026-08-10,1605,華新,47571,-1898,808
2026-08-10,1608,華榮,7704,-82,96
2026-08-10,1609,大亞,12343,34,22
2026-08-10,1611,中電,3224,9,1
2026-08-10,1612,宏泰,1883,-249,0
2026-08-10,1614,三洋電,336,12,0
2026-08-10,1615,大山,167,4,0
2026-08-10,1616,億泰,2742,-23,1
2026-08-10,1617,榮星,1778,28,7
2026-08-10,1618,合機,3359,-17,3
2026-08-10,1623,大東電,26,0,0
2026-08-10,1626,艾美特-KY,1621,-1,0
2026-08-10,1702,南僑,296,1,0
2026-08-10,1707,葡萄王,337,8,20
2026-08-10,1708,東鹼,6243,-43,63
2026-08-10,1709,和益,18980,46,21
2026-08-10,1710,東聯,12209,-112,49
2026-08-10,1711,永光,13337,-158,129
2026-08-10,1712,興農,452,1,0
2026-08-10,1713,國化,3059,-22,0
2026-08-10,1714,和桐,16161,2144,110
2026-08-10,1717,長興,16720,172,412
2026-08-10,1718,中纖,19658,-921,152
2026-08-10,1720,生達,303,-8,0
2026-08-10,1721,三晃,126,0,0
2026-08-10,1722,台肥,2844,-80,1
2026-08-10,1723,中碳,595,-4,0
2026-08-10,1725,元禎,274,-1,0
2026-08-10,1726,永記,25,0,0
2026-08-10,1727,中華化,5916,-83,59
2026-08-10,1730,花仙子,6,-2,0
2026-08-10,1731,美吾華,306,-2,0
2026-08-10,1732,毛寶,986,32,29
2026-08-10,1733,五鼎,2467,-6,6
2026-08-10,1734,杏輝,293,-5,0
2026-08-10,1735,日勝化,658,-6,0
2026-08-10,1736,喬山,1910,-31,18
2026-08-10,1737,臺鹽,23,2,0
2026-08-10,1752,南光,329,0,0
2026-08-10,1760,寶齡富錦,999,-16,0
2026-08-10,1762,中化生,779,-10,4
2026-08-10,1773,勝一,1102,5,2
2026-08-10,1776,展宇,754,-18,1
2026-08-10,1783,和康生,544,-49,0
2026-08-10,1786,科妍,4962,1,0
2026-08-10,1789,神隆,3312,-31,7
2026-08-10,1795,美時,8620,-128,10
2026-08-10,1802,台玻,35845,578,1254
2026-08-10,1805,寶徠,1481,0,0
2026-08-10,1806,冠軍,2906,-10,0
2026-08-10,1808,潤隆,5831,-9,1
2026-08-10,1809,中釉,5456,204,74
2026-08-10,1810,和成,20866,321,139
2026-08-10,1817,凱撒衛,16,0,0
2026-08-10,1903,士紙,2471,0,0
2026-08-10,1904,正隆,4382,24,17
2026-08-10,1905,華紙,12484,-173,44
2026-08-10,1906,寶隆,7273,6,0
2026-08-10,1907,永豐餘,24043,-4,18
2026-08-10,1909,榮成,9366,-251,47
2026-08-10,2002,中鋼,43767,4594,208
2026-08-10,2006,東和鋼鐵,1146,16,36
2026-08-10,2007,燁興,5,0,0
2026-08-10,2008,高興昌,92,0,0
2026-08-10,2009,第一銅,6524,15,42
2026-08-10,2010,春源,2362,41,3
2026-08-10,2012,春雨,192,1,0
2026-08-10,2013,中鋼構,1412,-2,0
2026-08-10,2014,中鴻,1095,-7,0
2026-08-10,2015,豐興,43,-1,0
2026-08-10,2017,官田鋼,8175,19,1
2026-08-10,2020,美亞,703,19,0
2026-08-10,2022,聚亨,2046,-55,0
2026-08-10,2023,燁輝,2753,54,55
2026-08-10,2024,志聯,65,1,0
2026-08-10,2025,千興,0,0,0
2026-08-10,2027,大成鋼,26476,145,409
2026-08-10,2028,威致,1179,-32,0
2026-08-10,2029,盛餘,445,-8,0
2026-08-10,2030,彰源,5000,718,36
2026-08-10,2031,新光鋼,1557,97,36
2026-08-10,2032,新鋼,2572,-237,21
2026-08-10,2033,佳大,2827,34,4
2026-08-10,2034,允強,3555,6,28
2026-08-10,2038,海光,3579,-82,0
2026-08-10,2049,上銀,4118,95,201
2026-08-10,2059,川湖,523,-85,47
2026-08-10,2062,橋椿,1345,14,1
2026-08-10,2069,運錩,427,68,9
2026-08-10,2101,南港,21154,164,23
2026-08-10,2102,泰豐,3511,4,4
2026-08-10,2103,台橡,14980,1133,475
2026-08-10,2104,國際中橡,19154,279,47
2026-08-10,2105,正新,8980,89,12
2026-08-10,2106,建大,2678,-9,1
2026-08-10,2107,厚生,82,-3,0
2026-08-10,2108,南帝,2673,-72,41
2026-08-10,2109,華豐,678,-2,0
2026-08-10,2114,鑫永銓,6,0,0
2026-08-10,2115,六暉-KY,494,-12,3
2026-08-10,2201,裕隆,9812,-37,2
2026-08-10,2204,中華,1380,10,0
2026-08-10,2206,三陽工業,3902,-124,1
2026-08-10,2207,和泰車,61,1,0
2026-08-10,2208,台船,0,0,0
2026-08-10,2211,長榮鋼,581,3,0
2026-08-10,2228,劍麟,1507,-35,6
2026-08-10,2231,為升,2587,-4,113
2026-08-10,2233,宇隆,4315,-18,9
2026-08-10,2236,百達-KY,11782,-32,46
2026-08-10,2239,英利-KY,1643,-7,0
2026-08-10,2241,艾姆勒,7857,117,14
2026-08-10,2243,宏旭-KY,1293,-4,11
2026-08-10,2247,汎德永業,153,0,1
2026-08-10,2248,華勝-KY,551,7,0
2026-08-10,2250,IKKA-KY,1179,-25,2
2026-08-10,2254,巨鎧精密-創,2514,-1,0
2026-08-10,2301,光寶科,14387,886,581
2026-08-10,2302,麗正,4063,153,200
2026-08-10,2303,聯電,164514,3553,1375
2026-08-10,2305,全友,6565,388,129
2026-08-10,2308,台達電,8883,504,51
2026-08-10,2312,金寶,43947,-1358,484
2026-08-10,2313,華通,30729,402,1310
2026-08-10,2314,台揚,0,0,0
2026-08-10,2316,楠梓電,3535,83,51
2026-08-10,2317,鴻海,50336,-99,642
2026-08-10,2321,東訊,0,0,0
2026-08-10,2323,中環,30033,316,39
2026-08-10,2324,仁寶,49919,-1381,824
2026-08-10,2327,國巨*,34039,-525,538
2026-08-10,2328,廣宇,16329,-245,157
2026-08-10,2329,華泰,13636,-101,296
2026-08-10,2330,台積電,29788,131,32
2026-08-10,2331,精英,9586,-40,28
2026-08-10,2332,友訊,28589,-35,854
2026-08-10,2337,旺宏,91725,-4342,3141
2026-08-10,2338,光罩,5019,7,88
2026-08-10,2340,台亞,7337,-300,63
2026-08-10,2342,茂矽,3532,22,55
2026-08-10,2344,華邦電,141876,-1624,4923
2026-08-10,2345,智邦,1808,130,10
2026-08-10,2347,聯強,1307,46,7
2026-08-10,2348,海悅,2662,-102,15
2026-08-10,2349,錸德,0,0,0
2026-08-10,2351,順德,11005,38,170
2026-08-10,2352,佳世達,14886,-421,16
2026-08-10,2353,宏碁,39138,-1167,2336
2026-08-10,2354,鴻準,29736,-827,195
2026-08-10,2355,敬鵬,8983,93,55
2026-08-10,2356,英業達,27642,-516,604
2026-08-10,2357,華碩,2024,14,31
2026-08-10,2359,所羅門,9400,2850,328
2026-08-10,2360,致茂,1521,53,9
2026-08-10,2362,藍天,3450,908,6
2026-08-10,2363,矽統,16747,324,87
2026-08-10,2364,倫飛,816,55,1
2026-08-10,2365,昆盈,7811,79,23
2026-08-10,2367,燿華,24558,496,451
2026-08-10,2368,金像電,8105,394,574
2026-08-10,2369,菱生,12888,120,154
2026-08-10,2371,大同,46479,787,600
2026-08-10,2373,震旦行,45,0,0
2026-08-10,2374,佳能,15871,-128,23
2026-08-10,2375,凱美,4991,70,442
2026-08-10,2376,技嘉,6338,-97,87
2026-08-10,2377,微星,13967,130,200
2026-08-10,2379,瑞昱,2509,30,41
2026-08-10,2380,虹光,0,0,0
2026-08-10,2382,廣達,17121,331,145
2026-08-10,2383,台光電,1991,-15,22
2026-08-10,2385,群光,3246,-53,55
2026-08-10,2387,精元,1262,37,2
2026-08-10,2388,威盛,9622,-25,260
2026-08-10,2390,云辰,1997,46,0
2026-08-10,2392,正崴,4578,5,23
2026-08-10,2393,億光,2961,417,9
2026-08-10,2395,研華,2089,-16,46
2026-08-10,2397,友通,1848,84,5
2026-08-10,2399,映泰,10980,463,285
2026-08-10,2401,凌陽,7790,6,132
2026-08-10,2402,毅嘉,11724,-180,18
2026-08-10,2404,漢唐,2161,30,8
2026-08-10,2405,輔信,7579,-22,36
2026-08-10,2406,國碩,13342,-75,355
2026-08-10,2408,南亞科,88847,-2960,2866
2026-08-10,2409,友達,214268,-6634,3638
2026-08-10,2412,中華電,2363,-85,37
2026-08-10,2413,環科,4343,67,17
2026-08-10,2414,精技,541,-1,3
2026-08-10,2415,錩新,2475,30,0
2026-08-10,2417,圓剛,3127,-94,29
2026-08-10,2419,仲琦,5854,9,4
2026-08-10,2420,新巨,759,-29,4
2026-08-10,2421,建準,4093,93,80
2026-08-10,2423,固緯,632,15,6
2026-08-10,2424,隴華,0,0,0
2026-08-10,2425,承啟,6751,516,130
2026-08-10,2426,鼎元,16250,1372,579
2026-08-10,2427,三商電,5357,19,4
2026-08-10,2428,興勤,2107,48,16
2026-08-10,2429,銘旺科,510,-3,0
2026-08-10,2430,燦坤,97,0,1
2026-08-10,2431,聯昌,1526,0,0
2026-08-10,2432,倚天酷碁-創,307,-10,0
2026-08-10,2433,互盛電,24,0,0
2026-08-10,2434,統懋,358,34,31
2026-08-10,2436,偉詮電,6167,-207,4135
2026-08-10,2438,翔耀,0,0,0
2026-08-10,2439,美律,3802,-82,15
2026-08-10,2440,太空梭,1626,-5,1
2026-08-10,2441,超豐,9143,300,70
2026-08-10,2442,新美齊,4003,-48,1
2026-08-10,2444,兆勁,0,0,0
2026-08-10,2449,京元電子,19731,43,257
2026-08-10,2450,神腦,81,1,0
2026-08-10,2451,創見,6695,211,588
2026-08-10,2453,凌群,2374,14,2
2026-08-10,2454,聯發科,10133,29,34
2026-08-10,2455,全新,11471,672,374
2026-08-10,2457,飛宏,12085,58,80
2026-08-10,2458,義隆,3797,-140,23
2026-08-10,2459,敦吉,110,23,0
2026-08-10,2460,建通,208,0,0
2026-08-10,2461,光群雷,8520,23,2
2026-08-10,2462,良得電,2343,30,0
2026-08-10,2464,盟立,20559,1100,999
2026-08-10,2465,麗臺,3801,310,97
2026-08-10,2466,冠西電,6078,3,224
2026-08-10,2467,志聖,1791,56,37
2026-08-10,2468,華經,3257,-34,1
2026-08-10,2471,資通,1285,-4,2
2026-08-10,2472,立隆電,4525,-143,27
2026-08-10,2474,可成,9286,842,14
2026-08-10,2476,鉅祥,40985,310,0
2026-08-10,2477,美隆電,1215,21,1
2026-08-10,2478,大毅,7497,-157,48
2026-08-10,2480,敦陽科,388,-1,1
2026-08-10,2481,強茂,13067,323,563
2026-08-10,2482,連宇,1855,65,0
2026-08-10,2483,百容,1845,-69,12
2026-08-10,2484,希華,17454,1440,436
2026-08-10,2485,兆赫,11289,210,239
2026-08-10,2486,一詮,22599,623,588
2026-08-10,2488,漢平,491,-35,0
2026-08-10,2489,瑞軒,28876,418,173
2026-08-10,2491,吉祥全,1620,-3,20
2026-08-10,2492,華新科,12358,933,478
2026-08-10,2493,揚博,10174,304,37
2026-08-10,2495,普安,7874,-95,23
2026-08-10,2496,卓越,34,0,0
2026-08-10,2497,怡利電,1796,18,8
2026-08-10,2498,宏達電,28304,-187,442
2026-08-10,2501,國建,4633,-14,0
2026-08-10,2504,國產,4728,-47,2
2026-08-10,2505,國揚,3261,-1,3
2026-08-10,2506,太設,1850,-1,0
2026-08-10,2509,全坤建,568,14,1
2026-08-10,2511,太子,2514,-8,1
2026-08-10,2514,龍邦,18132,-24,1
2026-08-10,2515,中工,29620,54,40
2026-08-10,2516,新建,0,0,0
2026-08-10,2520,冠德,2061,-284,7
2026-08-10,2524,京城,3206,12,0
2026-08-10,2527,宏璟,5385,-75,7
2026-08-10,2528,皇普,6311,12,10
2026-08-10,2530,華建,6817,21,4
2026-08-10,2534,宏盛,11931,6,0
2026-08-10,2535,達欣工,276,-6,5
2026-08-10,2536,宏普,5393,571,0
2026-08-10,2537,聯上發,3612,14,3
2026-08-10,2538,基泰,2424,16,0
2026-08-10,2539,櫻花建,2291,25,0
2026-08-10,2540,愛山林,2983,76,7
2026-08-10,2542,興富發,4682,-46,212
2026-08-10,2543,皇昌,9395,69,16
2026-08-10,2545,皇翔,2814,21,10
2026-08-10,2546,根基,103,-4,0
2026-08-10,2547,日勝生,10831,434,8
2026-08-10,2548,華固,2191,30,4
2026-08-10,2597,潤弘,168,0,0
2026-08-10,2601,益航,365,0,0
2026-08-10,2603,長榮,15028,-149,236
2026-08-10,2605,新興,13346,578,30
2026-08-10,2606,裕民,2790,249,56
2026-08-10,2607,榮運,800,-23,1
2026-08-10,2608,嘉里大榮,1127,9,1
2026-08-10,2609,陽明,32115,-391,308
2026-08-10,2610,華航,47602,1269,244
2026-08-10,2611,志信,2119,-2,7
2026-08-10,2612,中航,1570,16,3
2026-08-10,2613,中櫃,2107,-6,0
2026-08-10,2614,東森,5383,17,0
2026-08-10,2615,萬海,14886,-322,150
2026-08-10,2616,山隆,428,-2,0
2026-08-10,2617,台航,2131,-20,0
2026-08-10,2618,長榮航,34916,-5436,806
2026-08-10,2630,亞航,5232,8,38
2026-08-10,2633,台灣高鐵,1653,-57,30
2026-08-10,2634,漢翔,23404,386,251
2026-08-10,2636,台驊控股,614,1,0
2026-08-10,2637,慧洋-KY,2455,-21,53
2026-08-10,2642,宅配通,602,0,0
2026-08-10,2645,長榮航太,2978,35,6
2026-08-10,2646,星宇航空,3811,-15,88
2026-08-10,2701,萬企,382,0,0
2026-08-10,2702,華園,429,0,0
2026-08-10,2704,國賓,115,5,0
2026-08-10,2705,六福,547,0,0
2026-08-10,2706,第一店,654,-2,0
2026-08-10,2707,晶華,172,-3,0
2026-08-10,2712,遠雄來,7,0,0
2026-08-10,2722,夏都,412,5,0
2026-08-10,2723,美食-KY,1659,9,0
2026-08-10,2727,王品,333,25,3
2026-08-10,2731,雄獅,884,-3,6
2026-08-10,2739,寒舍,899,-1,0
2026-08-10,2748,雲品,503,-2,0
2026-08-10,2753,八方雲集,517,-4,2
2026-08-10,2762,世界健身-KY,209,-3,0
2026-08-10,2801,彰銀,8559,6,37
2026-08-10,2812,台中銀,2796,65,20
2026-08-10,2816,旺旺保,585,-6,0
2026-08-10,2820,華票,494,-10,1
2026-08-10,2832,台產,552,0,0
2026-08-10,2834,臺企銀,27300,691,21
2026-08-10,2836,高雄銀,6671,-95,1
2026-08-10,2838,聯邦銀,872,28,3
2026-08-10,2845,遠東銀,4001,-361,25
2026-08-10,2849,安泰銀,252,-10,0
2026-08-10,2850,新產,312,0,0
2026-08-10,2851,中再保,913,-119,0
2026-08-10,2852,第一保,1530,0,0
2026-08-10,2855,統一證,5298,-563,131
2026-08-10,2867,三商壽,1830,-45,9
2026-08-10,2880,華南金,881,72,0
2026-08-10,2881,富邦金,6827,-450,204
2026-08-10,2882,國泰金,4251,-87,258
2026-08-10,2883,凱基金,11231,-210,104
2026-08-10,2884,玉山金,4853,63,271
2026-08-10,2885,元大金,2087,-115,0
2026-08-10,2886,兆豐金,1224,-32,0
2026-08-10,2887,台新新光金,40115,-118,230
2026-08-10,2889,國票金,2801,-12,3
2026-08-10,2890,永豐金,3071,-34,57
2026-08-10,2891,中信金,3488,-210,39
2026-08-10,2892,第一金,1999,365,0
2026-08-10,2897,王道銀行,1702,2,4
2026-08-10,2901,欣欣,472,0,0
2026-08-10,2903,遠百,1537,4,0
2026-08-10,2904,匯僑,32,0,0
2026-08-10,2905,三商,7635,63,3
2026-08-10,2906,高林,606,-6,0
2026-08-10,2908,特力,14062,-45,0
2026-08-10,2910,統領,49,0,0
2026-08-10,2911,麗嬰房,206,-6,0
2026-08-10,2912,統一超,663,43,0
2026-08-10,2913,農林,7074,141,2
2026-08-10,2915,潤泰全,8605,-18,8
2026-08-10,2929,淘帝-KY,2109,11,0
2026-08-10,2939,永邑-KY,244,-3,0
2026-08-10,3002,歐格,1858,7,16
2026-08-10,3003,健和興,2482,-707,15
2026-08-10,3004,豐達科,1854,-20,7
2026-08-10,3005,神基,8675,24,48
2026-08-10,3006,晶豪科,17221,849,882
2026-08-10,3008,大立光,2349,53,0
2026-08-10,3010,華立,1245,-45,8
2026-08-10,3011,今皓,3282,34,41
2026-08-10,3013,晟銘電,8534,-118,52
2026-08-10,3014,聯陽,2729,31,24
2026-08-10,3015,全漢,2502,-21,0
2026-08-10,3016,嘉晶,7708,326,231
2026-08-10,3017,奇鋐,4183,50,68
2026-08-10,3018,隆銘綠能,0,0,0
2026-08-10,3019,亞光,10769,-74,35
2026-08-10,3021,鴻名,599,10,0
2026-08-10,3022,威強電,6864,292,26
2026-08-10,3023,信邦,1109,23,1
2026-08-10,3024,憶聲,9758,57,7
2026-08-10,3025,星通,1627,-13,0
2026-08-10,3026,禾伸堂,7326,78,219
2026-08-10,3027,盛達,4596,-13,0
2026-08-10,3028,增你強,3079,-29,42
2026-08-10,3029,零壹,3226,68,17
2026-08-10,3030,德律,10312,-74,7
2026-08-10,3031,佰鴻,5270,-58,4
2026-08-10,3032,偉訓,8249,52,11
2026-08-10,3033,威健,8873,-239,813
2026-08-10,3034,聯詠,2665,197,54
2026-08-10,3035,智原,10115,-47,352
2026-08-10,3036,文曄,13126,-1941,406
2026-08-10,3037,欣興,39054,-274,682
2026-08-10,3038,全台,1477,11,0
2026-08-10,3040,遠見,10092,1,1
2026-08-10,3041,揚智,3457,31,50
2026-08-10,3042,晶技,19372,521,217
2026-08-10,3043,科風,855,6,0
2026-08-10,3044,健鼎,6588,244,4
2026-08-10,3045,台灣大,1553,304,0
2026-08-10,3046,建碁,1051,-26,9
2026-08-10,3047,訊舟,6527,0,4
2026-08-10,3048,益登,6096,-153,113
2026-08-10,3049,精金,0,0,0
2026-08-10,3050,鈺德,3222,16,0
2026-08-10,3051,力特,4041,-43,0
2026-08-10,3052,夆典,1685,2,0
2026-08-10,3054,立萬利,965,40,0
2026-08-10,3055,蔚華科,5643,215,98
2026-08-10,3056,富華新,3573,58,0
2026-08-10,3057,喬鼎,0,0,0
2026-08-10,3058,立德,0,0,0
2026-08-10,3059,華晶科,11251,41,17
2026-08-10,3060,銘異,8605,-2,12
2026-08-10,3062,建漢,9632,-89,59
2026-08-10,3090,日電貿,6204,67,47
2026-08-10,3092,鴻碩,3554,-72,0
2026-08-10,3094,聯傑,2720,-116,119
2026-08-10,3130,一零四,9,0,0
2026-08-10,3135,凌航,2925,-50,220
2026-08-10,3138,耀登,1996,-12,3
2026-08-10,3149,正達,22046,761,12789
2026-08-10,3150,鈺寶-創,229,-3,0
2026-08-10,3164,景岳,304,0,0
2026-08-10,3167,大量,6688,1135,213
2026-08-10,3168,眾福科,38,0,0
2026-08-10,3189,景碩,22867,-510,377
2026-08-10,3209,全科,5853,195,11
2026-08-10,3229,晟鈦,0,0,0
2026-08-10,3231,緯創,41315,295,1067
2026-08-10,3257,虹冠電,2453,-13,49
2026-08-10,3266,昇陽,353,-2,0
2026-08-10,3296,勝德,1813,1,2
2026-08-10,3305,昇貿,7055,258,38
2026-08-10,3308,聯德,706,-2,0
2026-08-10,3311,閎暉,2871,-22,6
2026-08-10,3312,弘憶股,4859,-24,48
2026-08-10,3321,同泰,0,0,0
2026-08-10,3338,泰碩,3465,47,11
2026-08-10,3346,麗清,2927,-46,8
2026-08-10,3356,奇偶,1800,11,7
2026-08-10,3376,新日興,11329,101,11
2026-08-10,3380,明泰,5112,-80,11
2026-08-10,3406,玉晶光,2682,-126,67
2026-08-10,3413,京鼎,3748,-51,5
2026-08-10,3416,融程電,908,53,41
2026-08-10,3419,譁裕,1042,0,0
2026-08-10,3432,台端,0,0,0
2026-08-10,3437,榮創,2642,-44,31
2026-08-10,3443,創意,4478,115,57
2026-08-10,3447,展達,1913,31,32
2026-08-10,3450,聯鈞,15850,150,800
2026-08-10,3481,群創,345361,13127,6536
2026-08-10,3494,誠研,0,0,0
2026-08-10,3501,維熹,1162,0,0
2026-08-10,3504,揚明光,2977,16,251
2026-08-10,3515,華擎,1637,-33,4
2026-08-10,3518,柏騰,4082,97,64
2026-08-10,3528,安馳,2357,7,11
2026-08-10,3530,晶相光,1299,23,0
2026-08-10,3532,台勝科,7569,-57,195
2026-08-10,3533,嘉澤,760,-22,1
2026-08-10,3535,晶彩科,3951,-52,57
2026-08-10,3543,州巧,5247,9,160
2026-08-10,3545,敦泰,4425,107,18
2026-08-10,3550,聯穎,14113,239,35
2026-08-10,3557,嘉威,378,1,0
2026-08-10,3563,牧德,5591,-15,5
2026-08-10,3576,聯合再生,0,0,0
2026-08-10,3583,辛耘,1919,11,22
2026-08-10,3588,通嘉,1664,-51,2
2026-08-10,3591,艾笛森,27465,-29,33
2026-08-10,3592,瑞鼎,950,22,17
2026-08-10,3593,力銘,0,0,0
2026-08-10,3596,智易,1420,135,26
2026-08-10,3605,宏致,14813,1586,0
2026-08-10,3607,谷崧,1857,-2,3
2026-08-10,3617,碩天,1984,32,29
2026-08-10,3622,洋華,1770,25,2
2026-08-10,3645,達邁,5164,42,77
2026-08-10,3652,精聯,703,35,4
2026-08-10,3653,健策,2680,330,41
2026-08-10,3661,世芯-KY,6387,351,48
2026-08-10,3665,貿聯-KY,2298,180,22
2026-08-10,3669,圓展,819,6,5
2026-08-10,3673,TPK-KY,14029,-247,92
2026-08-10,3679,新至陞,121,0,0
2026-08-10,3686,達能,0,0,0
2026-08-10,3694,海華,6930,139,35
2026-08-10,3701,大眾控,6068,28,72
2026-08-10,3702,大聯大,6598,148,209
2026-08-10,3703,欣陸,1513,53,2
2026-08-10,3704,合勤控,7952,1630,142
2026-08-10,3705,永信,370,0,0
2026-08-10,3706,神達,29450,-106,174
2026-08-10,3708,上緯投控,2937,-30,271
2026-08-10,3711,日月光投控,14042,1261,196
2026-08-10,3712,永崴投控,2452,-2,17
2026-08-10,3714,富采,23950,123,245
2026-08-10,3715,定穎投控,19325,-252,573
2026-08-10,3716,中化控股,672,-18,0
2026-08-10,3717,聯嘉投控,13645,532,649
2026-08-10,4104,佳醫,119,22,0
2026-08-10,4106,雃博,641,-2,0
2026-08-10,4108,懷特,0,0,0
2026-08-10,4119,旭富,643,32,39
2026-08-10,4133,亞諾法,1287,-2,0
2026-08-10,4137,麗豐-KY,1077,2,0
2026-08-10,4142,國光生,6443,-25,15
2026-08-10,4148,全宇生技-KY,388,0,0
2026-08-10,4155,訊映,926,-3,0
2026-08-10,4164,承業醫,5925,-293,2
2026-08-10,4190,佐登-KY,283,0,0
2026-08-10,4306,炎洲,4784,1,1
2026-08-10,4414,如興,707,-3,0
2026-08-10,4426,利勤,1031,23,0
2026-08-10,4438,廣越,763,0,0
2026-08-10,4439,冠星-KY,228,5,22
2026-08-10,4440,宜新實業,147,0,0
2026-08-10,4441,振大環球,211,-22,0
2026-08-10,4526,東台,5475,-5,93
2026-08-10,4532,瑞智,2312,25,0
2026-08-10,4536,拓凱,706,30,0
2026-08-10,4540,全球傳動,3837,108,381
2026-08-10,4545,銘鈺,1192,0,0
2026-08-10,4551,智伸科,2507,93,1
2026-08-10,4552,力達-KY,2430,22,12
2026-08-10,4555,氣立,2208,1,36
2026-08-10,4557,永新-KY,356,-1,0
2026-08-10,4560,強信-KY,280,3,0
2026-08-10,4562,穎漢,1832,1,38
2026-08-10,4564,元翎,10361,-58,16
2026-08-10,4566,時碩工業,4448,-926,109
2026-08-10,4569,六方科-KY,746,2,0
2026-08-10,4571,鈞興-KY,1113,-16,4
2026-08-10,4572,駐龍,326,1,1
2026-08-10,4576,大銀微系統,2663,-55,65
2026-08-10,4581,光隆精密-KY,25,-1,0
2026-08-10,4583,台灣精銳,2952,-88,3
2026-08-10,4585,達明,596,-9,62
2026-08-10,4588,玖鼎電力,390,0,1
2026-08-10,4590,富田-創,0,0,0
2026-08-10,4720,德淵,3266,-3,1
2026-08-10,4722,國精化,11741,-33,133
2026-08-10,4736,泰博,228,23,1
2026-08-10,4737,華廣,1588,-11,0
2026-08-10,4739,康普,8233,-219,108
2026-08-10,4746,台耀,2001,25,1
2026-08-10,4755,三福化,991,-4,1
2026-08-10,4763,材料*-KY,41960,-146,36
2026-08-10,4764,雙鍵,4550,-183,58
2026-08-10,4766,南寶,1084,-3,1
2026-08-10,4770,上品,960,-28,12
2026-08-10,4771,望隼,513,-73,2
2026-08-10,4807,日成-KY,1240,16,16
2026-08-10,4904,遠傳,819,180,4
2026-08-10,4906,正文,28274,-207,99
2026-08-10,4912,聯德控股-KY,3665,-9,1
2026-08-10,4915,致伸,4402,-35,87
2026-08-10,4916,事欣科,7715,289,164
2026-08-10,4919,新唐,12796,-243,1292
2026-08-10,4927,泰鼎-KY,23377,-1,470
2026-08-10,4930,燦星網,3809,-2,0
2026-08-10,4934,太極,0,0,0
2026-08-10,4935,茂林-KY,615,-6,4
2026-08-10,4938,和碩,4878,10,22
2026-08-10,4942,嘉彰,647,0,0
2026-08-10,4943,康控-KY,0,0,0
2026-08-10,4949,有成精密,2870,85,43
2026-08-10,4952,凌通,1348,19,6
2026-08-10,4956,光鋐,5249,-38,17
2026-08-10,4958,臻鼎-KY,32057,2717,419
2026-08-10,4960,誠美材,15368,-67,95
2026-08-10,4961,天鈺,1332,-20,42
2026-08-10,4967,十銓,7846,237,156
2026-08-10,4968,立積,5150,-1,33
2026-08-10,4976,佳凌,5003,-45,321
2026-08-10,4977,眾達-KY,6208,16,71
2026-08-10,4989,榮科,14484,-176,1624
2026-08-10,4994,傳奇,2363,0,5
2026-08-10,4999,鑫禾,405,1,0
2026-08-10,5007,三星,8,0,0
2026-08-10,5203,訊連,1100,-18,0
2026-08-10,5215,科嘉-KY,657,-5,0
2026-08-10,5222,全訊,1858,15,10
2026-08-10,5225,東科-KY,1256,-72,37
2026-08-10,5234,達興材料,1500,-13,8
2026-08-10,5236,凌陽創新,206,0,4
2026-08-10,5243,乙盛-KY,9239,35,72
2026-08-10,5244,弘凱,2356,-13,2
2026-08-10,5258,虹堡,3901,-79,0
2026-08-10,5269,祥碩,1956,-12,456
2026-08-10,5283,禾聯碩,70,0,0
2026-08-10,5284,jpp-KY,3731,-35,17
2026-08-10,5285,界霖,4640,32,55
2026-08-10,5288,豐祥-KY,2610,-3,0
2026-08-10,5292,華懋,865,11,0
2026-08-10,5306,桂盟,588,52,0
2026-08-10,5388,中磊,5152,59,30
2026-08-10,5434,崇越,1036,9,1
2026-08-10,5469,瀚宇博,13425,-164,55
2026-08-10,5471,松翰,4338,109,35
2026-08-10,5484,慧友,0,0,0
2026-08-10,5515,建國,2153,116,4
2026-08-10,5519,隆大,842,0,58
2026-08-10,5521,工信,13206,-113,13
2026-08-10,5522,遠雄,999,-9,0
2026-08-10,5525,順天,319,0,0
2026-08-10,5531,鄉林,3822,122,11
2026-08-10,5533,皇鼎,486,0,0
2026-08-10,5534,長虹,3349,-11,0
2026-08-10,5538,東明-KY,60,-5,0
2026-08-10,5546,永固-KY,22,0,0
2026-08-10,5607,遠雄港,1825,47,0
2026-08-10,5608,四維航,3736,-210,106
2026-08-10,5706,鳳凰,702,-1,20
2026-08-10,5871,中租-KY,4173,51,2
2026-08-10,5876,上海商銀,719,-4,1
2026-08-10,5880,合庫金,2873,349,0
2026-08-10,5906,台南-KY,21,0,0
2026-08-10,5907,大洋-KY,5489,-7,0
2026-08-10,6005,群益證,5764,177,0
2026-08-10,6024,群益期,343,9,0
2026-08-10,6108,競國,1725,-36,20
2026-08-10,6112,邁達特,2851,-21,7
2026-08-10,6115,鎰勝,29,0,0
2026-08-10,6116,彩晶,37525,3753,9966
2026-08-10,6117,迎廣,2365,0,0
2026-08-10,6120,達運,7549,15,61
2026-08-10,6128,上福,1400,14,0
2026-08-10,6133,金橋,3012,45,0
2026-08-10,6136,富爾特,2828,11,0
2026-08-10,6139,亞翔,8437,133,41
2026-08-10,6141,柏承,34,-1,0
2026-08-10,6142,友勁,0,0,0
2026-08-10,6152,百一,0,0,0
2026-08-10,6153,嘉聯益,13501,-146,117
2026-08-10,6155,鈞寶,2789,68,31
2026-08-10,6164,華興,3881,54,2
2026-08-10,6165,浪凡,13177,-42,1
2026-08-10,6166,凌華,3731,-14,100
2026-08-10,6168,宏齊,4281,132,58
2026-08-10,6176,瑞儀,6359,15,0
2026-08-10,6177,達麗,2570,-12,3
2026-08-10,6183,關貿,9,0,0
2026-08-10,6184,大豐電,454,0,0
2026-08-10,6189,豐藝,2331,-2,7
2026-08-10,6191,精成科,18801,-282,119
2026-08-10,6192,巨路,731,12,0
2026-08-10,6196,帆宣,1546,-29,14
2026-08-10,6197,佳必琪,5509,-5,49
2026-08-10,6201,亞弘電,38,0,0
2026-08-10,6202,盛群,4873,98,0
2026-08-10,6205,詮欣,3680,-33,4
2026-08-10,6206,飛捷,2972,409,69
2026-08-10,6209,今國光,12861,349,77
2026-08-10,6213,聯茂,22795,1649,1230
2026-08-10,6214,精誠,2045,-40,10
2026-08-10,6215,和椿,5141,-66,98
2026-08-10,6216,居易,684,8,9
2026-08-10,6224,聚鼎,1707,-16,9
2026-08-10,6225,天瀚,0,0,0
2026-08-10,6226,光鼎,3109,469,249
2026-08-10,6230,尼得科超眾,467,-1,1
2026-08-10,6235,華孚,4368,-3,12
2026-08-10,6239,力成,22310,-1251,149
2026-08-10,6243,迅杰,2138,-63,231
2026-08-10,6257,矽格,10542,48,130
2026-08-10,6269,台郡,9891,75,294
2026-08-10,6271,同欣電,7574,36,43
2026-08-10,6272,驊陞,49,1,0
2026-08-10,6277,宏正,305,8,8
2026-08-10,6278,台表科,9861,854,77
2026-08-10,6281,全國電,22,0,0
2026-08-10,6282,康舒,24110,192,52
2026-08-10,6283,淳安,2271,12,1
2026-08-10,6285,啟碁,14157,-517,155
2026-08-10,6405,悅城,5281,7,24
2026-08-10,6409,旭隼,1157,158,0
2026-08-10,6412,群電,2898,-50,7
2026-08-10,6414,樺漢,2051,-1,119
2026-08-10,6415,矽力*-KY,4682,354,77
2026-08-10,6416,瑞祺電通,3792,-119,10
2026-08-10,6426,統新,3168,270,124
2026-08-10,6431,光麗-KY,0,0,0
2026-08-10,6438,迅得,3738,-10,15
2026-08-10,6442,光聖,4630,-24,34
2026-08-10,6443,元晶,7647,-2,368
2026-08-10,6446,藥華藥,8660,59,37
2026-08-10,6449,鈺邦,2124,-121,14
2026-08-10,6451,訊芯-KY,8431,-44,381
2026-08-10,6456,GIS-KY,12561,1722,280
2026-08-10,6464,台數科,1,-1,0
2026-08-10,6472,保瑞,3498,-30,34
2026-08-10,6477,安集,3537,46,140
2026-08-10,6491,晶碩,476,-20,0
2026-08-10,6504,南六,112,-4,0
2026-08-10,6505,台塑化,13045,95,272
2026-08-10,6515,穎崴,443,1,5
2026-08-10,6525,捷敏-KY,2195,-124,20
2026-08-10,6526,達發,1324,22,2
2026-08-10,6531,愛普*,6360,-431,213
2026-08-10,6533,晶心科,2305,197,93
2026-08-10,6534,正瀚-創,1759,5,0
2026-08-10,6541,泰福-KY,3722,-5,0
2026-08-10,6550,北極星藥業-KY,0,0,0
2026-08-10,6552,易華電,1071,-1,6
2026-08-10,6558,興能高,2647,0,5
2026-08-10,6573,虹揚-KY,0,0,0
2026-08-10,6579,研揚,1261,19,9
2026-08-10,6581,鋼聯,5,0,0
2026-08-10,6582,申豐,333,0,0
2026-08-10,6585,鼎基,1932,-331,40
2026-08-10,6589,台康生技,2874,-38,2
2026-08-10,6591,動力-KY,1741,15,16
2026-08-10,6592,和潤企業,688,-1,1
2026-08-10,6598,ABC-KY,0,0,0
2026-08-10,6605,帝寶,2533,116,20
2026-08-10,6606,建德工業,612,38,0
2026-08-10,6614,資拓宏宇,72,1,0
2026-08-10,6625,必應,848,-43,0
2026-08-10,6641,基士德-KY,100,-1,0
2026-08-10,6645,金萬林-創,11,0,0
2026-08-10,6655,科定,1,1,0
2026-08-10,6657,華安,1292,0,0
2026-08-10,6658,聯策,1479,10,7
2026-08-10,6666,羅麗芬-KY,284,-3,0
2026-08-10,6668,中揚光,2815,-20,18
2026-08-10,6669,緯穎,1312,-54,25
2026-08-10,6670,復盛應用,389,5,1
2026-08-10,6671,三能-KY,84,0,0
2026-08-10,6672,騰輝電子-KY,6294,418,75
2026-08-10,6674,鋐寶科技,244,1,3
2026-08-10,6689,伊雲谷,1235,-8,1
2026-08-10,6691,洋基工程,1460,0,24
2026-08-10,6695,芯鼎,3521,-43,30
2026-08-10,6698,旭暉應材,1946,-16,0
2026-08-10,6706,惠特,8049,337,131
2026-08-10,6715,嘉基,6988,36,32
2026-08-10,6719,力智,3620,21,7
2026-08-10,6722,輝創,69,-5,0
2026-08-10,6742,澤米,1931,-5,8
2026-08-10,6743,安普新,516,2,33
2026-08-10,6753,龍德造船,5501,-66,45
2026-08-10,6754,匯僑設計,129,2,0
2026-08-10,6756,威鋒電子,578,-6,2
2026-08-10,6757,台灣虎航,3545,20,7
2026-08-10,6768,志強-KY,1239,-10,18
2026-08-10,6770,力積電,146770,4399,5167
2026-08-10,6771,平和環保-創,114,6,0
2026-08-10,6776,展碁國際,678,-3,0
2026-08-10,6781,AES-KY,2397,155,23
2026-08-10,6782,視陽,406,-6,0
2026-08-10,6789,采鈺,4832,-17,36
2026-08-10,6790,永豐實,585,0,0
2026-08-10,6792,詠業,269,1,7
2026-08-10,6794,向榮生技,275,12,0
2026-08-10,6796,晉弘,593,0,0
2026-08-10,6799,來頡,2046,-14,0
2026-08-10,6805,富世達,2871,98,22
2026-08-10,6807,峰源-KY,152,1,0
2026-08-10,6830,汎銓,3864,1,53
2026-08-10,6831,邁科,718,43,29
2026-08-10,6834,天二科技,3315,-138,131
2026-08-10,6835,圓裕,792,0,4
2026-08-10,6838,台新藥,2560,-2,0
2026-08-10,6854,錼創科技-KY創,2427,8,9
2026-08-10,6861,睿生光電,1744,40,4
2026-08-10,6862,三集瑞-KY,919,-9,8
2026-08-10,6863,永道-KY,1000,-4,9
2026-08-10,6869,雲豹能源,2782,-25,6
2026-08-10,6873,泓德能源,3473,-28,83
2026-08-10,6885,全福生技,2357,17,20
2026-08-10,6887,寶綠特-KY,967,4,0
2026-08-10,6890,來億-KY,782,-14,1
2026-08-10,6901,鑽石投資,7324,578,194
2026-08-10,6902,GOGOLOOK,587,-16,0
2026-08-10,6906,現觀科,491,-10,0
2026-08-10,6909,創控,1447,12,6
2026-08-10,6914,阜爾運通,360,0,0
2026-08-10,6916,華凌,387,0,0
2026-08-10,6918,愛派司,88,2,0
2026-08-10,6919,康霈*,0,0,0
2026-08-10,6923,中台,1728,-16,0
2026-08-10,6928,攸泰科技,777,-11,10
2026-08-10,6931,青松健康,104,1,0
2026-08-10,6933,AMAX-KY,914,-40,4
2026-08-10,6936,永鴻生技,242,0,0
2026-08-10,6937,天虹,1498,12,4
2026-08-10,6944,兆聯實業,874,22,36
2026-08-10,6949,沛爾生醫-創,5303,2,2
2026-08-10,6951,青新-創,77,0,0
2026-08-10,6952,大武山,59,1,0
2026-08-10,6957,裕慶-KY,1674,-6,37
2026-08-10,6958,日盛台駿,124,-14,0
2026-08-10,6962,奕力-KY,8556,153,15
2026-08-10,6965,中傑-KY,42,0,0
2026-08-10,6994,富威電力,2981,0,69
2026-08-10,7631,聚賢研發-創,101,20,0
2026-08-10,7705,三商餐飲,96,-1,0
2026-08-10,7711,永擎,975,197,1
2026-08-10,7721,微程式,1142,-2,0
2026-08-10,7722,LINEPAY,541,-32,0
2026-08-10,7730,暉盛-創,512,0,2
2026-08-10,7732,金興精密,75,-4,0
2026-08-10,7736,虎山,68,0,0
2026-08-10,7740,熙特爾-創,1902,68,1
2026-08-10,7749,意騰-KY,1064,13,0
2026-08-10,7750,新代,596,3,2
2026-08-10,7765,中華資安,456,2,0
2026-08-10,7769,鴻勁,323,-11,0
2026-08-10,7780,大研生醫*,308,0,0
2026-08-10,7786,東方風能,328,136,0
2026-08-10,7788,松川精密,1928,-184,9
2026-08-10,7791,皇家可口,19,0,0
2026-08-10,7795,長廣,1217,331,2
2026-08-10,7799,禾榮科,1228,5,4
2026-08-10,8011,台通,3375,-8,3
2026-08-10,8016,矽創,1428,-19,12
2026-08-10,8021,尖點,11428,172,470
2026-08-10,8028,昇陽半導體,5005,-124,55
2026-08-10,8033,雷虎,6148,234,120
2026-08-10,8039,台虹,17277,-3633,1844
2026-08-10,8045,達運光電,4950,-1,0
2026-08-10,8046,南電,10517,588,418
2026-08-10,8070,長華*,5736,-153,52
2026-08-10,8072,陞泰,1818,54,0
2026-08-10,8081,致新,1718,-69,5
2026-08-10,8101,華冠,0,0,0
2026-08-10,8103,瀚荃,3406,30,6
2026-08-10,8104,錸寶,3386,-18,9
2026-08-10,8105,凌巨,8397,19,507
2026-08-10,8110,華東,14626,-81,351
2026-08-10,8112,至上,17158,753,2247
2026-08-10,8114,振樺電,1477,-56,16
2026-08-10,8131,福懋科,4636,-63,111
2026-08-10,8150,南茂,18032,787,296
2026-08-10,8162,微矽電子-創,1564,-57,0
2026-08-10,8163,達方,2402,26,16
2026-08-10,8201,無敵,0,0,0
2026-08-10,8210,勤誠,2707,130,16
2026-08-10,8213,志超,3695,-4,0
2026-08-10,8215,明基材,3106,-13,30
2026-08-10,8222,寶一,3309,22,25
2026-08-10,8249,菱光,3796,0,11
2026-08-10,8261,富鼎,6459,5,20
2026-08-10,8271,宇瞻,6383,197,716
2026-08-10,8341,日友,365,-5,0
2026-08-10,8367,建新國際,12,0,0
2026-08-10,8374,羅昇,1496,-41,10
2026-08-10,8404,百和興業-KY,3717,-39,0
2026-08-10,8411,福貞-KY,31,12,0
2026-08-10,8422,可寧衛*,24571,5,145
2026-08-10,8429,金麗-KY,14368,0,0
2026-08-10,8438,昶昕,3420,-5,0
2026-08-10,8442,威宏-KY,697,-14,20
2026-08-10,8443,阿瘦,28,0,0
2026-08-10,8454,富邦媒,1607,158,70
2026-08-10,8462,柏文,1129,6,16
2026-08-10,8463,潤泰材,120,-2,0
2026-08-10,8464,億豐,46,0,0
2026-08-10,8466,美吉吉-KY,1299,2,0
2026-08-10,8467,波力-KY,243,10,1
2026-08-10,8473,山林水,3027,137,150
2026-08-10,8476,台境*,18398,4,118
2026-08-10,8478,東哥遊艇,1024,1,0
2026-08-10,8481,政伸,5,0,0
2026-08-10,8482,商億-KY,161,0,0
2026-08-10,8487,愛爾達-創,39,0,0
2026-08-10,8488,吉源-KY,19,0,0
2026-08-10,8499,鼎炫-KY,581,2,0
2026-08-10,8926,台汽電,6557,-993,44
2026-08-10,8940,新天地,95,0,0
2026-08-10,8996,高力,4917,230,100
2026-08-10,9802,鈺齊-KY,2080,-9,32
2026-08-10,9902,台火,3153,1,1
2026-08-10,9904,寶成,27097,165,406
2026-08-10,9905,大華,21,-4,0
2026-08-10,9906,欣巴巴,423,-4,0
2026-08-10,9907,統一實,4162,-97,15
2026-08-10,9908,大台北,127,1,0
2026-08-10,9910,豐泰,2136,-11,0
2026-08-10,9911,櫻花,426,-6,0
2026-08-10,9912,偉聯,0,0,0
2026-08-10,9914,美利達,2542,-8,14
2026-08-10,9917,中保科,79,1,0
2026-08-10,9918,欣天然,94,0,0
2026-08-10,9919,康那香,8286,-12,1
2026-08-10,9921,巨大,1844,122,257
2026-08-10,9924,福興,740,9,0
2026-08-10,9925,新保,2,0,0
2026-08-10,9926,新海,9,0,0
2026-08-10,9927,泰銘,61,-4,0
2026-08-10,9928,中視,474,7,0
2026-08-10,9929,秋雨,0,0,0
2026-08-10,9930,中聯資源,20,0,0
2026-08-10,9931,欣高,67,0,0
2026-08-10,9933,中鼎,4019,-21,4
2026-08-10,9934,成霖,6137,257,11
2026-08-10,9935,慶豐富,1401,30,0
2026-08-10,9937,全國,132,0,0
2026-08-10,9938,百和,3186,24,74
2026-08-10,9939,宏全,1054,-67,1
2026-08-10,9940,信義,1236,-10,0
2026-08-10,9941,裕融,1024,59,3
2026-08-10,9942,茂順,23,0,0
2026-08-10,9943,好樂迪,84,-1,0
2026-08-10,9944,新麗,5525,0,4
2026-08-10,9945,潤泰新,19734,-117,23
2026-08-10,9946,三發地產,1089,-9,0
2026-08-10,9955,佳龍,1081,-5,38
2026-08-10,9958,世紀鋼,7888,-47,33
2026-08-11,1101,台泥,33340,1791,67
2026-08-11,1102,亞泥,1629,105,20
2026-08-11,1103,嘉泥,4289,0,0
2026-08-11,1104,環泥,1694,-4,0
2026-08-11,1108,幸福,423,38,44
2026-08-11,1109,信大,269,1,0
2026-08-11,1110,東泥,2507,-9,0
2026-08-11,1201,味全,1417,6,0
2026-08-11,1203,味王,22,0,0
2026-08-11,1210,大成,571,-124,1
2026-08-11,1213,大飲,0,0,0
2026-08-11,1215,卜蜂,419,2,1
2026-08-11,1216,統一,1036,21,1
2026-08-11,1217,愛之味,1614,3,1
2026-08-11,1218,泰山,1606,106,110
2026-08-11,1219,福壽,225,8,1
2026-08-11,1220,台榮,861,0,18
2026-08-11,1225,福懋油,6782,-1,0
2026-08-11,1227,佳格,1012,-1,3
2026-08-11,1229,聯華,3094,115,23
2026-08-11,1231,聯華食,267,1,0
2026-08-11,1232,大統益,192,-1,0
2026-08-11,1233,天仁,22,1,0
2026-08-11,1234,黑松,11,1,0
2026-08-11,1235,興泰,1157,0,0
2026-08-11,1236,宏亞,166,-6,0
2026-08-11,1256,鮮活果汁-KY,324,14,2
2026-08-11,1301,台塑,21643,-130,144
2026-08-11,1303,南亞,54594,-8733,2253
2026-08-11,1304,台聚,10349,-17,124
2026-08-11,1305,華夏,6275,30,24
2026-08-11,1307,三芳,1384,50,0
2026-08-11,1308,亞聚,6024,-21,12
2026-08-11,1309,台達化,7315,24,68
2026-08-11,1310,台苯,11555,-145,98
2026-08-11,1312,國喬,37958,553,172
2026-08-11,1313,聯成,11404,184,14
2026-08-11,1314,中石化,66826,-2454,37
2026-08-11,1315,達新,14,0,0
2026-08-11,1316,上曜,9498,9,21
2026-08-11,1319,東陽,7014,-43,5
2026-08-11,1321,大洋,7193,-18,1
2026-08-11,1323,永裕,79,-10,0
2026-08-11,1324,地球,1263,1,0
2026-08-11,1325,恆大,2304,25,77
2026-08-11,1326,台化,32875,-67,467
2026-08-11,1337,再生-KY,21446,16,0
2026-08-11,1338,廣華-KY,3965,61,0
2026-08-11,1339,昭輝,876,-3,0
2026-08-11,1340,勝悅-KY,1030,-7,0
2026-08-11,1342,八貫,553,-3,3
2026-08-11,1402,遠東新,7506,642,40
2026-08-11,1409,新纖,23877,1841,70
2026-08-11,1410,南染,241,0,0
2026-08-11,1413,宏洲,0,0,0
2026-08-11,1414,東和,1294,73,0
2026-08-11,1416,廣豐,3358,-23,0
2026-08-11,1417,嘉裕,1999,0,0
2026-08-11,1418,東華,778,0,0
2026-08-11,1419,新紡,1281,4,0
2026-08-11,1423,利華,86,0,0
2026-08-11,1432,大魯閣,127,-15,0
2026-08-11,1434,福懋,6929,-41,0
2026-08-11,1435,中福,0,0,0
2026-08-11,1436,華友聯,1001,0,2
2026-08-11,1437,勤益控,3149,18,0
2026-08-11,1438,三地開發,136,0,0
2026-08-11,1439,雋揚,1028,-1,0
2026-08-11,1440,南紡,5698,-304,19
2026-08-11,1441,大東,0,0,0
2026-08-11,1442,名軒,2696,0,9
2026-08-11,1443,立益物流,8,0,0
2026-08-11,1444,力麗,558,0,0
2026-08-11,1445,大宇,1367,1,15
2026-08-11,1446,宏和,1406,2,0
2026-08-11,1447,力鵬,736,-10,0
2026-08-11,1449,佳和,3085,20,6
2026-08-11,1451,年興,576,-1,0
2026-08-11,1452,宏益,108,0,0
2026-08-11,1453,大將,875,-43,4
2026-08-11,1454,台富,2169,0,0
2026-08-11,1455,集盛,3172,-352,5
2026-08-11,1456,怡華,786,7,0
2026-08-11,1457,宜進,663,-1,1
2026-08-11,1459,聯發,233,-109,0
2026-08-11,1460,宏遠,0,0,0
2026-08-11,1463,強盛新,543,35,0
2026-08-11,1464,得力,1974,16,0
2026-08-11,1465,偉全,3191,-9,0
2026-08-11,1466,聚隆,3220,40,13
2026-08-11,1467,南緯,7025,25,14
2026-08-11,1468,昶和,0,0,0
2026-08-11,1470,大統新創,5,0,0
2026-08-11,1471,首利,0,0,0
2026-08-11,1472,三洋實業,3882,0,3
2026-08-11,1473,台南,766,0,2
2026-08-11,1474,弘裕,3330,0,0
2026-08-11,1475,業旺,464,0,0
2026-08-11,1476,儒鴻,989,107,15
2026-08-11,1477,聚陽,1244,-52,0
2026-08-11,1503,士電,2833,-2,25
2026-08-11,1504,東元,27742,-33,65
2026-08-11,1506,正道,0,0,0
2026-08-11,1512,瑞利,0,0,0
2026-08-11,1513,中興電,7476,0,37
2026-08-11,1514,亞力,6077,21,35
2026-08-11,1515,力山,2364,92,6
2026-08-11,1516,川飛,2,0,0
2026-08-11,1517,利奇,2148,-40,4
2026-08-11,1519,華城,2905,-39,8
2026-08-11,1521,大億,448,1,0
2026-08-11,1522,堤維西,3671,7,25
2026-08-11,1524,耿鼎,3808,-16,18
2026-08-11,1525,江申,230,0,0
2026-08-11,1526,日馳,849,-78,27
2026-08-11,1527,鑽全,527,-4,0
2026-08-11,1528,恩德,5687,8,28
2026-08-11,1529,樂事綠能,2755,5,649
2026-08-11,1530,亞崴,269,0,0
2026-08-11,1531,高林股,1714,1,4
2026-08-11,1532,勤美,2905,-32,0
2026-08-11,1533,車王電,530,4,2
2026-08-11,1535,中宇,54,0,0
2026-08-11,1536,和大,7549,114,147
2026-08-11,1537,廣隆,63,6,0
2026-08-11,1538,正峰,0,0,0
2026-08-11,1539,巨庭,1246,4,0
2026-08-11,1540,喬福,1494,2,1
2026-08-11,1541,錩泰,107,1,0
2026-08-11,1558,伸興,250,-6,0
2026-08-11,1560,中砂,1793,67,100
2026-08-11,1563,巧新,6723,-62,15
2026-08-11,1568,倉佑,2169,-41,1
2026-08-11,1582,信錦,3605,-41,6
2026-08-11,1583,程泰,66,1,0
2026-08-11,1587,吉茂,1662,2,26
2026-08-11,1589,永冠-KY,655,0,0
2026-08-11,1590,亞德客-KY,230,-3,9
2026-08-11,1597,直得,2980,-24,61
2026-08-11,1598,岱宇,2081,71,0
2026-08-11,1603,華電,1910,61,1
2026-08-11,1604,聲寶,200,0,0
2026-08-11,1605,華新,46249,-1322,932
2026-08-11,1608,華榮,7631,-73,61
2026-08-11,1609,大亞,12213,-130,22
2026-08-11,1611,中電,3225,1,1
2026-08-11,1612,宏泰,1821,-62,1
2026-08-11,1614,三洋電,336,0,0
2026-08-11,1615,大山,168,1,0
2026-08-11,1616,億泰,2723,-19,6
2026-08-11,1617,榮星,1821,43,12
2026-08-11,1618,合機,3399,40,2
2026-08-11,1623,大東電,28,2,0
2026-08-11,1626,艾美特-KY,1620,-1,0
2026-08-11,1702,南僑,295,-1,0
2026-08-11,1707,葡萄王,341,4,20
2026-08-11,1708,東鹼,5921,-322,66
2026-08-11,1709,和益,19736,756,19
2026-08-11,1710,東聯,12167,-42,58
2026-08-11,1711,永光,15616,2279,137
2026-08-11,1712,興農,451,-1,0
2026-08-11,1713,國化,3015,-44,0
2026-08-11,1714,和桐,15824,-337,339
2026-08-11,1717,長興,15912,-808,464
2026-08-11,1718,中纖,20081,423,147
2026-08-11,1720,生達,301,-2,0
2026-08-11,1721,三晃,126,0,0
2026-08-11,1722,台肥,2845,1,1
2026-08-11,1723,中碳,593,-2,0
2026-08-11,1725,元禎,266,-8,0
2026-08-11,1726,永記,25,0,0
2026-08-11,1727,中華化,5994,78,64
2026-08-11,1730,花仙子,6,0,0
2026-08-11,1731,美吾華,303,-3,0
2026-08-11,1732,毛寶,815,-171,29
2026-08-11,1733,五鼎,2466,-1,6
2026-08-11,1734,杏輝,295,2,0
2026-08-11,1735,日勝化,664,6,0
2026-08-11,1736,喬山,1923,13,21
2026-08-11,1737,臺鹽,21,-2,0
2026-08-11,1752,南光,329,0,0
2026-08-11,1760,寶齡富錦,1010,11,0
2026-08-11,1762,中化生,778,-1,4
2026-08-11,1773,勝一,1103,1,2
2026-08-11,1776,展宇,754,0,1
2026-08-11,1783,和康生,546,2,0
2026-08-11,1786,科妍,4965,3,0
2026-08-11,1789,神隆,3310,-2,7
2026-08-11,1795,美時,8474,-146,9
2026-08-11,1802,台玻,35633,-212,1078
2026-08-11,1805,寶徠,1481,0,0
2026-08-11,1806,冠軍,2906,0,0
2026-08-11,1808,潤隆,5950,119,1
2026-08-11,1809,中釉,5456,0,93
2026-08-11,1810,和成,21181,315,121
2026-08-11,1817,凱撒衛,16,0,0
2026-08-11,1903,士紙,2464,-7,0
2026-08-11,1904,正隆,4612,230,19
2026-08-11,1905,華紙,12583,99,41
2026-08-11,1906,寶隆,7283,10,0
2026-08-11,1907,永豐餘,24100,57,14
2026-08-11,1909,榮成,9768,402,6
2026-08-11,2002,中鋼,42629,-1138,572
2026-08-11,2006,東和鋼鐵,1188,42,36
2026-08-11,2007,燁興,5,0,0
2026-08-11,2008,高興昌,92,0,0
2026-08-11,2009,第一銅,6638,114,45
2026-08-11,2010,春源,2171,-191,4
2026-08-11,2012,春雨,192,0,0
2026-08-11,2013,中鋼構,1409,-3,0
2026-08-11,2014,中鴻,1084,-11,0
2026-08-11,2015,豐興,38,-5,0
2026-08-11,2017,官田鋼,8126,-49,1
2026-08-11,2020,美亞,707,4,0
2026-08-11,2022,聚亨,2108,62,0
2026-08-11,2023,燁輝,2741,-12,55
2026-08-11,2024,志聯,65,0,0
2026-08-11,2025,千興,0,0,0
2026-08-11,2027,大成鋼,27185,709,375
2026-08-11,2028,威致,1175,-4,0
2026-08-11,2029,盛餘,443,-2,0
2026-08-11,2030,彰源,4685,-315,69
2026-08-11,2031,新光鋼,1533,-24,52
2026-08-11,2032,新鋼,2671,99,10
2026-08-11,2033,佳大,2889,62,33
2026-08-11,2034,允強,3555,0,48
2026-08-11,2038,海光,3577,-2,0
2026-08-11,2049,上銀,3400,-718,154
2026-08-11,2059,川湖,503,-20,29
2026-08-11,2062,橋椿,1331,-14,1
2026-08-11,2069,運錩,447,20,9
2026-08-11,2101,南港,21472,318,3
2026-08-11,2102,泰豐,3510,-1,7
2026-08-11,2103,台橡,14514,-466,442
2026-08-11,2104,國際中橡,19205,51,48
2026-08-11,2105,正新,8885,-95,12
2026-08-11,2106,建大,2685,7,1
2026-08-11,2107,厚生,83,1,0
2026-08-11,2108,南帝,2546,-127,42
2026-08-11,2109,華豐,675,-3,0
2026-08-11,2114,鑫永銓,6,0,0
2026-08-11,2115,六暉-KY,493,-1,3
2026-08-11,2201,裕隆,9773,-39,2
2026-08-11,2204,中華,1367,-13,0
2026-08-11,2206,三陽工業,3873,-29,1
2026-08-11,2207,和泰車,64,3,0
2026-08-11,2208,台船,0,0,0
2026-08-11,2211,長榮鋼,532,-49,0
2026-08-11,2228,劍麟,1511,4,6
2026-08-11,2231,為升,2592,5,0
2026-08-11,2233,宇隆,4349,34,8
2026-08-11,2236,百達-KY,11870,88,77
2026-08-11,2239,英利-KY,1604,-39,0
2026-08-11,2241,艾姆勒,7878,21,10
2026-08-11,2243,宏旭-KY,1295,2,11
2026-08-11,2247,汎德永業,151,-2,1
2026-08-11,2248,華勝-KY,594,43,0
2026-08-11,2250,IKKA-KY,1169,-10,2
2026-08-11,2254,巨鎧精密-創,2514,0,0
2026-08-11,2301,光寶科,14119,-268,433
2026-08-11,2302,麗正,4332,269,225
2026-08-11,2303,聯電,162402,-2112,1753
2026-08-11,2305,全友,6467,-98,131
2026-08-11,2308,台達電,9053,170,47
2026-08-11,2312,金寶,43525,-422,491
2026-08-11,2313,華通,30942,213,1166
2026-08-11,2314,台揚,0,0,0
2026-08-11,2316,楠梓電,3777,242,50
2026-08-11,2317,鴻海,50201,-135,620
2026-08-11,2321,東訊,0,0,0
2026-08-11,2323,中環,30203,170,38
2026-08-11,2324,仁寶,48871,-1048,782
2026-08-11,2327,國巨*,37990,3951,565
2026-08-11,2328,廣宇,16308,-21,177
2026-08-11,2329,華泰,13670,34,307
2026-08-11,2330,台積電,29070,-718,30
2026-08-11,2331,精英,9656,70,17
2026-08-11,2332,友訊,29641,1052,738
2026-08-11,2337,旺宏,93009,1284,2948
2026-08-11,2338,光罩,5001,-18,84
2026-08-11,2340,台亞,7517,180,65
2026-08-11,2342,茂矽,3562,30,57
2026-08-11,2344,華邦電,126134,-15742,4662
2026-08-11,2345,智邦,1896,88,8
2026-08-11,2347,聯強,1309,2,7
2026-08-11,2348,海悅,2682,20,13
2026-08-11,2349,錸德,0,0,0
2026-08-11,2351,順德,11159,154,166
2026-08-11,2352,佳世達,15529,643,17
2026-08-11,2353,宏碁,38859,-279,2353
2026-08-11,2354,鴻準,28079,-1657,179
2026-08-11,2355,敬鵬,8897,-86,43
2026-08-11,2356,英業達,27685,43,585
2026-08-11,2357,華碩,1992,-32,36
2026-08-11,2359,所羅門,7800,-1600,296
2026-08-11,2360,致茂,1583,62,11
2026-08-11,2362,藍天,3502,52,6
2026-08-11,2363,矽統,16573,-174,48
2026-08-11,2364,倫飛,818,2,4
2026-08-11,2365,昆盈,8160,349,23
2026-08-11,2367,燿華,24347,-211,435
2026-08-11,2368,金像電,7776,-329,939
2026-08-11,2369,菱生,12907,19,150
2026-08-11,2371,大同,46910,431,642
2026-08-11,2373,震旦行,45,0,0
2026-08-11,2374,佳能,15806,-65,15
2026-08-11,2375,凱美,5409,418,475
2026-08-11,2376,技嘉,6279,-59,91
2026-08-11,2377,微星,13672,-295,185
2026-08-11,2379,瑞昱,2498,-11,42
2026-08-11,2380,虹光,0,0,0
2026-08-11,2382,廣達,17042,-79,145
2026-08-11,2383,台光電,1974,-17,29
2026-08-11,2385,群光,3125,-121,54
2026-08-11,2387,精元,1276,14,0
2026-08-11,2388,威盛,9633,11,238
2026-08-11,2390,云辰,2024,27,0
2026-08-11,2392,正崴,4430,-148,20
2026-08-11,2393,億光,3091,130,23
2026-08-11,2395,研華,1980,-109,64
2026-08-11,2397,友通,1654,-194,3
2026-08-11,2399,映泰,10842,-138,360
2026-08-11,2401,凌陽,7721,-69,135
2026-08-11,2402,毅嘉,11694,-30,60
2026-08-11,2404,漢唐,2248,87,8
2026-08-11,2405,輔信,7573,-6,55
2026-08-11,2406,國碩,13464,122,354
2026-08-11,2408,南亞科,86967,-1880,2783
2026-08-11,2409,友達,225117,10849,5668
2026-08-11,2412,中華電,2350,-13,33
2026-08-11,2413,環科,4246,-97,26
2026-08-11,2414,精技,568,27,4
2026-08-11,2415,錩新,2490,15,0
2026-08-11,2417,圓剛,3368,241,40
2026-08-11,2419,仲琦,5865,11,4
2026-08-11,2420,新巨,734,-25,0
2026-08-11,2421,建準,4108,15,49
2026-08-11,2423,固緯,637,5,6
2026-08-11,2424,隴華,0,0,0
2026-08-11,2425,承啟,7176,425,47
2026-08-11,2426,鼎元,16527,277,503
2026-08-11,2427,三商電,5414,57,1
2026-08-11,2428,興勤,2118,11,16
2026-08-11,2429,銘旺科,388,-122,0
2026-08-11,2430,燦坤,97,0,1
2026-08-11,2431,聯昌,1520,-6,0
2026-08-11,2432,倚天酷碁-創,307,0,0
2026-08-11,2433,互盛電,24,0,0
2026-08-11,2434,統懋,397,39,30
2026-08-11,2436,偉詮電,6246,79,3988
2026-08-11,2438,翔耀,0,0,0
2026-08-11,2439,美律,3826,24,8
2026-08-11,2440,太空梭,1655,29,1
2026-08-11,2441,超豐,9357,214,99
2026-08-11,2442,新美齊,4019,16,2
2026-08-11,2444,兆勁,0,0,0
2026-08-11,2449,京元電子,19791,60,204
2026-08-11,2450,神腦,83,2,0
2026-08-11,2451,創見,6796,101,690
2026-08-11,2453,凌群,2328,-46,2
2026-08-11,2454,聯發科,10079,-54,43
2026-08-11,2455,全新,11170,-301,311
2026-08-11,2457,飛宏,12018,-67,77
2026-08-11,2458,義隆,3781,-16,30
2026-08-11,2459,敦吉,105,-5,0
2026-08-11,2460,建通,208,0,0
2026-08-11,2461,光群雷,8480,-40,3
2026-08-11,2462,良得電,2339,-4,0
2026-08-11,2464,盟立,20940,381,988
2026-08-11,2465,麗臺,3672,-129,81
2026-08-11,2466,冠西電,6096,18,207
2026-08-11,2467,志聖,1816,25,34
2026-08-11,2468,華經,3300,43,1
2026-08-11,2471,資通,1279,-6,2
2026-08-11,2472,立隆電,4765,240,16
2026-08-11,2474,可成,9270,-16,39
2026-08-11,2476,鉅祥,41207,222,0
2026-08-11,2477,美隆電,1219,4,1
2026-08-11,2478,大毅,9005,1508,34
2026-08-11,2480,敦陽科,386,-2,1
2026-08-11,2481,強茂,12775,-292,572
2026-08-11,2482,連宇,1886,31,0
2026-08-11,2483,百容,1844,-1,11
2026-08-11,2484,希華,16960,-494,309
2026-08-11,2485,兆赫,11207,-82,273
2026-08-11,2486,一詮,22615,16,571
2026-08-11,2488,漢平,453,-38,0
2026-08-11,2489,瑞軒,28340,-536,151
2026-08-11,2491,吉祥全,1589,-31,5
2026-08-11,2492,華新科,15960,3602,632
2026-08-11,2493,揚博,10953,779,64
2026-08-11,2495,普安,7895,21,25
2026-08-11,2496,卓越,34,0,0
2026-08-11,2497,怡利電,1818,22,8
2026-08-11,2498,宏達電,28518,214,448
2026-08-11,2501,國建,4574,-59,0
2026-08-11,2504,國產,4732,4,2
2026-08-11,2505,國揚,3335,74,3
2026-08-11,2506,太設,1845,-5,0
2026-08-11,2509,全坤建,570,2,1
2026-08-11,2511,太子,2517,3,1
2026-08-11,2514,龍邦,18136,4,1
2026-08-11,2515,中工,29571,-49,41
2026-08-11,2516,新建,0,0,0
2026-08-11,2520,冠德,2089,28,7
2026-08-11,2524,京城,3196,-10,0
2026-08-11,2527,宏璟,5484,99,6
2026-08-11,2528,皇普,6284,-27,0
2026-08-11,2530,華建,6837,20,4
2026-08-11,2534,宏盛,11933,2,0
2026-08-11,2535,達欣工,275,-1,5
2026-08-11,2536,宏普,5925,532,4
2026-08-11,2537,聯上發,3619,7,3
2026-08-11,2538,基泰,2436,12,0
2026-08-11,2539,櫻花建,2292,1,0
2026-08-11,2540,愛山林,2997,14,17
2026-08-11,2542,興富發,4665,-17,213
2026-08-11,2543,皇昌,9360,-35,16
2026-08-11,2545,皇翔,2764,-50,15
2026-08-11,2546,根基,125,22,0
2026-08-11,2547,日勝生,10537,-294,4
2026-08-11,2548,華固,2190,-1,4
2026-08-11,2597,潤弘,161,-7,0
2026-08-11,2601,益航,365,0,0
2026-08-11,2603,長榮,14683,-345,259
2026-08-11,2605,新興,13525,179,29
2026-08-11,2606,裕民,2833,43,46
2026-08-11,2607,榮運,797,-3,1
2026-08-11,2608,嘉里大榮,1128,1,1
2026-08-11,2609,陽明,31851,-264,314
2026-08-11,2610,華航,49193,1591,197
2026-08-11,2611,志信,2156,37,1
2026-08-11,2612,中航,1601,31,3
2026-08-11,2613,中櫃,2102,-5,0
2026-08-11,2614,東森,5398,15,0
2026-08-11,2615,萬海,14977,91,182
2026-08-11,2616,山隆,428,0,0
2026-08-11,2617,台航,2207,76,0
2026-08-11,2618,長榮航,30930,-3986,550
2026-08-11,2630,亞航,5262,30,27
2026-08-11,2633,台灣高鐵,1720,67,44
2026-08-11,2634,漢翔,24630,1226,274
2026-08-11,2636,台驊控股,623,9,0
2026-08-11,2637,慧洋-KY,2456,1,47
2026-08-11,2642,宅配通,602,0,0
2026-08-11,2645,長榮航太,3068,90,4
2026-08-11,2646,星宇航空,3841,30,46
2026-08-11,2701,萬企,382,0,0
2026-08-11,2702,華園,429,0,0
2026-08-11,2704,國賓,115,0,0
2026-08-11,2705,六福,547,0,0
2026-08-11,2706,第一店,652,-2,0
2026-08-11,2707,晶華,171,-1,0
2026-08-11,2712,遠雄來,7,0,0
2026-08-11,2722,夏都,414,2,0
2026-08-11,2723,美食-KY,1683,24,0
2026-08-11,2727,王品,300,-33,3
2026-08-11,2731,雄獅,880,-4,6
2026-08-11,2739,寒舍,901,2,0
2026-08-11,2748,雲品,503,0,0
2026-08-11,2753,八方雲集,521,4,2
2026-08-11,2762,世界健身-KY,219,10,0
2026-08-11,2801,彰銀,8400,-159,35
2026-08-11,2812,台中銀,2782,-14,20
2026-08-11,2816,旺旺保,569,-16,0
2026-08-11,2820,華票,512,18,1
2026-08-11,2832,台產,552,0,0
2026-08-11,2834,臺企銀,27577,277,21
2026-08-11,2836,高雄銀,6756,85,1
2026-08-11,2838,聯邦銀,871,-1,3
2026-08-11,2845,遠東銀,3942,-59,24
2026-08-11,2849,安泰銀,251,-1,0
2026-08-11,2850,新產,305,-7,0
2026-08-11,2851,中再保,914,1,0
2026-08-11,2852,第一保,1557,27,0
2026-08-11,2855,統一證,5331,33,166
2026-08-11,2867,三商壽,2004,174,1
2026-08-11,2880,華南金,963,82,0
2026-08-11,2881,富邦金,6872,45,209
2026-08-11,2882,國泰金,4276,25,249
2026-08-11,2883,凱基金,10562,-669,103
2026-08-11,2884,玉山金,5179,326,249
2026-08-11,2885,元大金,1776,-311,0
2026-08-11,2886,兆豐金,1639,415,0
2026-08-11,2887,台新新光金,40157,42,198
2026-08-11,2889,國票金,2720,-81,3
2026-08-11,2890,永豐金,2673,-398,57
2026-08-11,2891,中信金,3265,-223,41
2026-08-11,2892,第一金,2445,446,7
2026-08-11,2897,王道銀行,1669,-33,4
2026-08-11,2901,欣欣,472,0,0
2026-08-11,2903,遠百,1547,10,0
2026-08-11,2904,匯僑,32,0,0
2026-08-11,2905,三商,7671,36,3
2026-08-11,2906,高林,610,4,0
2026-08-11,2908,特力,14040,-22,0
2026-08-11,2910,統領,48,-1,0
2026-08-11,2911,麗嬰房,179,-27,0
2026-08-11,2912,統一超,689,26,2
2026-08-11,2913,農林,7062,-12,2
2026-08-11,2915,潤泰全,8608,3,27
2026-08-11,2929,淘帝-KY,1850,-259,0
2026-08-11,2939,永邑-KY,244,0,0
2026-08-11,3002,歐格,1857,-1,16
2026-08-11,3003,健和興,2350,-132,17
2026-08-11,3004,豐達科,1851,-3,2
2026-08-11,3005,神基,8847,172,45
2026-08-11,3006,晶豪科,17139,-82,800
2026-08-11,3008,大立光,2253,-96,0
2026-08-11,3010,華立,1302,57,7
2026-08-11,3011,今皓,3272,-10,55
2026-08-11,3013,晟銘電,8532,-2,52
2026-08-11,3014,聯陽,2730,1,22
2026-08-11,3015,全漢,2412,-90,1
2026-08-11,3016,嘉晶,7876,168,252
2026-08-11,3017,奇鋐,4154,-29,77
2026-08-11,3018,隆銘綠能,0,0,0
2026-08-11,3019,亞光,11051,282,46
2026-08-11,3021,鴻名,603,4,0
2026-08-11,3022,威強電,6445,-419,17
2026-08-11,3023,信邦,1091,-18,1
2026-08-11,3024,憶聲,9913,155,8
2026-08-11,3025,星通,1625,-2,0
2026-08-11,3026,禾伸堂,10113,2787,304
2026-08-11,3027,盛達,4606,10,0
2026-08-11,3028,增你強,2970,-109,43
2026-08-11,3029,零壹,3196,-30,12
2026-08-11,3030,德律,10483,171,7
2026-08-11,3031,佰鴻,5272,2,4
2026-08-11,3032,偉訓,8244,-5,12
2026-08-11,3033,威健,8767,-106,952
2026-08-11,3034,聯詠,2624,-41,96
2026-08-11,3035,智原,10146,31,362
2026-08-11,3036,文曄,12721,-405,350
2026-08-11,3037,欣興,39130,76,659
2026-08-11,3038,全台,1525,48,0
2026-08-11,3040,遠見,10090,-2,1
2026-08-11,3041,揚智,3584,127,45
2026-08-11,3042,晶技,19437,65,284
2026-08-11,3043,科風,850,-5,0
2026-08-11,3044,健鼎,7000,412,33
2026-08-11,3045,台灣大,1569,16,0
2026-08-11,3046,建碁,1149,98,9
2026-08-11,3047,訊舟,6550,23,4
2026-08-11,3048,益登,5869,-227,62
2026-08-11,3049,精金,0,0,0
2026-08-11,3050,鈺德,3234,12,0
2026-08-11,3051,力特,4026,-15,0
2026-08-11,3052,夆典,1633,-52,0
2026-08-11,3054,立萬利,1038,73,0
2026-08-11,3055,蔚華科,5760,117,90
2026-08-11,3056,富華新,3585,12,0
2026-08-11,3057,喬鼎,0,0,0
2026-08-11,3058,立德,0,0,0
2026-08-11,3059,華晶科,11247,-4,17
2026-08-11,3060,銘異,8549,-56,12
2026-08-11,3062,建漢,9633,1,55
2026-08-11,3090,日電貿,7401,1197,65
2026-08-11,3092,鴻碩,3570,16,0
2026-08-11,3094,聯傑,2677,-43,105
2026-08-11,3130,一零四,10,1,0
2026-08-11,3135,凌航,3094,169,186
2026-08-11,3138,耀登,1999,3,3
2026-08-11,3149,正達,21666,-380,13227
2026-08-11,3150,鈺寶-創,229,0,0
2026-08-11,3164,景岳,300,-4,0
2026-08-11,3167,大量,6661,-27,96
2026-08-11,3168,眾福科,38,0,0
2026-08-11,3189,景碩,22659,-208,352
2026-08-11,3209,全科,5769,-84,10
2026-08-11,3229,晟鈦,0,0,0
2026-08-11,3231,緯創,41408,93,1053
2026-08-11,3257,虹冠電,2454,1,49
2026-08-11,3266,昇陽,353,0,0
2026-08-11,3296,勝德,1815,2,2
2026-08-11,3305,昇貿,6899,-156,29
2026-08-11,3308,聯德,707,1,0
2026-08-11,3311,閎暉,2874,3,6
2026-08-11,3312,弘憶股,4746,-113,50
2026-08-11,3321,同泰,0,0,0
2026-08-11,3338,泰碩,3456,-9,8
2026-08-11,3346,麗清,2913,-14,8
2026-08-11,3356,奇偶,1804,4,7
2026-08-11,3376,新日興,11360,31,17
2026-08-11,3380,明泰,5138,26,11
2026-08-11,3406,玉晶光,2600,-82,67
2026-08-11,3413,京鼎,3720,-28,5
2026-08-11,3416,融程電,907,-1,29
2026-08-11,3419,譁裕,1042,0,0
2026-08-11,3432,台端,0,0,0
2026-08-11,3437,榮創,2635,-7,30
2026-08-11,3443,創意,4741,263,95
2026-08-11,3447,展達,1915,2,32
2026-08-11,3450,聯鈞,14646,-1204,371
2026-08-11,3481,群創,323159,-22202,5000
2026-08-11,3494,誠研,0,0,0
2026-08-11,3501,維熹,1162,0,0
2026-08-11,3504,揚明光,2963,-14,239
2026-08-11,3515,華擎,1827,190,4
2026-08-11,3518,柏騰,4097,15,62
2026-08-11,3528,安馳,2231,-126,10
2026-08-11,3530,晶相光,1304,5,1
2026-08-11,3532,台勝科,7892,323,108
2026-08-11,3533,嘉澤,770,10,1
2026-08-11,3535,晶彩科,3954,3,58
2026-08-11,3543,州巧,5301,54,145
2026-08-11,3545,敦泰,4419,-6,24
2026-08-11,3550,聯穎,14056,-57,16
2026-08-11,3557,嘉威,368,-10,0
2026-08-11,3563,牧德,5624,33,4
2026-08-11,3576,聯合再生,0,0,0
2026-08-11,3583,辛耘,1927,8,15
2026-08-11,3588,通嘉,1701,37,2
2026-08-11,3591,艾笛森,27456,-9,33
2026-08-11,3592,瑞鼎,974,24,0
2026-08-11,3593,力銘,0,0,0
2026-08-11,3596,智易,1520,100,26
2026-08-11,3605,宏致,16609,1796,0
2026-08-11,3607,谷崧,1880,23,3
2026-08-11,3617,碩天,1953,-31,25
2026-08-11,3622,洋華,1742,-28,2
2026-08-11,3645,達邁,5258,94,44
2026-08-11,3652,精聯,723,20,4
2026-08-11,3653,健策,2801,121,36
2026-08-11,3661,世芯-KY,6371,-16,113
2026-08-11,3665,貿聯-KY,2364,66,21
2026-08-11,3669,圓展,824,5,3
2026-08-11,3673,TPK-KY,14088,59,85
2026-08-11,3679,新至陞,121,0,0
2026-08-11,3686,達能,0,0,0
2026-08-11,3694,海華,7096,166,40
2026-08-11,3701,大眾控,6046,-22,71
2026-08-11,3702,大聯大,6882,284,202
2026-08-11,3703,欣陸,1523,10,2
2026-08-11,3704,合勤控,8553,601,169
2026-08-11,3705,永信,370,0,0
2026-08-11,3706,神達,29644,194,163
2026-08-11,3708,上緯投控,2926,-11,431
2026-08-11,3711,日月光投控,13214,-828,179
2026-08-11,3712,永崴投控,2484,32,21
2026-08-11,3714,富采,24246,296,138
2026-08-11,3715,定穎投控,20836,1511,581
2026-08-11,3716,中化控股,641,-31,0
2026-08-11,3717,聯嘉投控,13318,-327,838
2026-08-11,4104,佳醫,113,-6,1
2026-08-11,4106,雃博,644,3,0
2026-08-11,4108,懷特,0,0,0
2026-08-11,4119,旭富,640,-3,39
2026-08-11,4133,亞諾法,1286,-1,0
2026-08-11,4137,麗豐-KY,1078,1,0
2026-08-11,4142,國光生,6446,3,16
2026-08-11,4148,全宇生技-KY,379,-9,0
2026-08-11,4155,訊映,919,-7,0
2026-08-11,4164,承業醫,5897,-28,2
2026-08-11,4190,佐登-KY,283,0,0
2026-08-11,4306,炎洲,4806,22,1
2026-08-11,4414,如興,703,-4,0
2026-08-11,4426,利勤,1041,10,0
2026-08-11,4438,廣越,764,1,0
2026-08-11,4439,冠星-KY,228,0,22
2026-08-11,4440,宜新實業,155,8,0
2026-08-11,4441,振大環球,208,-3,0
2026-08-11,4526,東台,5517,42,96
2026-08-11,4532,瑞智,2349,37,1
2026-08-11,4536,拓凱,665,-41,0
2026-08-11,4540,全球傳動,3905,68,334
2026-08-11,4545,銘鈺,1191,-1,0
2026-08-11,4551,智伸科,2670,163,44
2026-08-11,4552,力達-KY,2431,1,12
2026-08-11,4555,氣立,2224,16,36
2026-08-11,4557,永新-KY,337,-19,0
2026-08-11,4560,強信-KY,280,0,0
2026-08-11,4562,穎漢,1789,-43,36
2026-08-11,4564,元翎,10408,47,15
2026-08-11,4566,時碩工業,4466,18,89
2026-08-11,4569,六方科-KY,740,-6,0
2026-08-11,4571,鈞興-KY,1127,14,7
2026-08-11,4572,駐龍,328,2,1
2026-08-11,4576,大銀微系統,2619,-44,58
2026-08-11,4581,光隆精密-KY,29,4,0
2026-08-11,4583,台灣精銳,2904,-48,3
2026-08-11,4585,達明,605,9,55
2026-08-11,4588,玖鼎電力,390,0,1
2026-08-11,4590,富田-創,148,148,0
2026-08-11,4720,德淵,3232,-34,1
2026-08-11,4722,國精化,11786,45,116
2026-08-11,4736,泰博,253,25,1
2026-08-11,4737,華廣,1587,-1,0
2026-08-11,4739,康普,8052,-181,116
2026-08-11,4746,台耀,1981,-20,1
2026-08-11,4755,三福化,990,-1,1
2026-08-11,4763,材料*-KY,40848,-1112,59
2026-08-11,4764,雙鍵,4475,-75,68
2026-08-11,4766,南寶,1085,1,1
2026-08-11,4770,上品,945,-15,12
2026-08-11,4771,望隼,511,-2,0
2026-08-11,4807,日成-KY,1195,-45,15
2026-08-11,4904,遠傳,905,86,4
2026-08-11,4906,正文,28363,89,118
2026-08-11,4912,聯德控股-KY,3677,12,1
2026-08-11,4915,致伸,4473,71,83
2026-08-11,4916,事欣科,7704,-11,173
2026-08-11,4919,新唐,12823,27,1268
2026-08-11,4927,泰鼎-KY,23378,1,470
2026-08-11,4930,燦星網,3811,2,0
2026-08-11,4934,太極,0,0,0
2026-08-11,4935,茂林-KY,613,-2,4
2026-08-11,4938,和碩,4587,-291,19
2026-08-11,4942,嘉彰,647,0,0
2026-08-11,4943,康控-KY,0,0,0
2026-08-11,4949,有成精密,3013,143,67
2026-08-11,4952,凌通,1324,-24,4
2026-08-11,4956,光鋐,5229,-20,21
2026-08-11,4958,臻鼎-KY,31763,-294,487
2026-08-11,4960,誠美材,15363,-5,91
2026-08-11,4961,天鈺,1317,-15,24
2026-08-11,4967,十銓,7597,-249,12
2026-08-11,4968,立積,5161,11,36
2026-08-11,4976,佳凌,4979,-24,247
2026-08-11,4977,眾達-KY,6478,270,105
2026-08-11,4989,榮科,14859,375,750
2026-08-11,4994,傳奇,1740,-623,5
2026-08-11,4999,鑫禾,405,0,0
2026-08-11,5007,三星,7,-1,0
2026-08-11,5203,訊連,1076,-24,0
2026-08-11,5215,科嘉-KY,667,10,0
2026-08-11,5222,全訊,1860,2,10
2026-08-11,5225,東科-KY,1331,75,19
2026-08-11,5234,達興材料,1499,-1,8
2026-08-11,5236,凌陽創新,219,13,4
2026-08-11,5243,乙盛-KY,9339,100,38
2026-08-11,5244,弘凱,2342,-14,2
2026-08-11,5258,虹堡,3899,-2,0
2026-08-11,5269,祥碩,1936,-20,455
2026-08-11,5283,禾聯碩,70,0,0
2026-08-11,5284,jpp-KY,3719,-12,17
2026-08-11,5285,界霖,4611,-29,43
2026-08-11,5288,豐祥-KY,2630,20,0
2026-08-11,5292,華懋,883,18,0
2026-08-11,5306,桂盟,603,15,0
2026-08-11,5388,中磊,5249,97,29
2026-08-11,5434,崇越,1034,-2,1
2026-08-11,5469,瀚宇博,13433,8,54
2026-08-11,5471,松翰,4377,39,29
2026-08-11,5484,慧友,0,0,0
2026-08-11,5515,建國,2200,47,4
2026-08-11,5519,隆大,836,-6,58
2026-08-11,5521,工信,13244,38,13
2026-08-11,5522,遠雄,974,-25,0
2026-08-11,5525,順天,320,1,0
2026-08-11,5531,鄉林,4145,323,41
2026-08-11,5533,皇鼎,487,1,0
2026-08-11,5534,長虹,3328,-21,0
2026-08-11,5538,東明-KY,47,-13,0
2026-08-11,5546,永固-KY,22,0,0
2026-08-11,5607,遠雄港,1929,104,0
2026-08-11,5608,四維航,3777,41,105
2026-08-11,5706,鳳凰,696,-6,20
2026-08-11,5871,中租-KY,4023,-150,21
2026-08-11,5876,上海商銀,767,48,2
2026-08-11,5880,合庫金,3022,149,4
2026-08-11,5906,台南-KY,21,0,0
2026-08-11,5907,大洋-KY,5478,-11,0
2026-08-11,6005,群益證,5820,56,24
2026-08-11,6024,群益期,335,-8,0
2026-08-11,6108,競國,1720,-5,24
2026-08-11,6112,邁達特,2817,-34,7
2026-08-11,6115,鎰勝,29,0,0
2026-08-11,6116,彩晶,35480,-2045,9923
2026-08-11,6117,迎廣,2357,-8,0
2026-08-11,6120,達運,7686,138,39
2026-08-11,6128,上福,1405,5,0
2026-08-11,6133,金橋,3033,21,0
2026-08-11,6136,富爾特,2837,9,0
2026-08-11,6139,亞翔,8248,-189,42
2026-08-11,6141,柏承,34,0,0
2026-08-11,6142,友勁,0,0,0
2026-08-11,6152,百一,0,0,0
2026-08-11,6153,嘉聯益,13426,-75,131
2026-08-11,6155,鈞寶,2800,11,44
2026-08-11,6164,華興,3940,59,2
2026-08-11,6165,浪凡,13187,10,1
2026-08-11,6166,凌華,3646,-85,85
2026-08-11,6168,宏齊,4260,-21,59
2026-08-11,6176,瑞儀,6259,-100,0
2026-08-11,6177,達麗,2564,-6,0
2026-08-11,6183,關貿,9,0,0
2026-08-11,6184,大豐電,445,-9,0
2026-08-11,6189,豐藝,2324,-7,8
2026-08-11,6191,精成科,18872,71,116
2026-08-11,6192,巨路,727,-4,1
2026-08-11,6196,帆宣,1533,-13,15
2026-08-11,6197,佳必琪,5557,48,32
2026-08-11,6201,亞弘電,38,0,0
2026-08-11,6202,盛群,4592,-281,0
2026-08-11,6205,詮欣,3656,-24,4
2026-08-11,6206,飛捷,2769,-203,57
2026-08-11,6209,今國光,12866,5,96
2026-08-11,6213,聯茂,19969,-2826,1081
2026-08-11,6214,精誠,1962,-83,9
2026-08-11,6215,和椿,5204,63,97
2026-08-11,6216,居易,687,3,0
2026-08-11,6224,聚鼎,1770,63,10
2026-08-11,6225,天瀚,0,0,0
2026-08-11,6226,光鼎,3059,-50,244
2026-08-11,6230,尼得科超眾,467,0,1
2026-08-11,6235,華孚,4338,-30,12
2026-08-11,6239,力成,22978,668,111
2026-08-11,6243,迅杰,2025,-113,159
2026-08-11,6257,矽格,10808,266,122
2026-08-11,6269,台郡,9608,-283,280
2026-08-11,6271,同欣電,7788,214,42
2026-08-11,6272,驊陞,42,-7,0
2026-08-11,6277,宏正,289,-16,7
2026-08-11,6278,台表科,9474,-387,107
2026-08-11,6281,全國電,22,0,0
2026-08-11,6282,康舒,24343,233,1
2026-08-11,6283,淳安,2271,0,1
2026-08-11,6285,啟碁,13759,-398,160
2026-08-11,6405,悅城,5299,18,23
2026-08-11,6409,旭隼,1116,-41,0
2026-08-11,6412,群電,2847,-51,7
2026-08-11,6414,樺漢,2056,5,65
2026-08-11,6415,矽力*-KY,4590,-92,76
2026-08-11,6416,瑞祺電通,3875,83,5
2026-08-11,6426,統新,3033,-135,176
2026-08-11,6431,光麗-KY,0,0,0
2026-08-11,6438,迅得,3735,-3,14
2026-08-11,6442,光聖,4598,-32,34
2026-08-11,6443,元晶,7597,-50,368
2026-08-11,6446,藥華藥,8775,115,43
2026-08-11,6449,鈺邦,2048,-76,14
2026-08-11,6451,訊芯-KY,8306,-125,306
2026-08-11,6456,GIS-KY,14585,2024,333
2026-08-11,6464,台數科,1,0,0
2026-08-11,6472,保瑞,3510,12,30
2026-08-11,6477,安集,3545,8,135
2026-08-11,6491,晶碩,472,-4,0
2026-08-11,6504,南六,112,0,0
2026-08-11,6505,台塑化,12851,-194,264
2026-08-11,6515,穎崴,442,-1,5
2026-08-11,6525,捷敏-KY,2330,135,20
2026-08-11,6526,達發,1310,-14,1
2026-08-11,6531,愛普*,6077,-283,115
2026-08-11,6533,晶心科,2261,-44,59
2026-08-11,6534,正瀚-創,1756,-3,0
2026-08-11,6541,泰福-KY,3713,-9,0
2026-08-11,6550,北極星藥業-KY,0,0,0
2026-08-11,6552,易華電,1078,7,6
2026-08-11,6558,興能高,2637,-10,4
2026-08-11,6573,虹揚-KY,0,0,0
2026-08-11,6579,研揚,1297,36,3
2026-08-11,6581,鋼聯,5,0,0
2026-08-11,6582,申豐,324,-9,0
2026-08-11,6585,鼎基,1751,-181,40
2026-08-11,6589,台康生技,2753,-121,4
2026-08-11,6591,動力-KY,1743,2,16
2026-08-11,6592,和潤企業,695,7,1
2026-08-11,6598,ABC-KY,0,0,0
2026-08-11,6605,帝寶,2426,-107,11
2026-08-11,6606,建德工業,670,58,0
2026-08-11,6614,資拓宏宇,71,-1,0
2026-08-11,6625,必應,822,-26,0
2026-08-11,6641,基士德-KY,100,0,0
2026-08-11,6645,金萬林-創,11,0,0
2026-08-11,6655,科定,1,0,0
2026-08-11,6657,華安,1292,0,0
2026-08-11,6658,聯策,1468,-11,8
2026-08-11,6666,羅麗芬-KY,289,5,0
2026-08-11,6668,中揚光,2794,-21,17
2026-08-11,6669,緯穎,1342,30,25
2026-08-11,6670,復盛應用,387,-2,1
2026-08-11,6671,三能-KY,84,0,0
2026-08-11,6672,騰輝電子-KY,6183,-111,71
2026-08-11,6674,鋐寶科技,244,0,3
2026-08-11,6689,伊雲谷,1224,-11,1
2026-08-11,6691,洋基工程,1464,4,24
2026-08-11,6695,芯鼎,3588,67,27
2026-08-11,6698,旭暉應材,1960,14,0
2026-08-11,6706,惠特,8262,213,135
2026-08-11,6715,嘉基,7017,29,33
2026-08-11,6719,力智,3620,0,3
2026-08-11,6722,輝創,70,1,0
2026-08-11,6742,澤米,1857,-74,8
2026-08-11,6743,安普新,518,2,7
2026-08-11,6753,龍德造船,5539,38,28
2026-08-11,6754,匯僑設計,128,-1,0
2026-08-11,6756,威鋒電子,580,2,2
2026-08-11,6757,台灣虎航,3532,-13,7
2026-08-11,6768,志強-KY,1234,-5,18
2026-08-11,6770,力積電,143621,-3149,5540
2026-08-11,6771,平和環保-創,114,0,0
2026-08-11,6776,展碁國際,669,-9,0
2026-08-11,6781,AES-KY,2371,-26,23
2026-08-11,6782,視陽,414,8,0
2026-08-11,6789,采鈺,4830,-2,30
2026-08-11,6790,永豐實,585,0,0
2026-08-11,6792,詠業,267,-2,7
2026-08-11,6794,向榮生技,275,0,0
2026-08-11,6796,晉弘,592,-1,0
2026-08-11,6799,來頡,1979,-67,0
2026-08-11,6805,富世達,2931,60,29
2026-08-11,6807,峰源-KY,151,-1,0
2026-08-11,6830,汎銓,3889,25,51
2026-08-11,6831,邁科,701,-17,29
2026-08-11,6834,天二科技,3486,171,217
2026-08-11,6835,圓裕,792,0,4
2026-08-11,6838,台新藥,2558,-2,0
2026-08-11,6854,錼創科技-KY創,2422,-5,10
2026-08-11,6861,睿生光電,1719,-25,4
2026-08-11,6862,三集瑞-KY,910,-9,8
2026-08-11,6863,永道-KY,1072,72,1
2026-08-11,6869,雲豹能源,2801,19,2
2026-08-11,6873,泓德能源,3423,-50,78
2026-08-11,6885,全福生技,2374,17,20
2026-08-11,6887,寶綠特-KY,971,4,0
2026-08-11,6890,來億-KY,783,1,1
2026-08-11,6901,鑽石投資,7172,-152,132
2026-08-11,6902,GOGOLOOK,596,9,0
2026-08-11,6906,現觀科,495,4,0
2026-08-11,6909,創控,1453,6,6
2026-08-11,6914,阜爾運通,360,0,0
2026-08-11,6916,華凌,386,-1,0
2026-08-11,6918,愛派司,87,-1,0
2026-08-11,6919,康霈*,0,0,0
2026-08-11,6923,中台,1729,1,0
2026-08-11,6928,攸泰科技,755,-22,10
2026-08-11,6931,青松健康,104,0,0
2026-08-11,6933,AMAX-KY,1015,101,4
2026-08-11,6934,心誠鎂,0,0,0
2026-08-11,6936,永鴻生技,242,0,0
2026-08-11,6937,天虹,1476,-22,12
2026-08-11,6944,兆聯實業,903,29,36
2026-08-11,6949,沛爾生醫-創,5317,14,4
2026-08-11,6951,青新-創,77,0,0
2026-08-11,6952,大武山,59,0,0
2026-08-11,6957,裕慶-KY,1672,-2,52
2026-08-11,6958,日盛台駿,121,-3,0
2026-08-11,6962,奕力-KY,8381,-175,14
2026-08-11,6965,中傑-KY,42,0,0
2026-08-11,6994,富威電力,2976,-5,69
2026-08-11,7631,聚賢研發-創,117,16,0
2026-08-11,7705,三商餐飲,96,0,0
2026-08-11,7711,永擎,1178,203,12
2026-08-11,7721,微程式,1140,-2,0
2026-08-11,7722,LINEPAY,536,-5,0
2026-08-11,7730,暉盛-創,513,1,1
2026-08-11,7732,金興精密,77,2,0
2026-08-11,7736,虎山,68,0,0
2026-08-11,7740,熙特爾-創,1930,28,19
2026-08-11,7749,意騰-KY,1062,-2,0
2026-08-11,7750,新代,619,23,1
2026-08-11,7765,中華資安,457,1,0
2026-08-11,7769,鴻勁,316,-7,1
2026-08-11,7780,大研生醫*,310,2,0
2026-08-11,7786,東方風能,334,6,0
2026-08-11,7788,松川精密,1981,53,12
2026-08-11,7791,皇家可口,19,0,0
2026-08-11,7795,長廣,1269,52,2
2026-08-11,7799,禾榮科,1236,8,4
2026-08-11,8011,台通,3397,22,0
2026-08-11,8016,矽創,1479,51,12
2026-08-11,8021,尖點,11131,-297,268
2026-08-11,8028,昇陽半導體,5036,31,54
2026-08-11,8033,雷虎,6563,415,184
2026-08-11,8039,台虹,17289,12,1734
2026-08-11,8045,達運光電,4859,-91,8
2026-08-11,8046,南電,10754,237,414
2026-08-11,8070,長華*,5665,-71,51
2026-08-11,8072,陞泰,1817,-1,0
2026-08-11,8081,致新,1702,-16,5
2026-08-11,8101,華冠,0,0,0
2026-08-11,8103,瀚荃,3383,-23,6
2026-08-11,8104,錸寶,3410,24,9
2026-08-11,8105,凌巨,8327,-70,513
2026-08-11,8110,華東,14506,-120,338
2026-08-11,8112,至上,16820,-338,3022
2026-08-11,8114,振樺電,1416,-61,8
2026-08-11,8131,福懋科,4696,60,107
2026-08-11,8150,南茂,21998,3966,795
2026-08-11,8162,微矽電子-創,1552,-12,0
2026-08-11,8163,達方,2401,-1,14
2026-08-11,8201,無敵,0,0,0
2026-08-11,8210,勤誠,2875,168,17
2026-08-11,8213,志超,3747,52,0
2026-08-11,8215,明基材,3125,19,30
2026-08-11,8222,寶一,3295,-14,23
2026-08-11,8249,菱光,3794,-2,12
2026-08-11,8261,富鼎,6140,-319,18
2026-08-11,8271,宇瞻,6158,-225,656
2026-08-11,8341,日友,367,2,3
2026-08-11,8367,建新國際,12,0,0
2026-08-11,8374,羅昇,1503,7,8
2026-08-11,8404,百和興業-KY,3712,-5,0
2026-08-11,8411,福貞-KY,41,10,0
2026-08-11,8422,可寧衛*,24533,-38,145
2026-08-11,8429,金麗-KY,14370,2,0
2026-08-11,8438,昶昕,3417,-3,0
2026-08-11,8442,威宏-KY,694,-3,20
2026-08-11,8443,阿瘦,28,0,0
2026-08-11,8454,富邦媒,1553,-54,64
2026-08-11,8462,柏文,1047,-82,16
2026-08-11,8463,潤泰材,111,-9,0
2026-08-11,8464,億豐,45,-1,0
2026-08-11,8466,美吉吉-KY,1291,-8,0
2026-08-11,8467,波力-KY,254,11,0
2026-08-11,8473,山林水,3287,260,214
2026-08-11,8476,台境*,18171,-227,114
2026-08-11,8478,東哥遊艇,1028,4,0
2026-08-11,8481,政伸,10,5,0
2026-08-11,8482,商億-KY,161,0,0
2026-08-11,8487,愛爾達-創,39,0,0
2026-08-11,8488,吉源-KY,19,0,0
2026-08-11,8499,鼎炫-KY,580,-1,0
2026-08-11,8926,台汽電,6600,43,42
2026-08-11,8940,新天地,93,-2,0
2026-08-11,8996,高力,5031,114,109
2026-08-11,9802,鈺齊-KY,2071,-9,10
2026-08-11,9902,台火,3156,3,1
2026-08-11,9904,寶成,26399,-698,305
2026-08-11,9905,大華,25,4,0
2026-08-11,9906,欣巴巴,418,-5,0
2026-08-11,9907,統一實,4134,-28,5
2026-08-11,9908,大台北,126,-1,0
2026-08-11,9910,豐泰,2017,-119,2
2026-08-11,9911,櫻花,422,-4,0
2026-08-11,9912,偉聯,0,0,0
2026-08-11,9914,美利達,2506,-36,87
2026-08-11,9917,中保科,80,1,0
2026-08-11,9918,欣天然,94,0,0
2026-08-11,9919,康那香,8272,-14,1
2026-08-11,9921,巨大,1511,-333,317
2026-08-11,9924,福興,740,0,0
2026-08-11,9925,新保,2,0,0
2026-08-11,9926,新海,9,0,0
2026-08-11,9927,泰銘,63,2,0
2026-08-11,9928,中視,486,12,0
2026-08-11,9929,秋雨,0,0,0
2026-08-11,9930,中聯資源,20,0,0
2026-08-11,9931,欣高,67,0,0
2026-08-11,9933,中鼎,4014,-5,3
2026-08-11,9934,成霖,5851,-286,14
2026-08-11,9935,慶豐富,1380,-21,0
2026-08-11,9937,全國,133,1,0
2026-08-11,9938,百和,3183,-3,64
2026-08-11,9939,宏全,1223,169,2
2026-08-11,9940,信義,1223,-13,0
2026-08-11,9941,裕融,998,-26,3
2026-08-11,9942,茂順,23,0,0
2026-08-11,9943,好樂迪,85,1,0
2026-08-11,9944,新麗,5528,3,2
2026-08-11,9945,潤泰新,19692,-42,23
2026-08-11,9946,三發地產,1083,-6,0
2026-08-11,9955,佳龍,1062,-19,38
2026-08-11,9958,世紀鋼,7963,75,26
2026-08-12,1101,台泥,33703,363,67
2026-08-12,1102,亞泥,1657,28,20
2026-08-12,1103,嘉泥,4372,83,0
2026-08-12,1104,環泥,1700,6,0
2026-08-12,1108,幸福,435,12,44
2026-08-12,1109,信大,270,1,0
2026-08-12,1110,東泥,2498,-9,0
2026-08-12,1201,味全,1407,-10,0
2026-08-12,1203,味王,22,0,0
2026-08-12,1210,大成,600,29,1
2026-08-12,1213,大飲,0,0,0
2026-08-12,1215,卜蜂,422,3,1
2026-08-12,1216,統一,1001,-35,1
2026-08-12,1217,愛之味,1645,31,1
2026-08-12,1218,泰山,1608,2,110
2026-08-12,1219,福壽,219,-6,1
2026-08-12,1220,台榮,819,-42,18
2026-08-12,1225,福懋油,6783,1,0
2026-08-12,1227,佳格,1014,2,3
2026-08-12,1229,聯華,3031,-63,23
2026-08-12,1231,聯華食,267,0,0
2026-08-12,1232,大統益,189,-3,0
2026-08-12,1233,天仁,22,0,0
2026-08-12,1234,黑松,11,0,0
2026-08-12,1235,興泰,1157,0,0
2026-08-12,1236,宏亞,166,0,0
2026-08-12,1256,鮮活果汁-KY,325,1,2
2026-08-12,1301,台塑,20826,-817,165
2026-08-12,1303,南亞,55622,1028,2224
2026-08-12,1304,台聚,10294,-55,124
2026-08-12,1305,華夏,6218,-57,24
2026-08-12,1307,三芳,1388,4,0
2026-08-12,1308,亞聚,6056,32,13
2026-08-12,1309,台達化,7157,-158,68
2026-08-12,1310,台苯,11645,90,98
2026-08-12,1312,國喬,37701,-257,152
2026-08-12,1313,聯成,11398,-6,13
2026-08-12,1314,中石化,66835,9,37
2026-08-12,1315,達新,14,0,0
2026-08-12,1316,上曜,9418,-80,15
2026-08-12,1319,東陽,6918,-96,7
2026-08-12,1321,大洋,7233,40,2
2026-08-12,1323,永裕,82,3,0
2026-08-12,1324,地球,1263,0,0
2026-08-12,1325,恆大,2269,-35,77
2026-08-12,1326,台化,31883,-992,487
2026-08-12,1337,再生-KY,21470,24,0
2026-08-12,1338,廣華-KY,3965,0,0
2026-08-12,1339,昭輝,912,36,0
2026-08-12,1340,勝悅-KY,1029,-1,0
2026-08-12,1342,八貫,541,-12,3
2026-08-12,1402,遠東新,7428,-78,41
2026-08-12,1409,新纖,23581,-296,79
2026-08-12,1410,南染,242,1,0
2026-08-12,1413,宏洲,0,0,0
2026-08-12,1414,東和,1337,43,0
2026-08-12,1416,廣豐,5734,2376,20
2026-08-12,1417,嘉裕,1979,-20,0
2026-08-12,1418,東華,778,0,0
2026-08-12,1419,新紡,1274,-7,0
2026-08-12,1423,利華,86,0,0
2026-08-12,1432,大魯閣,125,-2,0
2026-08-12,1434,福懋,6926,-3,0
2026-08-12,1435,中福,0,0,0
2026-08-12,1436,華友聯,987,-14,2
2026-08-12,1437,勤益控,3244,95,0
2026-08-12,1438,三地開發,136,0,0
2026-08-12,1439,雋揚,1024,-4,0
2026-08-12,1440,南紡,5782,84,3
2026-08-12,1441,大東,0,0,0
2026-08-12,1442,名軒,2656,-40,9
2026-08-12,1443,立益物流,8,0,0
2026-08-12,1444,力麗,556,-2,0
2026-08-12,1445,大宇,1365,-2,15
2026-08-12,1446,宏和,1405,-1,0
2026-08-12,1447,力鵬,708,-28,0
2026-08-12,1449,佳和,3095,10,6
2026-08-12,1451,年興,575,-1,0
2026-08-12,1452,宏益,108,0,0
2026-08-12,1453,大將,851,-24,1
2026-08-12,1454,台富,2169,0,0
2026-08-12,1455,集盛,3275,103,2
2026-08-12,1456,怡華,785,-1,0
2026-08-12,1457,宜進,682,19,1
2026-08-12,1459,聯發,274,41,0
2026-08-12,1460,宏遠,0,0,0
2026-08-12,1463,強盛新,538,-5,0
2026-08-12,1464,得力,1981,7,0
2026-08-12,1465,偉全,3179,-12,0
2026-08-12,1466,聚隆,3239,19,13
2026-08-12,1467,南緯,7040,15,14
2026-08-12,1468,昶和,0,0,0
2026-08-12,1470,大統新創,4,-1,0
2026-08-12,1471,首利,0,0,0
2026-08-12,1472,三洋實業,3882,0,3
2026-08-12,1473,台南,762,-4,2
2026-08-12,1474,弘裕,3334,4,0
2026-08-12,1475,業旺,464,0,0
2026-08-12,1476,儒鴻,1168,179,15
2026-08-12,1477,聚陽,1248,4,0
2026-08-12,1503,士電,2852,19,25
2026-08-12,1504,東元,27722,-20,62
2026-08-12,1506,正道,0,0,0
2026-08-12,1512,瑞利,0,0,0
2026-08-12,1513,中興電,7127,-349,29
2026-08-12,1514,亞力,6154,77,34
2026-08-12,1515,力山,2368,4,6
2026-08-12,1516,川飛,2,0,0
2026-08-12,1517,利奇,2018,-130,3
2026-08-12,1519,華城,2869,-36,12
2026-08-12,1521,大億,447,-1,0
2026-08-12,1522,堤維西,3626,-45,24
2026-08-12,1524,耿鼎,3791,-17,18
2026-08-12,1525,江申,229,-1,0
2026-08-12,1526,日馳,883,34,28
2026-08-12,1527,鑽全,517,-10,0
2026-08-12,1528,恩德,5665,-22,30
2026-08-12,1529,樂事綠能,2752,-3,649
2026-08-12,1530,亞崴,263,-6,0
2026-08-12,1531,高林股,1715,1,4
2026-08-12,1532,勤美,2913,8,0
2026-08-12,1533,車王電,554,24,2
2026-08-12,1535,中宇,54,0,0
2026-08-12,1536,和大,7585,36,155
2026-08-12,1537,廣隆,63,0,0
2026-08-12,1538,正峰,0,0,0
2026-08-12,1539,巨庭,1239,-7,0
2026-08-12,1540,喬福,1489,-5,2
2026-08-12,1541,錩泰,103,-4,0
2026-08-12,1558,伸興,241,-9,0
2026-08-12,1560,中砂,1622,-171,132
2026-08-12,1563,巧新,6180,-543,22
2026-08-12,1568,倉佑,2134,-35,1
2026-08-12,1582,信錦,3593,-12,7
2026-08-12,1583,程泰,66,0,0
2026-08-12,1587,吉茂,1654,-8,26
2026-08-12,1589,永冠-KY,655,0,0
2026-08-12,1590,亞德客-KY,232,2,9
2026-08-12,1597,直得,2973,-7,50
2026-08-12,1598,岱宇,2127,46,0
2026-08-12,1603,華電,1980,70,1
2026-08-12,1604,聲寶,200,0,0
2026-08-12,1605,華新,40931,-5318,1309
2026-08-12,1608,華榮,7258,-373,197
2026-08-12,1609,大亞,12165,-48,16
2026-08-12,1611,中電,3217,-8,1
2026-08-12,1612,宏泰,1932,111,1
2026-08-12,1614,三洋電,300,-36,0
2026-08-12,1615,大山,162,-6,0
2026-08-12,1616,億泰,2723,0,6
2026-08-12,1617,榮星,1679,-142,7
2026-08-12,1618,合機,3331,-68,0
2026-08-12,1623,大東電,28,0,0
2026-08-12,1626,艾美特-KY,1615,-5,0
2026-08-12,1702,南僑,293,-2,0
2026-08-12,1707,葡萄王,344,3,20
2026-08-12,1708,東鹼,5915,-6,65
2026-08-12,1709,和益,20122,386,20
2026-08-12,1710,東聯,11952,-215,61
2026-08-12,1711,永光,14488,-1128,154
2026-08-12,1712,興農,461,10,0
2026-08-12,1713,國化,2944,-71,0
2026-08-12,1714,和桐,17508,1684,301
2026-08-12,1717,長興,16645,733,764
2026-08-12,1718,中纖,22721,2640,176
2026-08-12,1720,生達,295,-6,0
2026-08-12,1721,三晃,126,0,0
2026-08-12,1722,台肥,2823,-22,1
2026-08-12,1723,中碳,587,-6,0
2026-08-12,1725,元禎,263,-3,0
2026-08-12,1726,永記,25,0,0
2026-08-12,1727,中華化,6096,102,69
2026-08-12,1730,花仙子,5,-1,0
2026-08-12,1731,美吾華,303,0,0
2026-08-12,1732,毛寶,782,-33,29
2026-08-12,1733,五鼎,2468,2,6
2026-08-12,1734,杏輝,293,-2,0
2026-08-12,1735,日勝化,696,32,0
2026-08-12,1736,喬山,1992,69,34
2026-08-12,1737,臺鹽,21,0,0
2026-08-12,1752,南光,329,0,0
2026-08-12,1760,寶齡富錦,1017,7,0
2026-08-12,1762,中化生,786,8,3
2026-08-12,1773,勝一,1108,5,1
2026-08-12,1776,展宇,758,4,1
2026-08-12,1783,和康生,546,0,0
2026-08-12,1786,科妍,4962,-3,0
2026-08-12,1789,神隆,3297,-13,7
2026-08-12,1795,美時,8459,-15,11
2026-08-12,1802,台玻,35028,-605,1080
2026-08-12,1805,寶徠,1486,5,0
2026-08-12,1806,冠軍,2829,-77,0
2026-08-12,1808,潤隆,5929,-21,1
2026-08-12,1809,中釉,5504,48,81
2026-08-12,1810,和成,21189,8,89
2026-08-12,1817,凱撒衛,21,5,0
2026-08-12,1903,士紙,2449,-15,0
2026-08-12,1904,正隆,4303,-309,23
2026-08-12,1905,華紙,12674,91,37
2026-08-12,1906,寶隆,7335,52,1
2026-08-12,1907,永豐餘,24080,-20,14
2026-08-12,1909,榮成,9768,0,6
2026-08-12,2002,中鋼,40559,-2070,590
2026-08-12,2006,東和鋼鐵,1172,-16,32
2026-08-12,2007,燁興,5,0,0
2026-08-12,2008,高興昌,92,0,0
2026-08-12,2009,第一銅,6793,155,68
2026-08-12,2010,春源,2159,-12,0
2026-08-12,2012,春雨,189,-3,0
2026-08-12,2013,中鋼構,1409,0,0
2026-08-12,2014,中鴻,1084,0,0
2026-08-12,2015,豐興,39,1,0
2026-08-12,2017,官田鋼,8114,-12,1
2026-08-12,2020,美亞,712,5,0
2026-08-12,2022,聚亨,2097,-11,0
2026-08-12,2023,燁輝,2743,2,55
2026-08-12,2024,志聯,67,2,0
2026-08-12,2025,千興,0,0,0
2026-08-12,2027,大成鋼,26404,-781,424
2026-08-12,2028,威致,1184,9,0
2026-08-12,2029,盛餘,448,5,0
2026-08-12,2030,彰源,4801,116,105
2026-08-12,2031,新光鋼,1506,-27,25
2026-08-12,2032,新鋼,2636,-35,10
2026-08-12,2033,佳大,2845,-44,128
2026-08-12,2034,允強,3568,13,49
2026-08-12,2038,海光,3537,-40,0
2026-08-12,2049,上銀,3511,111,170
2026-08-12,2059,川湖,565,62,22
2026-08-12,2062,橋椿,1331,0,1
2026-08-12,2069,運錩,438,-9,9
2026-08-12,2101,南港,21661,189,3
2026-08-12,2102,泰豐,3495,-15,4
2026-08-12,2103,台橡,14697,183,428
2026-08-12,2104,國際中橡,19491,286,48
2026-08-12,2105,正新,8995,110,11
2026-08-12,2106,建大,2828,143,1
2026-08-12,2107,厚生,95,12,0
2026-08-12,2108,南帝,2661,115,57
2026-08-12,2109,華豐,675,0,0
2026-08-12,2114,鑫永銓,6,0,0
2026-08-12,2115,六暉-KY,486,-7,3
2026-08-12,2201,裕隆,9727,-46,5
2026-08-12,2204,中華,1375,8,0
2026-08-12,2206,三陽工業,3842,-31,1
2026-08-12,2207,和泰車,75,11,0
2026-08-12,2208,台船,0,0,0
2026-08-12,2211,長榮鋼,544,12,0
2026-08-12,2228,劍麟,1504,-7,6
2026-08-12,2231,為升,2608,16,0
2026-08-12,2233,宇隆,4255,-94,9
2026-08-12,2236,百達-KY,11875,5,77
2026-08-12,2239,英利-KY,1580,-24,0
2026-08-12,2241,艾姆勒,7892,14,45
2026-08-12,2243,宏旭-KY,1285,-10,12
2026-08-12,2247,汎德永業,151,0,1
2026-08-12,2248,華勝-KY,600,6,0
2026-08-12,2250,IKKA-KY,1167,-2,2
2026-08-12,2254,巨鎧精密-創,2513,-1,0
2026-08-12,2301,光寶科,13764,-355,220
2026-08-12,2302,麗正,4097,-235,234
2026-08-12,2303,聯電,158957,-3445,2435
2026-08-12,2305,全友,6302,-165,89
2026-08-12,2308,台達電,8546,-507,44
2026-08-12,2312,金寶,44220,695,530
2026-08-12,2313,華通,31196,254,1056
2026-08-12,2314,台揚,0,0,0
2026-08-12,2316,楠梓電,3834,57,45
2026-08-12,2317,鴻海,51183,982,760
2026-08-12,2321,東訊,0,0,0
2026-08-12,2323,中環,30329,126,16
2026-08-12,2324,仁寶,55119,6248,1186
2026-08-12,2327,國巨*,39351,1361,501
2026-08-12,2328,廣宇,16256,-52,155
2026-08-12,2329,華泰,13574,-96,294
2026-08-12,2330,台積電,28604,-466,39
2026-08-12,2331,精英,9671,15,35
2026-08-12,2332,友訊,30028,387,663
2026-08-12,2337,旺宏,93436,427,3376
2026-08-12,2338,光罩,5018,17,92
2026-08-12,2340,台亞,7470,-47,65
2026-08-12,2342,茂矽,3441,-121,57
2026-08-12,2344,華邦電,136941,10807,4415
2026-08-12,2345,智邦,1930,34,16
2026-08-12,2347,聯強,1302,-7,7
2026-08-12,2348,海悅,2657,-25,13
2026-08-12,2349,錸德,0,0,0
2026-08-12,2351,順德,11298,139,127
2026-08-12,2352,佳世達,15224,-305,16
2026-08-12,2353,宏碁,39069,210,2359
2026-08-12,2354,鴻準,27874,-205,199
2026-08-12,2355,敬鵬,8849,-48,45
2026-08-12,2356,英業達,26682,-1003,888
2026-08-12,2357,華碩,1991,-1,56
2026-08-12,2359,所羅門,7057,-743,371
2026-08-12,2360,致茂,1678,95,17
2026-08-12,2362,藍天,2975,-527,11
2026-08-12,2363,矽統,16854,281,16
2026-08-12,2364,倫飛,903,85,1
2026-08-12,2365,昆盈,8095,-65,25
2026-08-12,2367,燿華,24233,-114,485
2026-08-12,2368,金像電,8122,346,842
2026-08-12,2369,菱生,12815,-92,161
2026-08-12,2371,大同,46472,-438,745
2026-08-12,2373,震旦行,46,1,0
2026-08-12,2374,佳能,15747,-59,15
2026-08-12,2375,凱美,5580,171,452
2026-08-12,2376,技嘉,7420,1141,132
2026-08-12,2377,微星,15634,1962,165
2026-08-12,2379,瑞昱,2533,35,41
2026-08-12,2380,虹光,0,0,0
2026-08-12,2382,廣達,17927,885,135
2026-08-12,2383,台光電,1900,-74,42
2026-08-12,2385,群光,3102,-23,52
2026-08-12,2387,精元,1286,10,0
2026-08-12,2388,威盛,10075,442,223
2026-08-12,2390,云辰,1969,-55,0
2026-08-12,2392,正崴,4481,51,45
2026-08-12,2393,億光,2801,-290,24
2026-08-12,2395,研華,2036,56,70
2026-08-12,2397,友通,1647,-7,3
2026-08-12,2399,映泰,10910,68,417
2026-08-12,2401,凌陽,7526,-195,132
2026-08-12,2402,毅嘉,11637,-57,72
2026-08-12,2404,漢唐,2293,45,6
2026-08-12,2405,輔信,7581,8,36
2026-08-12,2406,國碩,13387,-77,354
2026-08-12,2408,南亞科,89085,2118,2746
2026-08-12,2409,友達,223719,-1398,7818
2026-08-12,2412,中華電,1948,-402,33
2026-08-12,2413,環科,4150,-96,33
2026-08-12,2414,精技,468,-100,6
2026-08-12,2415,錩新,2486,-4,0
2026-08-12,2417,圓剛,3552,184,100
2026-08-12,2419,仲琦,5884,19,5
2026-08-12,2420,新巨,715,-19,0
2026-08-12,2421,建準,3999,-109,52
2026-08-12,2423,固緯,631,-6,7
2026-08-12,2424,隴華,0,0,0
2026-08-12,2425,承啟,6612,-564,99
2026-08-12,2426,鼎元,15998,-529,435
2026-08-12,2427,三商電,5420,6,1
2026-08-12,2428,興勤,2177,59,21
2026-08-12,2429,銘旺科,386,-2,0
2026-08-12,2430,燦坤,98,1,1
2026-08-12,2431,聯昌,1519,-1,0
2026-08-12,2432,倚天酷碁-創,309,2,0
2026-08-12,2433,互盛電,24,0,0
2026-08-12,2434,統懋,398,1,28
2026-08-12,2436,偉詮電,6178,-68,3770
2026-08-12,2438,翔耀,0,0,0
2026-08-12,2439,美律,3860,34,7
2026-08-12,2440,太空梭,1669,14,1
2026-08-12,2441,超豐,9395,38,267
2026-08-12,2442,新美齊,3881,-138,3
2026-08-12,2444,兆勁,0,0,0
2026-08-12,2449,京元電子,18937,-854,229
2026-08-12,2450,神腦,84,1,0
2026-08-12,2451,創見,6413,-383,562
2026-08-12,2453,凌群,2338,10,11
2026-08-12,2454,聯發科,10009,-70,44
2026-08-12,2455,全新,11185,15,345
2026-08-12,2457,飛宏,12031,13,78
2026-08-12,2458,義隆,3731,-50,20
2026-08-12,2459,敦吉,107,2,0
2026-08-12,2460,建通,207,-1,0
2026-08-12,2461,光群雷,8033,-447,10
2026-08-12,2462,良得電,2330,-9,0
2026-08-12,2464,盟立,21637,697,1175
2026-08-12,2465,麗臺,3825,153,89
2026-08-12,2466,冠西電,6107,11,231
2026-08-12,2467,志聖,1794,-22,31
2026-08-12,2468,華經,3295,-5,1
2026-08-12,2471,資通,1271,-8,2
2026-08-12,2472,立隆電,4919,154,19
2026-08-12,2474,可成,9277,7,45
2026-08-12,2476,鉅祥,40597,-610,0
2026-08-12,2477,美隆電,1252,33,0
2026-08-12,2478,大毅,8113,-892,56
2026-08-12,2480,敦陽科,378,-8,0
2026-08-12,2481,強茂,13018,243,526
2026-08-12,2482,連宇,1890,4,0
2026-08-12,2483,百容,1837,-7,10
2026-08-12,2484,希華,16644,-316,270
2026-08-12,2485,兆赫,11108,-99,245
2026-08-12,2486,一詮,22450,-165,560
2026-08-12,2488,漢平,443,-10,0
2026-08-12,2489,瑞軒,28410,70,148
2026-08-12,2491,吉祥全,1601,12,5
2026-08-12,2492,華新科,16271,311,546
2026-08-12,2493,揚博,11217,264,66
2026-08-12,2495,普安,7810,-85,33
2026-08-12,2496,卓越,34,0,0
2026-08-12,2497,怡利電,1833,15,8
2026-08-12,2498,宏達電,28381,-137,442
2026-08-12,2501,國建,4450,-124,0
2026-08-12,2504,國產,4656,-76,2
2026-08-12,2505,國揚,3338,3,3
2026-08-12,2506,太設,1841,-4,0
2026-08-12,2509,全坤建,583,13,1
2026-08-12,2511,太子,2508,-9,1
2026-08-12,2514,龍邦,18134,-2,1
2026-08-12,2515,中工,29644,73,41
2026-08-12,2516,新建,0,0,0
2026-08-12,2520,冠德,2061,-28,0
2026-08-12,2524,京城,3197,1,0
2026-08-12,2527,宏璟,5470,-14,6
2026-08-12,2528,皇普,6439,155,0
2026-08-12,2530,華建,6813,-24,4
2026-08-12,2534,宏盛,11931,-2,0
2026-08-12,2535,達欣工,277,2,5
2026-08-12,2536,宏普,6055,130,0
2026-08-12,2537,聯上發,3642,23,3
2026-08-12,2538,基泰,2465,29,0
2026-08-12,2539,櫻花建,2118,-174,0
2026-08-12,2540,愛山林,3021,24,8
2026-08-12,2542,興富發,4592,-73,215
2026-08-12,2543,皇昌,9402,42,16
2026-08-12,2545,皇翔,2764,0,23
2026-08-12,2546,根基,129,4,0
2026-08-12,2547,日勝生,10360,-177,0
2026-08-12,2548,華固,2197,7,50
2026-08-12,2597,潤弘,160,-1,0
2026-08-12,2601,益航,365,0,0
2026-08-12,2603,長榮,14917,234,247
2026-08-12,2605,新興,14179,654,30
2026-08-12,2606,裕民,2789,-44,19
2026-08-12,2607,榮運,760,-37,1
2026-08-12,2608,嘉里大榮,1128,0,1
2026-08-12,2609,陽明,31884,33,308
2026-08-12,2610,華航,48932,-261,204
2026-08-12,2611,志信,2177,21,1
2026-08-12,2612,中航,1585,-16,3
2026-08-12,2613,中櫃,2100,-2,0
2026-08-12,2614,東森,5378,-20,0
2026-08-12,2615,萬海,15523,546,207
2026-08-12,2616,山隆,434,6,0
2026-08-12,2617,台航,2039,-168,0
2026-08-12,2618,長榮航,31803,873,594
2026-08-12,2630,亞航,5230,-32,24
2026-08-12,2633,台灣高鐵,1705,-15,38
2026-08-12,2634,漢翔,24386,-244,218
2026-08-12,2636,台驊控股,646,23,0
2026-08-12,2637,慧洋-KY,2439,-17,24
2026-08-12,2642,宅配通,602,0,0
2026-08-12,2645,長榮航太,3017,-51,3
2026-08-12,2646,星宇航空,3861,20,54
2026-08-12,2701,萬企,376,-6,0
2026-08-12,2702,華園,429,0,0
2026-08-12,2704,國賓,115,0,0
2026-08-12,2705,六福,552,5,0
2026-08-12,2706,第一店,656,4,0
2026-08-12,2707,晶華,167,-4,0
2026-08-12,2712,遠雄來,7,0,0
2026-08-12,2722,夏都,415,1,0
2026-08-12,2723,美食-KY,1680,-3,0
2026-08-12,2727,王品,303,3,3
2026-08-12,2731,雄獅,889,9,6
2026-08-12,2739,寒舍,902,1,0
2026-08-12,2748,雲品,501,-2,0
2026-08-12,2753,八方雲集,526,5,2
2026-08-12,2762,世界健身-KY,215,-4,0
2026-08-12,2801,彰銀,8372,-28,33
2026-08-12,2812,台中銀,2750,-32,20
2026-08-12,2816,旺旺保,537,-32,0
2026-08-12,2820,華票,512,0,1
2026-08-12,2832,台產,552,0,0
2026-08-12,2834,臺企銀,26631,-946,23
2026-08-12,2836,高雄銀,6752,-4,2
2026-08-12,2838,聯邦銀,860,-11,1
2026-08-12,2845,遠東銀,4151,209,25
2026-08-12,2849,安泰銀,251,0,0
2026-08-12,2850,新產,306,1,0
2026-08-12,2851,中再保,930,16,0
2026-08-12,2852,第一保,1567,10,0
2026-08-12,2855,統一證,5149,-182,162
2026-08-12,2867,三商壽,1866,-138,1
2026-08-12,2880,華南金,1079,116,0
2026-08-12,2881,富邦金,7028,156,201
2026-08-12,2882,國泰金,4297,21,231
2026-08-12,2883,凱基金,10529,-33,108
2026-08-12,2884,玉山金,5210,31,234
2026-08-12,2885,元大金,1830,54,0
2026-08-12,2886,兆豐金,1894,255,0
2026-08-12,2887,台新新光金,39494,-663,191
2026-08-12,2889,國票金,2722,2,3
2026-08-12,2890,永豐金,2381,-292,62
2026-08-12,2891,中信金,3246,-19,59
2026-08-12,2892,第一金,2331,-114,9
2026-08-12,2897,王道銀行,1660,-9,4
2026-08-12,2901,欣欣,472,0,0
2026-08-12,2903,遠百,1571,24,0
2026-08-12,2904,匯僑,32,0,0
2026-08-12,2905,三商,7695,24,3
2026-08-12,2906,高林,603,-7,0
2026-08-12,2908,特力,14008,-32,0
2026-08-12,2910,統領,47,-1,0
2026-08-12,2911,麗嬰房,180,1,0
2026-08-12,2912,統一超,686,-3,0
2026-08-12,2913,農林,7055,-7,2
2026-08-12,2915,潤泰全,8617,9,10
2026-08-12,2929,淘帝-KY,1942,92,0
2026-08-12,2939,永邑-KY,243,-1,0
2026-08-12,3002,歐格,1855,-2,16
2026-08-12,3003,健和興,2397,47,22
2026-08-12,3004,豐達科,1853,2,2
2026-08-12,3005,神基,8863,16,45
2026-08-12,3006,晶豪科,16941,-198,796
2026-08-12,3008,大立光,2265,12,0
2026-08-12,3010,華立,1208,-94,3
2026-08-12,3011,今皓,3337,65,58
2026-08-12,3013,晟銘電,8511,-21,49
2026-08-12,3014,聯陽,2674,-56,22
2026-08-12,3015,全漢,2373,-39,3
2026-08-12,3016,嘉晶,7977,101,236
2026-08-12,3017,奇鋐,4529,375,56
2026-08-12,3018,隆銘綠能,0,0,0
2026-08-12,3019,亞光,10877,-174,43
2026-08-12,3021,鴻名,608,5,0
2026-08-12,3022,威強電,6221,-224,0
2026-08-12,3023,信邦,1085,-6,1
2026-08-12,3024,憶聲,9925,12,8
2026-08-12,3025,星通,1618,-7,1
2026-08-12,3026,禾伸堂,11026,913,626
2026-08-12,3027,盛達,4596,-10,0
2026-08-12,3028,增你強,3056,86,35
2026-08-12,3029,零壹,3178,-18,11
2026-08-12,3030,德律,10263,-220,10
2026-08-12,3031,佰鴻,5234,-38,4
2026-08-12,3032,偉訓,8330,86,10
2026-08-12,3033,威健,8549,-218,1075
2026-08-12,3034,聯詠,2599,-25,217
2026-08-12,3035,智原,10069,-77,354
2026-08-12,3036,文曄,11963,-758,325
2026-08-12,3037,欣興,39153,23,649
2026-08-12,3038,全台,1489,-36,0
2026-08-12,3040,遠見,10086,-4,1
2026-08-12,3041,揚智,3584,0,47
2026-08-12,3042,晶技,17705,-1732,218
2026-08-12,3043,科風,865,15,0
2026-08-12,3044,健鼎,6929,-71,44
2026-08-12,3045,台灣大,1580,11,7
2026-08-12,3046,建碁,1161,12,10
2026-08-12,3047,訊舟,6545,-5,4
2026-08-12,3048,益登,6262,393,108
2026-08-12,3049,精金,0,0,0
2026-08-12,3050,鈺德,3197,-37,0
2026-08-12,3051,力特,4062,36,0
2026-08-12,3052,夆典,1642,9,0
2026-08-12,3054,立萬利,1039,1,0
2026-08-12,3055,蔚華科,5782,22,128
2026-08-12,3056,富華新,3589,4,0
2026-08-12,3057,喬鼎,0,0,0
2026-08-12,3058,立德,0,0,0
2026-08-12,3059,華晶科,11075,-172,15
2026-08-12,3060,銘異,8499,-50,12
2026-08-12,3062,建漢,9635,2,56
2026-08-12,3090,日電貿,7713,312,76
2026-08-12,3092,鴻碩,3578,8,0
2026-08-12,3094,聯傑,2757,80,106
2026-08-12,3130,一零四,9,-1,0
2026-08-12,3135,凌航,3079,-15,172
2026-08-12,3138,耀登,1999,0,4
2026-08-12,3149,正達,22576,910,997
2026-08-12,3150,鈺寶-創,226,-3,0
2026-08-12,3164,景岳,300,0,0
2026-08-12,3167,大量,6649,-12,20
2026-08-12,3168,眾福科,38,0,0
2026-08-12,3189,景碩,22520,-139,354
2026-08-12,3209,全科,5701,-68,6
2026-08-12,3229,晟鈦,0,0,0
2026-08-12,3231,緯創,41224,-184,1085
2026-08-12,3257,虹冠電,2440,-14,48
2026-08-12,3266,昇陽,365,12,0
2026-08-12,3296,勝德,1815,0,2
2026-08-12,3305,昇貿,6888,-11,35
2026-08-12,3308,聯德,707,0,0
2026-08-12,3311,閎暉,2899,25,0
2026-08-12,3312,弘憶股,4710,-36,46
2026-08-12,3321,同泰,0,0,0
2026-08-12,3338,泰碩,3480,24,8
2026-08-12,3346,麗清,2908,-5,8
2026-08-12,3356,奇偶,1822,18,7
2026-08-12,3376,新日興,11185,-175,16
2026-08-12,3380,明泰,5136,-2,6
2026-08-12,3406,玉晶光,2832,232,96
2026-08-12,3413,京鼎,3670,-50,6
2026-08-12,3416,融程電,897,-10,28
2026-08-12,3419,譁裕,1042,0,0
2026-08-12,3432,台端,0,0,0
2026-08-12,3437,榮創,2611,-24,32
2026-08-12,3443,創意,4666,-75,91
2026-08-12,3447,展達,1917,2,29
2026-08-12,3450,聯鈞,14508,-138,372
2026-08-12,3481,群創,321706,-1453,5057
2026-08-12,3494,誠研,0,0,0
2026-08-12,3501,維熹,1171,9,0
2026-08-12,3504,揚明光,2969,6,254
2026-08-12,3515,華擎,1780,-47,4
2026-08-12,3518,柏騰,4076,-21,57
2026-08-12,3528,安馳,2209,-22,11
2026-08-12,3530,晶相光,1287,-17,1
2026-08-12,3532,台勝科,8213,321,135
2026-08-12,3533,嘉澤,826,56,2
2026-08-12,3535,晶彩科,3915,-39,58
2026-08-12,3543,州巧,5202,-99,178
2026-08-12,3545,敦泰,4394,-25,24
2026-08-12,3550,聯穎,14045,-11,17
2026-08-12,3557,嘉威,368,0,0
2026-08-12,3563,牧德,5688,64,6
2026-08-12,3576,聯合再生,0,0,0
2026-08-12,3583,辛耘,1889,-38,19
2026-08-12,3588,通嘉,1705,4,4
2026-08-12,3591,艾笛森,27491,35,33
2026-08-12,3592,瑞鼎,983,9,0
2026-08-12,3593,力銘,0,0,0
2026-08-12,3596,智易,1567,47,25
2026-08-12,3605,宏致,16162,-447,466
2026-08-12,3607,谷崧,1868,-12,3
2026-08-12,3617,碩天,1953,0,38
2026-08-12,3622,洋華,1726,-16,2
2026-08-12,3645,達邁,5518,260,51
2026-08-12,3652,精聯,726,3,5
2026-08-12,3653,健策,2847,46,49
2026-08-12,3661,世芯-KY,6364,-7,84
2026-08-12,3665,貿聯-KY,2547,183,15
2026-08-12,3669,圓展,818,-6,3
2026-08-12,3673,TPK-KY,13811,-277,89
2026-08-12,3679,新至陞,121,0,0
2026-08-12,3686,達能,0,0,0
2026-08-12,3694,海華,7102,6,38
2026-08-12,3701,大眾控,6000,-46,72
2026-08-12,3702,大聯大,7467,585,201
2026-08-12,3703,欣陸,1543,20,2
2026-08-12,3704,合勤控,8886,333,31
2026-08-12,3705,永信,369,-1,0
2026-08-12,3706,神達,28715,-929,186
2026-08-12,3708,上緯投控,2962,36,805
2026-08-12,3711,日月光投控,13317,103,170
2026-08-12,3712,永崴投控,2429,-55,30
2026-08-12,3714,富采,24239,-7,149
2026-08-12,3715,定穎投控,20745,-91,608
2026-08-12,3716,中化控股,624,-17,0
2026-08-12,3717,聯嘉投控,13586,268,992
2026-08-12,4104,佳醫,113,0,1
2026-08-12,4106,雃博,647,3,0
2026-08-12,4108,懷特,0,0,0
2026-08-12,4119,旭富,617,-23,50
2026-08-12,4133,亞諾法,1291,5,0
2026-08-12,4137,麗豐-KY,1085,7,0
2026-08-12,4142,國光生,6475,29,1
2026-08-12,4148,全宇生技-KY,381,2,0
2026-08-12,4155,訊映,906,-13,0
2026-08-12,4164,承業醫,5882,-15,0
2026-08-12,4190,佐登-KY,283,0,0
2026-08-12,4306,炎洲,4894,88,2
2026-08-12,4414,如興,689,-14,0
2026-08-12,4426,利勤,1051,10,0
2026-08-12,4438,廣越,744,-20,0
2026-08-12,4439,冠星-KY,236,8,18
2026-08-12,4440,宜新實業,157,2,0
2026-08-12,4441,振大環球,215,7,0
2026-08-12,4526,東台,5457,-60,115
2026-08-12,4532,瑞智,2356,7,1
2026-08-12,4536,拓凱,658,-7,0
2026-08-12,4540,全球傳動,3849,-56,316
2026-08-12,4545,銘鈺,1187,-4,0
2026-08-12,4551,智伸科,2730,60,44
2026-08-12,4552,力達-KY,2430,-1,12
2026-08-12,4555,氣立,2241,17,41
2026-08-12,4557,永新-KY,355,18,0
2026-08-12,4560,強信-KY,279,-1,0
2026-08-12,4562,穎漢,1831,42,39
2026-08-12,4564,元翎,10343,-65,15
2026-08-12,4566,時碩工業,4363,-103,76
2026-08-12,4569,六方科-KY,736,-4,0
2026-08-12,4571,鈞興-KY,1108,-19,7
2026-08-12,4572,駐龍,328,0,1
2026-08-12,4576,大銀微系統,2857,238,62
2026-08-12,4581,光隆精密-KY,25,-4,0
2026-08-12,4583,台灣精銳,2729,-175,3
2026-08-12,4585,達明,610,5,55
2026-08-12,4588,玖鼎電力,390,0,1
2026-08-12,4590,富田-創,164,16,0
2026-08-12,4720,德淵,3245,13,2
2026-08-12,4722,國精化,11790,4,110
2026-08-12,4736,泰博,315,62,1
2026-08-12,4737,華廣,1588,1,0
2026-08-12,4739,康普,7442,-610,121
2026-08-12,4746,台耀,1991,10,0
2026-08-12,4755,三福化,985,-5,1
2026-08-12,4763,材料*-KY,40294,-554,62
2026-08-12,4764,雙鍵,4373,-102,24
2026-08-12,4766,南寶,1087,2,1
2026-08-12,4770,上品,937,-8,8
2026-08-12,4771,望隼,487,-24,0
2026-08-12,4807,日成-KY,1165,-30,16
2026-08-12,4904,遠傳,841,-64,4
2026-08-12,4906,正文,28127,-236,120
2026-08-12,4912,聯德控股-KY,3563,-114,1
2026-08-12,4915,致伸,4467,-6,62
2026-08-12,4916,事欣科,7706,2,163
2026-08-12,4919,新唐,12801,-22,1203
2026-08-12,4927,泰鼎-KY,23266,-112,466
2026-08-12,4930,燦星網,3814,3,0
2026-08-12,4934,太極,0,0,0
2026-08-12,4935,茂林-KY,613,0,4
2026-08-12,4938,和碩,4830,243,32
2026-08-12,4942,嘉彰,649,2,0
2026-08-12,4943,康控-KY,0,0,0
2026-08-12,4949,有成精密,2986,-27,50
2026-08-12,4952,凌通,1348,24,4
2026-08-12,4956,光鋐,5165,-64,23
2026-08-12,4958,臻鼎-KY,33141,1378,327
2026-08-12,4960,誠美材,15849,486,111
2026-08-12,4961,天鈺,1255,-62,20
2026-08-12,4967,十銓,7510,-87,0
2026-08-12,4968,立積,5167,6,35
2026-08-12,4976,佳凌,4934,-45,283
2026-08-12,4977,眾達-KY,6551,73,115
2026-08-12,4989,榮科,14658,-201,130
2026-08-12,4994,傳奇,1743,3,4
2026-08-12,4999,鑫禾,407,2,0
2026-08-12,5007,三星,7,0,0
2026-08-12,5203,訊連,1063,-13,0
2026-08-12,5215,科嘉-KY,684,17,0
2026-08-12,5222,全訊,1842,-18,9
2026-08-12,5225,東科-KY,1360,29,25
2026-08-12,5234,達興材料,1500,1,8
2026-08-12,5236,凌陽創新,222,3,4
2026-08-12,5243,乙盛-KY,9207,-132,54
2026-08-12,5244,弘凱,2333,-9,3
2026-08-12,5258,虹堡,3798,-101,0
2026-08-12,5269,祥碩,1926,-10,454
2026-08-12,5283,禾聯碩,70,0,0
2026-08-12,5284,jpp-KY,3721,2,16
2026-08-12,5285,界霖,4676,65,47
2026-08-12,5288,豐祥-KY,2621,-9,0
2026-08-12,5292,華懋,880,-3,0
2026-08-12,5306,桂盟,599,-4,0
2026-08-12,5388,中磊,6220,971,24
2026-08-12,5434,崇越,1004,-30,1
2026-08-12,5469,瀚宇博,13391,-42,56
2026-08-12,5471,松翰,4485,108,35
2026-08-12,5484,慧友,0,0,0
2026-08-12,5515,建國,2295,95,4
2026-08-12,5519,隆大,834,-2,58
2026-08-12,5521,工信,13230,-14,13
2026-08-12,5522,遠雄,1068,94,1
2026-08-12,5525,順天,322,2,0
2026-08-12,5531,鄉林,4163,18,41
2026-08-12,5533,皇鼎,487,0,0
2026-08-12,5534,長虹,3359,31,0
2026-08-12,5538,東明-KY,83,36,0
2026-08-12,5546,永固-KY,22,0,0
2026-08-12,5607,遠雄港,1978,49,0
2026-08-12,5608,四維航,3811,34,106
2026-08-12,5706,鳳凰,691,-5,20
2026-08-12,5871,中租-KY,3989,-34,17
2026-08-12,5876,上海商銀,784,17,2
2026-08-12,5880,合庫金,2947,-75,7
2026-08-12,5906,台南-KY,21,0,0
2026-08-12,5907,大洋-KY,5478,0,0
2026-08-12,6005,群益證,6157,337,27
2026-08-12,6024,群益期,335,0,0
2026-08-12,6108,競國,1699,-21,24
2026-08-12,6112,邁達特,2760,-57,7
2026-08-12,6115,鎰勝,31,2,0
2026-08-12,6116,彩晶,35361,-119,9841
2026-08-12,6117,迎廣,2350,-7,0
2026-08-12,6120,達運,7825,139,39
2026-08-12,6128,上福,1405,0,0
2026-08-12,6133,金橋,3038,5,0
2026-08-12,6136,富爾特,2817,-20,0
2026-08-12,6139,亞翔,8263,15,38
2026-08-12,6141,柏承,34,0,0
2026-08-12,6142,友勁,0,0,0
2026-08-12,6152,百一,0,0,0
2026-08-12,6153,嘉聯益,13532,106,151
2026-08-12,6155,鈞寶,2863,63,61
2026-08-12,6164,華興,3850,-90,2
2026-08-12,6165,浪凡,13208,21,1
2026-08-12,6166,凌華,3344,-302,80
2026-08-12,6168,宏齊,4175,-85,61
2026-08-12,6176,瑞儀,6163,-96,0
2026-08-12,6177,達麗,2602,38,0
2026-08-12,6183,關貿,9,0,0
2026-08-12,6184,大豐電,445,0,0
2026-08-12,6189,豐藝,2316,-8,8
2026-08-12,6191,精成科,18823,-49,118
2026-08-12,6192,巨路,740,13,1
2026-08-12,6196,帆宣,1593,60,16
2026-08-12,6197,佳必琪,5509,-48,42
2026-08-12,6201,亞弘電,38,0,0
2026-08-12,6202,盛群,4661,69,0
2026-08-12,6205,詮欣,3732,76,4
2026-08-12,6206,飛捷,2801,32,38
2026-08-12,6209,今國光,12847,-19,76
2026-08-12,6213,聯茂,19317,-652,1162
2026-08-12,6214,精誠,1929,-33,7
2026-08-12,6215,和椿,5133,-71,103
2026-08-12,6216,居易,726,39,0
2026-08-12,6224,聚鼎,1724,-46,19
2026-08-12,6225,天瀚,0,0,0
2026-08-12,6226,光鼎,3124,65,222
2026-08-12,6230,尼得科超眾,466,-1,1
2026-08-12,6235,華孚,4346,8,13
2026-08-12,6239,力成,23452,474,119
2026-08-12,6243,迅杰,2039,14,139
2026-08-12,6257,矽格,10956,148,136
2026-08-12,6269,台郡,9673,65,319
2026-08-12,6271,同欣電,7369,-419,41
2026-08-12,6272,驊陞,42,0,0
2026-08-12,6277,宏正,303,14,6
2026-08-12,6278,台表科,9463,-11,68
2026-08-12,6281,全國電,21,-1,0
2026-08-12,6282,康舒,24673,330,0
2026-08-12,6283,淳安,2260,-11,1
2026-08-12,6285,啟碁,13890,131,124
2026-08-12,6405,悅城,5309,10,24
2026-08-12,6409,旭隼,1141,25,0
2026-08-12,6412,群電,2809,-38,6
2026-08-12,6414,樺漢,1963,-93,36
2026-08-12,6415,矽力*-KY,4790,200,73
2026-08-12,6416,瑞祺電通,3833,-42,5
2026-08-12,6426,統新,2942,-91,127
2026-08-12,6431,光麗-KY,0,0,0
2026-08-12,6438,迅得,3759,24,13
2026-08-12,6442,光聖,4445,-153,53
2026-08-12,6443,元晶,7567,-30,368
2026-08-12,6446,藥華藥,8819,44,32
2026-08-12,6449,鈺邦,2030,-18,14
2026-08-12,6451,訊芯-KY,8231,-75,228
2026-08-12,6456,GIS-KY,15161,576,340
2026-08-12,6464,台數科,1,0,0
2026-08-12,6472,保瑞,3504,-6,33
2026-08-12,6477,安集,3591,46,131
2026-08-12,6491,晶碩,481,9,1
2026-08-12,6504,南六,111,-1,0
2026-08-12,6505,台塑化,12708,-143,262
2026-08-12,6515,穎崴,432,-10,5
2026-08-12,6525,捷敏-KY,2344,14,20
2026-08-12,6526,達發,1300,-10,1
2026-08-12,6531,愛普*,5915,-162,61
2026-08-12,6533,晶心科,2280,19,55
2026-08-12,6534,正瀚-創,1754,-2,0
2026-08-12,6541,泰福-KY,3718,5,0
2026-08-12,6550,北極星藥業-KY,0,0,0
2026-08-12,6552,易華電,1082,4,6
2026-08-12,6558,興能高,2634,-3,5
2026-08-12,6573,虹揚-KY,0,0,0
2026-08-12,6579,研揚,1285,-12,3
2026-08-12,6581,鋼聯,5,0,0
2026-08-12,6582,申豐,324,0,0
2026-08-12,6585,鼎基,1666,-85,25
2026-08-12,6589,台康生技,2806,53,11
2026-08-12,6591,動力-KY,1731,-12,16
2026-08-12,6592,和潤企業,712,17,1
2026-08-12,6598,ABC-KY,0,0,0
2026-08-12,6605,帝寶,2414,-12,15
2026-08-12,6606,建德工業,661,-9,0
2026-08-12,6614,資拓宏宇,70,-1,0
2026-08-12,6625,必應,793,-29,0
2026-08-12,6641,基士德-KY,101,1,0
2026-08-12,6645,金萬林-創,11,0,0
2026-08-12,6655,科定,1,0,0
2026-08-12,6657,華安,1292,0,0
2026-08-12,6658,聯策,1459,-9,3
2026-08-12,6666,羅麗芬-KY,289,0,0
2026-08-12,6668,中揚光,2770,-24,16
2026-08-12,6669,緯穎,1349,7,24
2026-08-12,6670,復盛應用,390,3,1
2026-08-12,6671,三能-KY,84,0,0
2026-08-12,6672,騰輝電子-KY,6040,-143,64
2026-08-12,6674,鋐寶科技,242,-2,3
2026-08-12,6689,伊雲谷,1238,14,2
2026-08-12,6691,洋基工程,1414,-50,5
2026-08-12,6695,芯鼎,3575,-13,28
2026-08-12,6698,旭暉應材,1960,0,0
2026-08-12,6706,惠特,8455,193,154
2026-08-12,6715,嘉基,6958,-59,40
2026-08-12,6719,力智,3639,19,2
2026-08-12,6722,輝創,74,4,0
2026-08-12,6742,澤米,1831,-26,7
2026-08-12,6743,安普新,499,-19,0
2026-08-12,6753,龍德造船,5526,-13,20
2026-08-12,6754,匯僑設計,117,-11,0
2026-08-12,6756,威鋒電子,590,10,2
2026-08-12,6757,台灣虎航,3548,16,27
2026-08-12,6768,志強-KY,1235,1,18
2026-08-12,6770,力積電,139365,-4256,7392
2026-08-12,6771,平和環保-創,136,22,0
2026-08-12,6776,展碁國際,669,0,0
2026-08-12,6781,AES-KY,2466,95,9
2026-08-12,6782,視陽,366,-48,0
2026-08-12,6789,采鈺,4824,-6,25
2026-08-12,6790,永豐實,585,0,0
2026-08-12,6792,詠業,267,0,7
2026-08-12,6794,向榮生技,275,0,0
2026-08-12,6796,晉弘,592,0,0
2026-08-12,6799,來頡,1992,13,0
2026-08-12,6805,富世達,2916,-15,25
2026-08-12,6807,峰源-KY,153,2,0
2026-08-12,6830,汎銓,3829,-60,57
2026-08-12,6831,邁科,765,64,36
2026-08-12,6834,天二科技,3629,143,234
2026-08-12,6835,圓裕,788,-4,0
2026-08-12,6838,台新藥,2558,0,0
2026-08-12,6854,錼創科技-KY創,2431,9,10
2026-08-12,6861,睿生光電,1719,0,5
2026-08-12,6862,三集瑞-KY,878,-32,8
2026-08-12,6863,永道-KY,1074,2,3
2026-08-12,6869,雲豹能源,2801,0,3
2026-08-12,6873,泓德能源,3394,-29,64
2026-08-12,6885,全福生技,2362,-12,20
2026-08-12,6887,寶綠特-KY,979,8,0
2026-08-12,6890,來億-KY,769,-14,1
2026-08-12,6901,鑽石投資,7005,-167,112
2026-08-12,6902,GOGOLOOK,583,-13,0
2026-08-12,6906,現觀科,480,-15,0
2026-08-12,6909,創控,1452,-1,6
2026-08-12,6914,阜爾運通,360,0,0
2026-08-12,6916,華凌,386,0,0
2026-08-12,6918,愛派司,87,0,0
2026-08-12,6919,康霈*,0,0,0
2026-08-12,6923,中台,1723,-6,0
2026-08-12,6928,攸泰科技,742,-13,10
2026-08-12,6931,青松健康,104,0,0
2026-08-12,6933,AMAX-KY,1048,33,4
2026-08-12,6934,心誠鎂,0,0,0
2026-08-12,6936,永鴻生技,243,1,0
2026-08-12,6937,天虹,1470,-6,20
2026-08-12,6944,兆聯實業,897,-6,35
2026-08-12,6949,沛爾生醫-創,5314,-3,4
2026-08-12,6951,青新-創,77,0,0
2026-08-12,6952,大武山,60,1,0
2026-08-12,6957,裕慶-KY,1604,-68,54
2026-08-12,6958,日盛台駿,121,0,0
2026-08-12,6962,奕力-KY,8491,110,14
2026-08-12,6965,中傑-KY,42,0,0
2026-08-12,6994,富威電力,3001,25,69
2026-08-12,7631,聚賢研發-創,136,19,0
2026-08-12,7705,三商餐飲,96,0,0
2026-08-12,7711,永擎,1544,366,99
2026-08-12,7721,微程式,1131,-9,0
2026-08-12,7722,LINEPAY,529,-7,0
2026-08-12,7730,暉盛-創,513,0,1
2026-08-12,7732,金興精密,78,1,0
2026-08-12,7736,虎山,69,1,0
2026-08-12,7740,熙特爾-創,1942,12,1
2026-08-12,7749,意騰-KY,1056,-6,0
2026-08-12,7750,新代,612,-7,1
2026-08-12,7765,中華資安,456,-1,0
2026-08-12,7769,鴻勁,316,0,1
2026-08-12,7780,大研生醫*,314,4,0
2026-08-12,7786,東方風能,346,12,0
2026-08-12,7788,松川精密,2034,53,15
2026-08-12,7791,皇家可口,19,0,0
2026-08-12,7795,長廣,1300,31,2
2026-08-12,7799,禾榮科,1232,-4,4
2026-08-12,7823,奧義賽博-KY創,0,0,0
2026-08-12,8011,台通,3362,-35,0
2026-08-12,8016,矽創,1461,-18,9
2026-08-12,8021,尖點,11069,-62,157
2026-08-12,8028,昇陽半導體,5004,-32,34
2026-08-12,8033,雷虎,6847,284,152
2026-08-12,8039,台虹,20727,3438,1738
2026-08-12,8045,達運光電,4863,4,9
2026-08-12,8046,南電,10682,-72,660
2026-08-12,8070,長華*,5607,-58,31
2026-08-12,8072,陞泰,1814,-3,0
2026-08-12,8081,致新,1688,-14,5
2026-08-12,8101,華冠,0,0,0
2026-08-12,8103,瀚荃,3364,-19,1
2026-08-12,8104,錸寶,3410,0,11
2026-08-12,8105,凌巨,8266,-61,516
2026-08-12,8110,華東,14260,-246,338
2026-08-12,8112,至上,16656,-164,2522
2026-08-12,8114,振樺電,1422,6,9
2026-08-12,8131,福懋科,4651,-45,106
2026-08-12,8150,南茂,22212,214,470
2026-08-12,8162,微矽電子-創,1567,15,0
2026-08-12,8163,達方,2389,-12,14
2026-08-12,8201,無敵,0,0,0
2026-08-12,8210,勤誠,2939,64,16
2026-08-12,8213,志超,3682,-65,2
2026-08-12,8215,明基材,3089,-36,32
2026-08-12,8222,寶一,3136,-159,23
2026-08-12,8249,菱光,3807,13,12
2026-08-12,8261,富鼎,5964,-176,17
2026-08-12,8271,宇瞻,6188,30,631
2026-08-12,8341,日友,370,3,3
2026-08-12,8367,建新國際,12,0,0
2026-08-12,8374,羅昇,1480,-23,20
2026-08-12,8404,百和興業-KY,3680,-32,0
2026-08-12,8411,福貞-KY,44,3,0
2026-08-12,8422,可寧衛*,24411,-122,146
2026-08-12,8429,金麗-KY,14380,10,0
2026-08-12,8438,昶昕,3420,3,0
2026-08-12,8442,威宏-KY,682,-12,20
2026-08-12,8443,阿瘦,28,0,0
2026-08-12,8454,富邦媒,1555,2,64
2026-08-12,8462,柏文,1060,13,18
2026-08-12,8463,潤泰材,112,1,0
2026-08-12,8464,億豐,47,2,0
2026-08-12,8466,美吉吉-KY,1286,-5,0
2026-08-12,8467,波力-KY,239,-15,0
2026-08-12,8473,山林水,3290,3,243
2026-08-12,8476,台境*,18217,46,123
2026-08-12,8478,東哥遊艇,1009,-19,0
2026-08-12,8481,政伸,10,0,0
2026-08-12,8482,商億-KY,161,0,0
2026-08-12,8487,愛爾達-創,39,0,0
2026-08-12,8488,吉源-KY,19,0,0
2026-08-12,8499,鼎炫-KY,591,11,0
2026-08-12,8926,台汽電,6711,111,37
2026-08-12,8940,新天地,93,0,0
2026-08-12,8996,高力,5360,329,140
2026-08-12,9802,鈺齊-KY,2130,59,10
2026-08-12,9902,台火,3163,7,1
2026-08-12,9904,寶成,26777,378,243
2026-08-12,9905,大華,25,0,0
2026-08-12,9906,欣巴巴,417,-1,0
2026-08-12,9907,統一實,4134,0,7
2026-08-12,9908,大台北,126,0,0
2026-08-12,9910,豐泰,2009,-8,1
2026-08-12,9911,櫻花,422,0,0
2026-08-12,9912,偉聯,0,0,0
2026-08-12,9914,美利達,2205,-301,102
2026-08-12,9917,中保科,80,0,0
2026-08-12,9918,欣天然,48,-46,0
2026-08-12,9919,康那香,8154,-118,1
2026-08-12,9921,巨大,1412,-99,183
2026-08-12,9924,福興,740,0,0
2026-08-12,9925,新保,2,0,0
2026-08-12,9926,新海,9,0,0
2026-08-12,9927,泰銘,67,4,0
2026-08-12,9928,中視,499,13,0
2026-08-12,9929,秋雨,0,0,0
2026-08-12,9930,中聯資源,19,-1,0
2026-08-12,9931,欣高,65,-2,0
2026-08-12,9933,中鼎,4400,386,26
2026-08-12,9934,成霖,5790,-61,19
2026-08-12,9935,慶豐富,1386,6,0
2026-08-12,9937,全國,135,2,0
2026-08-12,9938,百和,3163,-20,62
2026-08-12,9939,宏全,1273,50,0
2026-08-12,9940,信義,1226,3,0
2026-08-12,9941,裕融,972,-26,3
2026-08-12,9942,茂順,23,0,0
2026-08-12,9943,好樂迪,84,-1,0
2026-08-12,9944,新麗,5529,1,0
2026-08-12,9945,潤泰新,19672,-20,26
2026-08-12,9946,三發地產,1099,16,0
2026-08-12,9955,佳龍,1089,27,46
2026-08-12,9958,世紀鋼,8014,51,12
2026-08-13,1101,台泥,34396,693,47
2026-08-13,1102,亞泥,2120,463,23
2026-08-13,1103,嘉泥,4403,31,0
2026-08-13,1104,環泥,1690,-10,0
2026-08-13,1108,幸福,435,0,44
2026-08-13,1109,信大,270,0,0
2026-08-13,1110,東泥,2496,-2,0
2026-08-13,1201,味全,1409,2,0
2026-08-13,1203,味王,22,0,0
2026-08-13,1210,大成,601,1,1
2026-08-13,1213,大飲,0,0,0
2026-08-13,1215,卜蜂,430,8,1
2026-08-13,1216,統一,980,-21,2
2026-08-13,1217,愛之味,1641,-4,1
2026-08-13,1218,泰山,1567,-41,110
2026-08-13,1219,福壽,204,-15,1
2026-08-13,1220,台榮,797,-22,18
2026-08-13,1225,福懋油,6783,0,0
2026-08-13,1227,佳格,1024,10,1
2026-08-13,1229,聯華,3039,8,16
2026-08-13,1231,聯華食,261,-6,1
2026-08-13,1232,大統益,206,17,0
2026-08-13,1233,天仁,22,0,0
2026-08-13,1234,黑松,11,0,0
2026-08-13,1235,興泰,1157,0,0
2026-08-13,1236,宏亞,163,-3,0
2026-08-13,1256,鮮活果汁-KY,312,-13,1
2026-08-13,1301,台塑,21442,616,256
2026-08-13,1303,南亞,52946,-2676,2282
2026-08-13,1304,台聚,10078,-216,105
2026-08-13,1305,華夏,6114,-104,25
2026-08-13,1307,三芳,1441,53,0
2026-08-13,1308,亞聚,5903,-153,12
2026-08-13,1309,台達化,7143,-14,71
2026-08-13,1310,台苯,11604,-41,89
2026-08-13,1312,國喬,37833,132,152
2026-08-13,1313,聯成,11046,-352,18
2026-08-13,1314,中石化,67349,514,29
2026-08-13,1315,達新,27,13,0
2026-08-13,1316,上曜,9763,345,12
2026-08-13,1319,東陽,6893,-25,3
2026-08-13,1321,大洋,7238,5,1
2026-08-13,1323,永裕,82,0,0
2026-08-13,1324,地球,1263,0,0
2026-08-13,1325,恆大,2253,-16,77
2026-08-13,1326,台化,31469,-414,472
2026-08-13,1337,再生-KY,21504,34,0
2026-08-13,1338,廣華-KY,3953,-12,0
2026-08-13,1339,昭輝,916,4,0
2026-08-13,1340,勝悅-KY,1018,-11,0
2026-08-13,1342,八貫,539,-2,3
2026-08-13,1402,遠東新,8123,695,55
2026-08-13,1409,新纖,23127,-454,74
2026-08-13,1410,南染,242,0,0
2026-08-13,1413,宏洲,0,0,0
2026-08-13,1414,東和,1308,-29,0
2026-08-13,1416,廣豐,5599,-135,40
2026-08-13,1417,嘉裕,1982,3,0
2026-08-13,1418,東華,778,0,0
2026-08-13,1419,新紡,1277,3,0
2026-08-13,1423,利華,86,0,0
2026-08-13,1432,大魯閣,124,-1,0
2026-08-13,1434,福懋,6883,-43,0
2026-08-13,1435,中福,0,0,0
2026-08-13,1436,華友聯,985,-2,2
2026-08-13,1437,勤益控,3304,60,0
2026-08-13,1438,三地開發,137,1,0
2026-08-13,1439,雋揚,1018,-6,0
2026-08-13,1440,南紡,5815,33,4
2026-08-13,1441,大東,0,0,0
2026-08-13,1442,名軒,2650,-6,9
2026-08-13,1443,立益物流,8,0,0
2026-08-13,1444,力麗,556,0,0
2026-08-13,1445,大宇,1369,4,15
2026-08-13,1446,宏和,1455,50,0
2026-08-13,1447,力鵬,708,0,0
2026-08-13,1449,佳和,3094,-1,6
2026-08-13,1451,年興,575,0,0
2026-08-13,1452,宏益,108,0,0
2026-08-13,1453,大將,842,-9,1
2026-08-13,1454,台富,2174,5,0
2026-08-13,1455,集盛,3265,-10,2
2026-08-13,1456,怡華,786,1,0
2026-08-13,1457,宜進,681,-1,1
2026-08-13,1459,聯發,290,16,0
2026-08-13,1460,宏遠,0,0,0
2026-08-13,1463,強盛新,541,3,0
2026-08-13,1464,得力,1986,5,0
2026-08-13,1465,偉全,3117,-62,0
2026-08-13,1466,聚隆,3290,51,11
2026-08-13,1467,南緯,7038,-2,14
2026-08-13,1468,昶和,0,0,0
2026-08-13,1470,大統新創,4,0,0
2026-08-13,1471,首利,0,0,0
2026-08-13,1472,三洋實業,3882,0,3
2026-08-13,1473,台南,762,0,2
2026-08-13,1474,弘裕,3331,-3,0
2026-08-13,1475,業旺,464,0,0
2026-08-13,1476,儒鴻,1182,14,15
2026-08-13,1477,聚陽,1244,-4,0
2026-08-13,1503,士電,2939,87,26
2026-08-13,1504,東元,28106,384,77
2026-08-13,1506,正道,0,0,0
2026-08-13,1512,瑞利,0,0,0
2026-08-13,1513,中興電,6865,-262,48
2026-08-13,1514,亞力,6160,6,67
2026-08-13,1515,力山,2329,-39,5
2026-08-13,1516,川飛,2,0,0
2026-08-13,1517,利奇,2025,7,3
2026-08-13,1519,華城,2843,-26,10
2026-08-13,1521,大億,448,1,0
2026-08-13,1522,堤維西,3622,-4,5
2026-08-13,1524,耿鼎,3806,15,18
2026-08-13,1525,江申,229,0,0
2026-08-13,1526,日馳,796,-87,28
2026-08-13,1527,鑽全,517,0,0
2026-08-13,1528,恩德,5671,6,30
2026-08-13,1529,樂事綠能,2760,8,650
2026-08-13,1530,亞崴,265,2,0
2026-08-13,1531,高林股,1734,19,4
2026-08-13,1532,勤美,2888,-25,0
2026-08-13,1533,車王電,554,0,2
2026-08-13,1535,中宇,54,0,0
2026-08-13,1536,和大,7622,37,153
2026-08-13,1537,廣隆,62,-1,0
2026-08-13,1538,正峰,0,0,0
2026-08-13,1539,巨庭,1214,-25,0
2026-08-13,1540,喬福,1501,12,2
2026-08-13,1541,錩泰,103,0,0
2026-08-13,1558,伸興,216,-25,0
2026-08-13,1560,中砂,1685,63,134
2026-08-13,1563,巧新,5215,-965,2
2026-08-13,1568,倉佑,2146,12,2
2026-08-13,1582,信錦,3622,29,4
2026-08-13,1583,程泰,68,2,0
2026-08-13,1587,吉茂,1645,-9,26
2026-08-13,1589,永冠-KY,647,-8,0
2026-08-13,1590,亞德客-KY,190,-42,8
2026-08-13,1597,直得,2845,-128,39
2026-08-13,1598,岱宇,2146,19,0
2026-08-13,1603,華電,1997,17,1
2026-08-13,1604,聲寶,201,1,0
2026-08-13,1605,華新,40548,-383,1372
2026-08-13,1608,華榮,7379,121,146
2026-08-13,1609,大亞,12023,-142,19
2026-08-13,1611,中電,3215,-2,1
2026-08-13,1612,宏泰,1955,23,1
2026-08-13,1614,三洋電,300,0,0
2026-08-13,1615,大山,165,3,0
2026-08-13,1616,億泰,2662,-61,5
2026-08-13,1617,榮星,1596,-83,7
2026-08-13,1618,合機,3306,-25,0
2026-08-13,1623,大東電,54,26,0
2026-08-13,1626,艾美特-KY,1620,5,0
2026-08-13,1702,南僑,293,0,0
2026-08-13,1707,葡萄王,344,0,20
2026-08-13,1708,東鹼,5938,23,60
2026-08-13,1709,和益,25257,5135,34
2026-08-13,1710,東聯,11839,-113,59
2026-08-13,1711,永光,14628,140,179
2026-08-13,1712,興農,454,-7,0
2026-08-13,1713,國化,2906,-38,0
2026-08-13,1714,和桐,15799,-1709,370
2026-08-13,1717,長興,16596,-49,739
2026-08-13,1718,中纖,19816,-2905,303
2026-08-13,1720,生達,302,7,0
2026-08-13,1721,三晃,126,0,0
2026-08-13,1722,台肥,2760,-63,1
2026-08-13,1723,中碳,586,-1,0
2026-08-13,1725,元禎,263,0,0
2026-08-13,1726,永記,25,0,0
2026-08-13,1727,中華化,6209,113,53
2026-08-13,1730,花仙子,5,0,0
2026-08-13,1731,美吾華,300,-3,0
2026-08-13,1732,毛寶,765,-17,29
2026-08-13,1733,五鼎,2465,-3,6
2026-08-13,1734,杏輝,296,3,0
2026-08-13,1735,日勝化,696,0,0
2026-08-13,1736,喬山,1851,-141,29
2026-08-13,1737,臺鹽,22,1,0
2026-08-13,1752,南光,329,0,0
2026-08-13,1760,寶齡富錦,1015,-2,0
2026-08-13,1762,中化生,806,20,3
2026-08-13,1773,勝一,1099,-9,1
2026-08-13,1776,展宇,750,-8,1
2026-08-13,1783,和康生,547,1,0
2026-08-13,1786,科妍,4965,3,0
2026-08-13,1789,神隆,3287,-10,7
2026-08-13,1795,美時,8470,11,8
2026-08-13,1802,台玻,34588,-440,1059
2026-08-13,1805,寶徠,1486,0,0
2026-08-13,1806,冠軍,2826,-3,0
2026-08-13,1808,潤隆,5891,-38,1
2026-08-13,1809,中釉,5453,-51,68
2026-08-13,1810,和成,21084,-105,91
2026-08-13,1817,凱撒衛,21,0,0
2026-08-13,1903,士紙,2417,-32,0
2026-08-13,1904,正隆,4547,244,24
2026-08-13,1905,華紙,12868,194,33
2026-08-13,1906,寶隆,7296,-39,7
2026-08-13,1907,永豐餘,24077,-3,15
2026-08-13,1909,榮成,9718,-50,6
2026-08-13,2002,中鋼,42788,2229,121
2026-08-13,2006,東和鋼鐵,1181,9,35
2026-08-13,2007,燁興,5,0,0
2026-08-13,2008,高興昌,92,0,0
2026-08-13,2009,第一銅,6793,0,41
2026-08-13,2010,春源,2159,0,0
2026-08-13,2012,春雨,196,7,0
2026-08-13,2013,中鋼構,1412,3,0
2026-08-13,2014,中鴻,1081,-3,0
2026-08-13,2015,豐興,40,1,0
2026-08-13,2017,官田鋼,8095,-19,1
2026-08-13,2020,美亞,714,2,0
2026-08-13,2022,聚亨,2145,48,0
2026-08-13,2023,燁輝,2792,49,54
2026-08-13,2024,志聯,67,0,0
2026-08-13,2025,千興,0,0,0
2026-08-13,2027,大成鋼,24618,-1786,565
2026-08-13,2028,威致,1173,-11,0
2026-08-13,2029,盛餘,448,0,0
2026-08-13,2030,彰源,4862,61,87
2026-08-13,2031,新光鋼,1739,233,26
2026-08-13,2032,新鋼,2659,23,5
2026-08-13,2033,佳大,2788,-57,47
2026-08-13,2034,允強,3487,-81,48
2026-08-13,2038,海光,3545,8,0
2026-08-13,2049,上銀,3519,8,171
2026-08-13,2059,川湖,566,1,13
2026-08-13,2062,橋椿,1330,-1,1
2026-08-13,2069,運錩,432,-6,9
2026-08-13,2101,南港,21955,294,3
2026-08-13,2102,泰豐,3502,7,4
2026-08-13,2103,台橡,14497,-200,277
2026-08-13,2104,國際中橡,19434,-57,47
2026-08-13,2105,正新,9622,627,91
2026-08-13,2106,建大,2820,-8,1
2026-08-13,2107,厚生,82,-13,0
2026-08-13,2108,南帝,2333,-328,57
2026-08-13,2109,華豐,675,0,0
2026-08-13,2114,鑫永銓,6,0,0
2026-08-13,2115,六暉-KY,486,0,3
2026-08-13,2201,裕隆,9807,80,9
2026-08-13,2204,中華,1395,20,0
2026-08-13,2206,三陽工業,3845,3,0
2026-08-13,2207,和泰車,71,-4,0
2026-08-13,2208,台船,0,0,0
2026-08-13,2211,長榮鋼,630,86,0
2026-08-13,2228,劍麟,1503,-1,6
2026-08-13,2231,為升,2596,-12,0
2026-08-13,2233,宇隆,4146,-109,9
2026-08-13,2236,百達-KY,11870,-5,77
2026-08-13,2239,英利-KY,1572,-8,0
2026-08-13,2241,艾姆勒,7893,1,43
2026-08-13,2243,宏旭-KY,1304,19,9
2026-08-13,2247,汎德永業,150,-1,1
2026-08-13,2248,華勝-KY,581,-19,0
2026-08-13,2250,IKKA-KY,1166,-1,2
2026-08-13,2254,巨鎧精密-創,2512,-1,0
2026-08-13,2301,光寶科,12807,-957,0
2026-08-13,2302,麗正,3910,-187,210
2026-08-13,2303,聯電,164895,5938,2648
2026-08-13,2305,全友,6476,174,114
2026-08-13,2308,台達電,8304,-242,59
2026-08-13,2312,金寶,43427,-793,504
2026-08-13,2313,華通,30421,-775,1186
2026-08-13,2314,台揚,0,0,0
2026-08-13,2316,楠梓電,3783,-51,51
2026-08-13,2317,鴻海,51348,165,1231
2026-08-13,2321,東訊,0,0,0
2026-08-13,2323,中環,31106,777,13
2026-08-13,2324,仁寶,53714,-1405,1358
2026-08-13,2327,國巨*,37149,-2202,984
2026-08-13,2328,廣宇,16163,-93,155
2026-08-13,2329,華泰,13547,-27,290
2026-08-13,2330,台積電,27963,-641,38
2026-08-13,2331,精英,9666,-5,35
2026-08-13,2332,友訊,29046,-982,544
2026-08-13,2337,旺宏,92473,-963,3221
2026-08-13,2338,光罩,4981,-37,93
2026-08-13,2340,台亞,7521,51,53
2026-08-13,2342,茂矽,3529,88,60
2026-08-13,2344,華邦電,143169,6228,4552
2026-08-13,2345,智邦,1932,2,18
2026-08-13,2347,聯強,1287,-15,7
2026-08-13,2348,海悅,2688,31,10
2026-08-13,2349,錸德,0,0,0
2026-08-13,2351,順德,11364,66,137
2026-08-13,2352,佳世達,15280,56,16
2026-08-13,2353,宏碁,37824,-1245,2443
2026-08-13,2354,鴻準,28127,253,233
2026-08-13,2355,敬鵬,8686,-163,51
2026-08-13,2356,英業達,26593,-89,589
2026-08-13,2357,華碩,2065,74,67
2026-08-13,2359,所羅門,10615,3558,372
2026-08-13,2360,致茂,1599,-79,18
2026-08-13,2362,藍天,2725,-250,10
2026-08-13,2363,矽統,16944,90,0
2026-08-13,2364,倫飛,887,-16,4
2026-08-13,2365,昆盈,8081,-14,26
2026-08-13,2367,燿華,24206,-27,501
2026-08-13,2368,金像電,8159,37,769
2026-08-13,2369,菱生,13140,325,171
2026-08-13,2371,大同,46635,163,752
2026-08-13,2373,震旦行,46,0,0
2026-08-13,2374,佳能,15625,-122,0
2026-08-13,2375,凱美,5508,-72,623
2026-08-13,2376,技嘉,7255,-165,210
2026-08-13,2377,微星,14384,-1250,149
2026-08-13,2379,瑞昱,2560,27,44
2026-08-13,2380,虹光,0,0,0
2026-08-13,2382,廣達,18450,523,137
2026-08-13,2383,台光電,1893,-7,37
2026-08-13,2385,群光,2985,-117,2
2026-08-13,2387,精元,1293,7,1
2026-08-13,2388,威盛,9809,-266,243
2026-08-13,2390,云辰,2051,82,0
2026-08-13,2392,正崴,4501,20,22
2026-08-13,2393,億光,2548,-253,35
2026-08-13,2395,研華,1986,-50,73
2026-08-13,2397,友通,1613,-34,2
2026-08-13,2399,映泰,10838,-72,373
2026-08-13,2401,凌陽,7630,104,131
2026-08-13,2402,毅嘉,11625,-12,72
2026-08-13,2404,漢唐,2345,52,6
2026-08-13,2405,輔信,7584,3,36
2026-08-13,2406,國碩,13329,-58,356
2026-08-13,2408,南亞科,82302,-6783,2861
2026-08-13,2409,友達,225912,2193,13711
2026-08-13,2412,中華電,1915,-33,28
2026-08-13,2413,環科,4127,-23,24
2026-08-13,2414,精技,488,20,6
2026-08-13,2415,錩新,2496,10,0
2026-08-13,2417,圓剛,3309,-243,62
2026-08-13,2419,仲琦,5885,1,5
2026-08-13,2420,新巨,694,-21,0
2026-08-13,2421,建準,4086,87,50
2026-08-13,2423,固緯,618,-13,5
2026-08-13,2424,隴華,0,0,0
2026-08-13,2425,承啟,6621,9,34
2026-08-13,2426,鼎元,16533,535,439
2026-08-13,2427,三商電,5446,26,1
2026-08-13,2428,興勤,2695,518,11
2026-08-13,2429,銘旺科,318,-68,0
2026-08-13,2430,燦坤,96,-2,1
2026-08-13,2431,聯昌,1519,0,0
2026-08-13,2432,倚天酷碁-創,309,0,0
2026-08-13,2433,互盛電,24,0,0
2026-08-13,2434,統懋,422,24,5
2026-08-13,2436,偉詮電,6230,52,3615
2026-08-13,2438,翔耀,0,0,0
2026-08-13,2439,美律,3830,-30,7
2026-08-13,2440,太空梭,1631,-38,2
2026-08-13,2441,超豐,9410,15,225
2026-08-13,2442,新美齊,3872,-9,3
2026-08-13,2444,兆勁,0,0,0
2026-08-13,2449,京元電子,20217,1280,209
2026-08-13,2450,神腦,83,-1,0
2026-08-13,2451,創見,6345,-68,554
2026-08-13,2453,凌群,2340,2,11
2026-08-13,2454,聯發科,10038,29,57
2026-08-13,2455,全新,10579,-606,338
2026-08-13,2457,飛宏,11926,-105,83
2026-08-13,2458,義隆,3699,-32,16
2026-08-13,2459,敦吉,85,-22,0
2026-08-13,2460,建通,207,0,0
2026-08-13,2461,光群雷,8010,-23,5
2026-08-13,2462,良得電,2338,8,0
2026-08-13,2464,盟立,21499,-138,1129
2026-08-13,2465,麗臺,4210,385,157
2026-08-13,2466,冠西電,6096,-11,211
2026-08-13,2467,志聖,1775,-19,33
2026-08-13,2468,華經,3254,-41,1
2026-08-13,2471,資通,1278,7,2
2026-08-13,2472,立隆電,5241,322,10
2026-08-13,2474,可成,9228,-49,42
2026-08-13,2476,鉅祥,41303,706,6
2026-08-13,2477,美隆電,1242,-10,3
2026-08-13,2478,大毅,10073,1960,43
2026-08-13,2480,敦陽科,421,43,0
2026-08-13,2481,強茂,15883,2865,526
2026-08-13,2482,連宇,1900,10,0
2026-08-13,2483,百容,1964,127,21
2026-08-13,2484,希華,17008,364,181
2026-08-13,2485,兆赫,10893,-215,220
2026-08-13,2486,一詮,22366,-84,548
2026-08-13,2488,漢平,447,4,0
2026-08-13,2489,瑞軒,27881,-529,150
2026-08-13,2491,吉祥全,1611,10,5
2026-08-13,2492,華新科,15775,-496,696
2026-08-13,2493,揚博,11467,250,65
2026-08-13,2495,普安,7738,-72,39
2026-08-13,2496,卓越,34,0,0
2026-08-13,2497,怡利電,1796,-37,8
2026-08-13,2498,宏達電,28388,7,466
2026-08-13,2501,國建,4438,-12,0
2026-08-13,2504,國產,4750,94,2
2026-08-13,2505,國揚,3348,10,0
2026-08-13,2506,太設,1863,22,0
2026-08-13,2509,全坤建,584,1,1
2026-08-13,2511,太子,2449,-59,1
2026-08-13,2514,龍邦,18118,-16,1
2026-08-13,2515,中工,29575,-69,41
2026-08-13,2516,新建,0,0,0
2026-08-13,2520,冠德,2054,-7,0
2026-08-13,2524,京城,3192,-5,0
2026-08-13,2527,宏璟,5546,76,5
2026-08-13,2528,皇普,6426,-13,0
2026-08-13,2530,華建,6844,31,4
2026-08-13,2534,宏盛,11908,-23,0
2026-08-13,2535,達欣工,285,8,4
2026-08-13,2536,宏普,5741,-314,0
2026-08-13,2537,聯上發,3671,29,2
2026-08-13,2538,基泰,2492,27,0
2026-08-13,2539,櫻花建,2125,7,0
2026-08-13,2540,愛山林,3019,-2,9
2026-08-13,2542,興富發,4439,-153,216
2026-08-13,2543,皇昌,9346,-56,16
2026-08-13,2545,皇翔,2750,-14,15
2026-08-13,2546,根基,167,38,0
2026-08-13,2547,日勝生,10150,-210,0
2026-08-13,2548,華固,2209,12,54
2026-08-13,2597,潤弘,159,-1,0
2026-08-13,2601,益航,365,0,0
2026-08-13,2603,長榮,15032,115,246
2026-08-13,2605,新興,14442,263,26
2026-08-13,2606,裕民,2912,123,37
2026-08-13,2607,榮運,765,5,1
2026-08-13,2608,嘉里大榮,1131,3,1
2026-08-13,2609,陽明,32546,662,307
2026-08-13,2610,華航,49374,442,193
2026-08-13,2611,志信,2286,109,1
2026-08-13,2612,中航,1592,7,3
2026-08-13,2613,中櫃,2094,-6,0
2026-08-13,2614,東森,5393,15,0
2026-08-13,2615,萬海,15485,-38,186
2026-08-13,2616,山隆,432,-2,0
2026-08-13,2617,台航,2121,82,0
2026-08-13,2618,長榮航,30394,-1409,562
2026-08-13,2630,亞航,5299,69,25
2026-08-13,2633,台灣高鐵,1705,0,26
2026-08-13,2634,漢翔,23160,-1226,280
2026-08-13,2636,台驊控股,628,-18,0
2026-08-13,2637,慧洋-KY,2401,-38,27
2026-08-13,2642,宅配通,603,1,5
2026-08-13,2645,長榮航太,3115,98,6
2026-08-13,2646,星宇航空,3826,-35,53
2026-08-13,2701,萬企,387,11,0
2026-08-13,2702,華園,429,0,0
2026-08-13,2704,國賓,115,0,0
2026-08-13,2705,六福,553,1,0
2026-08-13,2706,第一店,656,0,0
2026-08-13,2707,晶華,159,-8,0
2026-08-13,2712,遠雄來,7,0,0
2026-08-13,2722,夏都,414,-1,0
2026-08-13,2723,美食-KY,1687,7,0
2026-08-13,2727,王品,301,-2,3
2026-08-13,2731,雄獅,848,-41,6
2026-08-13,2739,寒舍,885,-17,0
2026-08-13,2748,雲品,499,-2,0
2026-08-13,2753,八方雲集,533,7,2
2026-08-13,2762,世界健身-KY,221,6,0
2026-08-13,2801,彰銀,8386,14,33
2026-08-13,2812,台中銀,2657,-93,20
2026-08-13,2816,旺旺保,567,30,0
2026-08-13,2820,華票,506,-6,1
2026-08-13,2832,台產,551,-1,0
2026-08-13,2834,臺企銀,26265,-366,15
2026-08-13,2836,高雄銀,6752,0,2
2026-08-13,2838,聯邦銀,862,2,1
2026-08-13,2845,遠東銀,4258,107,25
2026-08-13,2849,安泰銀,251,0,0
2026-08-13,2850,新產,307,1,0
2026-08-13,2851,中再保,867,-63,48
2026-08-13,2852,第一保,1553,-14,0
2026-08-13,2855,統一證,5286,137,155
2026-08-13,2867,三商壽,1548,-318,1
2026-08-13,2880,華南金,1979,900,3
2026-08-13,2881,富邦金,6611,-417,190
2026-08-13,2882,國泰金,4244,-53,223
2026-08-13,2883,凱基金,9708,-821,89
2026-08-13,2884,玉山金,5053,-157,222
2026-08-13,2885,元大金,1801,-29,0
2026-08-13,2886,兆豐金,2256,362,17
2026-08-13,2887,台新新光金,39508,14,145
2026-08-13,2889,國票金,2850,128,3
2026-08-13,2890,永豐金,2372,-9,49
2026-08-13,2891,中信金,3365,119,57
2026-08-13,2892,第一金,2374,43,9
2026-08-13,2897,王道銀行,1662,2,4
2026-08-13,2901,欣欣,475,3,0
2026-08-13,2903,遠百,1622,51,30
2026-08-13,2904,匯僑,12,-20,0
2026-08-13,2905,三商,7895,200,3
2026-08-13,2906,高林,615,12,0
2026-08-13,2908,特力,13996,-12,0
2026-08-13,2910,統領,46,-1,0
2026-08-13,2911,麗嬰房,185,5,0
2026-08-13,2912,統一超,763,77,1
2026-08-13,2913,農林,6980,-75,2
2026-08-13,2915,潤泰全,8721,104,10
2026-08-13,2929,淘帝-KY,1973,31,0
2026-08-13,2939,永邑-KY,243,0,0
2026-08-13,3002,歐格,1856,1,16
2026-08-13,3003,健和興,2419,22,27
2026-08-13,3004,豐達科,1865,12,2
2026-08-13,3005,神基,8761,-102,44
2026-08-13,3006,晶豪科,16841,-100,695
2026-08-13,3008,大立光,2324,59,8
2026-08-13,3010,華立,1236,28,3
2026-08-13,3011,今皓,3346,9,58
2026-08-13,3013,晟銘電,8442,-69,46
2026-08-13,3014,聯陽,2680,6,22
2026-08-13,3015,全漢,2356,-17,3
2026-08-13,3016,嘉晶,8004,27,244
2026-08-13,3017,奇鋐,4313,-216,16
2026-08-13,3018,隆銘綠能,0,0,0
2026-08-13,3019,亞光,10650,-227,45
2026-08-13,3021,鴻名,618,10,0
2026-08-13,3022,威強電,5927,-294,0
2026-08-13,3023,信邦,1131,46,4
2026-08-13,3024,憶聲,10137,212,9
2026-08-13,3025,星通,1597,-21,1
2026-08-13,3026,禾伸堂,12150,1124,813
2026-08-13,3027,盛達,4595,-1,0
2026-08-13,3028,增你強,3050,-6,34
2026-08-13,3029,零壹,2988,-190,11
2026-08-13,3030,德律,10197,-66,10
2026-08-13,3031,佰鴻,5232,-2,5
2026-08-13,3032,偉訓,8443,113,9
2026-08-13,3033,威健,8990,441,1068
2026-08-13,3034,聯詠,2639,40,217
2026-08-13,3035,智原,10045,-24,345
2026-08-13,3036,文曄,11878,-85,337
2026-08-13,3037,欣興,38546,-607,583
2026-08-13,3038,全台,1545,56,0
2026-08-13,3040,遠見,10088,2,1
2026-08-13,3041,揚智,3602,18,43
2026-08-13,3042,晶技,17599,-106,230
2026-08-13,3043,科風,845,-20,0
2026-08-13,3044,健鼎,6505,-424,59
2026-08-13,3045,台灣大,1816,236,42
2026-08-13,3046,建碁,1120,-41,9
2026-08-13,3047,訊舟,6549,4,4
2026-08-13,3048,益登,6309,47,67
2026-08-13,3049,精金,0,0,0
2026-08-13,3050,鈺德,3253,56,0
2026-08-13,3051,力特,4022,-40,0
2026-08-13,3052,夆典,1712,70,0
2026-08-13,3054,立萬利,1031,-8,0
2026-08-13,3055,蔚華科,6146,364,122
2026-08-13,3056,富華新,3593,4,1
2026-08-13,3057,喬鼎,0,0,0
2026-08-13,3058,立德,0,0,0
2026-08-13,3059,華晶科,10917,-158,15
2026-08-13,3060,銘異,8419,-80,12
2026-08-13,3062,建漢,9683,48,56
2026-08-13,3090,日電貿,8230,517,138
2026-08-13,3092,鴻碩,3589,11,6
2026-08-13,3094,聯傑,2786,29,134
2026-08-13,3130,一零四,7,-2,0
2026-08-13,3135,凌航,3166,87,132
2026-08-13,3138,耀登,1978,-21,3
2026-08-13,3149,正達,22426,-150,548
2026-08-13,3150,鈺寶-創,226,0,0
2026-08-13,3164,景岳,300,0,0
2026-08-13,3167,大量,6591,-58,11
2026-08-13,3168,眾福科,38,0,0
2026-08-13,3189,景碩,22246,-274,308
2026-08-13,3209,全科,5029,-672,7
2026-08-13,3229,晟鈦,0,0,0
2026-08-13,3231,緯創,38828,-2396,1126
2026-08-13,3257,虹冠電,2464,24,48
2026-08-13,3266,昇陽,356,-9,0
2026-08-13,3296,勝德,1814,-1,2
2026-08-13,3305,昇貿,7031,143,196
2026-08-13,3308,聯德,707,0,0
2026-08-13,3311,閎暉,2870,-29,0
2026-08-13,3312,弘憶股,4771,61,50
2026-08-13,3321,同泰,0,0,0
2026-08-13,3338,泰碩,3508,28,7
2026-08-13,3346,麗清,2909,1,8
2026-08-13,3356,奇偶,1698,-124,17
2026-08-13,3376,新日興,11003,-182,17
2026-08-13,3380,明泰,5152,16,6
2026-08-13,3406,玉晶光,3581,749,123
2026-08-13,3413,京鼎,3665,-5,5
2026-08-13,3416,融程電,903,6,4
2026-08-13,3419,譁裕,1041,-1,0
2026-08-13,3432,台端,0,0,0
2026-08-13,3437,榮創,2602,-9,32
2026-08-13,3443,創意,4903,237,113
2026-08-13,3447,展達,1909,-8,28
2026-08-13,3450,聯鈞,13998,-510,350
2026-08-13,3481,群創,318087,-3619,5018
2026-08-13,3494,誠研,0,0,0
2026-08-13,3501,維熹,1171,0,0
2026-08-13,3504,揚明光,2933,-36,245
2026-08-13,3515,華擎,1706,-74,1
2026-08-13,3518,柏騰,4099,23,58
2026-08-13,3528,安馳,2164,-45,11
2026-08-13,3530,晶相光,1276,-11,0
2026-08-13,3532,台勝科,8488,275,138
2026-08-13,3533,嘉澤,1141,315,80
2026-08-13,3535,晶彩科,3899,-16,57
2026-08-13,3543,州巧,4999,-203,170
2026-08-13,3545,敦泰,4424,30,23
2026-08-13,3550,聯穎,14013,-32,22
2026-08-13,3557,嘉威,368,0,0
2026-08-13,3563,牧德,5703,15,4
2026-08-13,3576,聯合再生,0,0,0
2026-08-13,3583,辛耘,1825,-64,17
2026-08-13,3588,通嘉,1696,-9,4
2026-08-13,3591,艾笛森,27442,-49,33
2026-08-13,3592,瑞鼎,983,0,0
2026-08-13,3593,力銘,0,0,0
2026-08-13,3596,智易,1651,84,28
2026-08-13,3605,宏致,15978,-184,1003
2026-08-13,3607,谷崧,1898,30,3
2026-08-13,3617,碩天,1998,45,45
2026-08-13,3622,洋華,1727,1,2
2026-08-13,3645,達邁,5525,7,39
2026-08-13,3652,精聯,671,-55,6
2026-08-13,3653,健策,2891,44,52
2026-08-13,3661,世芯-KY,6291,-73,66
2026-08-13,3665,貿聯-KY,2591,44,16
2026-08-13,3669,圓展,808,-10,3
2026-08-13,3673,TPK-KY,13663,-148,83
2026-08-13,3679,新至陞,121,0,0
2026-08-13,3686,達能,0,0,0
2026-08-13,3694,海華,7010,-92,22
2026-08-13,3701,大眾控,5975,-25,70
2026-08-13,3702,大聯大,7379,-88,190
2026-08-13,3703,欣陸,1557,14,2
2026-08-13,3704,合勤控,8865,-21,28
2026-08-13,3705,永信,369,0,0
2026-08-13,3706,神達,28005,-710,165
2026-08-13,3708,上緯投控,3015,53,1445
2026-08-13,3711,日月光投控,12540,-777,181
2026-08-13,3712,永崴投控,2472,43,26
2026-08-13,3714,富采,23832,-407,149
2026-08-13,3715,定穎投控,20814,69,623
2026-08-13,3716,中化控股,629,5,0
2026-08-13,3717,聯嘉投控,13452,-134,893
2026-08-13,4104,佳醫,112,-1,1
2026-08-13,4106,雃博,651,4,0
2026-08-13,4108,懷特,0,0,0
2026-08-13,4119,旭富,597,-20,50
2026-08-13,4133,亞諾法,1268,-23,0
2026-08-13,4137,麗豐-KY,1086,1,0
2026-08-13,4142,國光生,6479,4,0
2026-08-13,4148,全宇生技-KY,380,-1,0
2026-08-13,4155,訊映,882,-24,0
2026-08-13,4164,承業醫,5867,-15,0
2026-08-13,4190,佐登-KY,282,-1,0
2026-08-13,4306,炎洲,4866,-28,1
2026-08-13,4414,如興,749,60,0
2026-08-13,4426,利勤,1041,-10,0
2026-08-13,4438,廣越,723,-21,0
2026-08-13,4439,冠星-KY,238,2,13
2026-08-13,4440,宜新實業,162,5,0
2026-08-13,4441,振大環球,199,-16,0
2026-08-13,4526,東台,5443,-14,91
2026-08-13,4532,瑞智,2326,-30,1
2026-08-13,4536,拓凱,659,1,0
2026-08-13,4540,全球傳動,3686,-163,286
2026-08-13,4545,銘鈺,1188,1,0
2026-08-13,4551,智伸科,3045,315,11
2026-08-13,4552,力達-KY,2439,9,12
2026-08-13,4555,氣立,2133,-108,41
2026-08-13,4557,永新-KY,435,80,0
2026-08-13,4560,強信-KY,279,0,0
2026-08-13,4562,穎漢,1810,-21,43
2026-08-13,4564,元翎,10275,-68,7
2026-08-13,4566,時碩工業,4154,-209,84
2026-08-13,4569,六方科-KY,737,1,0
2026-08-13,4571,鈞興-KY,1160,52,3
2026-08-13,4572,駐龍,328,0,1
2026-08-13,4576,大銀微系統,2915,58,57
2026-08-13,4581,光隆精密-KY,22,-3,0
2026-08-13,4583,台灣精銳,2727,-2,3
2026-08-13,4585,達明,619,9,55
2026-08-13,4588,玖鼎電力,387,-3,2
2026-08-13,4590,富田-創,184,20,0
2026-08-13,4720,德淵,3261,16,2
2026-08-13,4722,國精化,11592,-198,104
2026-08-13,4736,泰博,227,-88,2
2026-08-13,4737,華廣,1589,1,0
2026-08-13,4739,康普,7402,-40,121
2026-08-13,4746,台耀,2010,19,1
2026-08-13,4755,三福化,980,-5,0
2026-08-13,4763,材料*-KY,40936,642,64
2026-08-13,4764,雙鍵,4386,13,15
2026-08-13,4766,南寶,1083,-4,1
2026-08-13,4770,上品,906,-31,8
2026-08-13,4771,望隼,436,-51,0
2026-08-13,4807,日成-KY,1157,-8,16
2026-08-13,4904,遠傳,1428,587,5
2026-08-13,4906,正文,27934,-193,116
2026-08-13,4912,聯德控股-KY,3582,19,1
2026-08-13,4915,致伸,4502,35,54
2026-08-13,4916,事欣科,7659,-47,146
2026-08-13,4919,新唐,12852,51,1135
2026-08-13,4927,泰鼎-KY,23229,-37,465
2026-08-13,4930,燦星網,3814,0,0
2026-08-13,4934,太極,0,0,0
2026-08-13,4935,茂林-KY,615,2,0
2026-08-13,4938,和碩,5340,510,50
2026-08-13,4942,嘉彰,610,-39,0
2026-08-13,4943,康控-KY,0,0,0
2026-08-13,4949,有成精密,2929,-57,45
2026-08-13,4952,凌通,1362,14,4
2026-08-13,4956,光鋐,5123,-42,29
2026-08-13,4958,臻鼎-KY,33841,700,350
2026-08-13,4960,誠美材,16087,238,90
2026-08-13,4961,天鈺,1281,26,43
2026-08-13,4967,十銓,7099,-411,0
2026-08-13,4968,立積,5167,0,32
2026-08-13,4976,佳凌,4912,-22,300
2026-08-13,4977,眾達-KY,6356,-195,127
2026-08-13,4989,榮科,14581,-77,143
2026-08-13,4994,傳奇,1742,-1,4
2026-08-13,4999,鑫禾,403,-4,0
2026-08-13,5007,三星,7,0,0
2026-08-13,5203,訊連,1041,-22,0
2026-08-13,5215,科嘉-KY,685,1,0
2026-08-13,5222,全訊,1819,-23,9
2026-08-13,5225,東科-KY,1359,-1,43
2026-08-13,5234,達興材料,1509,9,8
2026-08-13,5236,凌陽創新,226,4,4
2026-08-13,5243,乙盛-KY,9137,-70,54
2026-08-13,5244,弘凱,2324,-9,3
2026-08-13,5258,虹堡,3699,-99,0
2026-08-13,5269,祥碩,1908,-18,358
2026-08-13,5283,禾聯碩,46,-24,0
2026-08-13,5284,jpp-KY,3697,-24,15
2026-08-13,5285,界霖,4651,-25,46
2026-08-13,5288,豐祥-KY,2624,3,0
2026-08-13,5292,華懋,877,-3,0
2026-08-13,5306,桂盟,605,6,0
2026-08-13,5388,中磊,6789,569,13
2026-08-13,5434,崇越,1004,0,1
2026-08-13,5469,瀚宇博,13340,-51,57
2026-08-13,5471,松翰,4729,244,140
2026-08-13,5484,慧友,0,0,0
2026-08-13,5515,建國,2386,91,8
2026-08-13,5519,隆大,868,34,58
2026-08-13,5521,工信,13158,-72,9
2026-08-13,5522,遠雄,1027,-41,5
2026-08-13,5525,順天,322,0,0
2026-08-13,5531,鄉林,4162,-1,41
2026-08-13,5533,皇鼎,488,1,0
2026-08-13,5534,長虹,3361,2,0
2026-08-13,5538,東明-KY,85,2,0
2026-08-13,5546,永固-KY,22,0,0
2026-08-13,5607,遠雄港,1999,21,0
2026-08-13,5608,四維航,3827,16,109
2026-08-13,5706,鳳凰,690,-1,20
2026-08-13,5871,中租-KY,4000,11,15
2026-08-13,5876,上海商銀,822,38,2
2026-08-13,5880,合庫金,2912,-35,7
2026-08-13,5906,台南-KY,21,0,0
2026-08-13,5907,大洋-KY,5482,4,0
2026-08-13,6005,群益證,6286,129,27
2026-08-13,6024,群益期,336,1,0
2026-08-13,6108,競國,1639,-60,30
2026-08-13,6112,邁達特,2773,13,4
2026-08-13,6115,鎰勝,31,0,0
2026-08-13,6116,彩晶,35489,128,10631
2026-08-13,6117,迎廣,2394,44,16
2026-08-13,6120,達運,8039,214,19
2026-08-13,6128,上福,1401,-4,0
2026-08-13,6133,金橋,2995,-43,0
2026-08-13,6136,富爾特,2813,-4,0
2026-08-13,6139,亞翔,8219,-44,34
2026-08-13,6141,柏承,34,0,0
2026-08-13,6142,友勁,0,0,0
2026-08-13,6152,百一,0,0,0
2026-08-13,6153,嘉聯益,13379,-153,154
2026-08-13,6155,鈞寶,3099,236,146
2026-08-13,6164,華興,3856,6,2
2026-08-13,6165,浪凡,13156,-52,1
2026-08-13,6166,凌華,3101,-243,78
2026-08-13,6168,宏齊,4117,-58,61
2026-08-13,6176,瑞儀,6146,-17,0
2026-08-13,6177,達麗,2578,-24,0
2026-08-13,6183,關貿,9,0,0
2026-08-13,6184,大豐電,445,0,0
2026-08-13,6189,豐藝,2260,-56,8
2026-08-13,6191,精成科,18750,-73,114
2026-08-13,6192,巨路,751,11,0
2026-08-13,6196,帆宣,1494,-99,18
2026-08-13,6197,佳必琪,5484,-25,69
2026-08-13,6201,亞弘電,38,0,0
2026-08-13,6202,盛群,4672,11,13
2026-08-13,6205,詮欣,3638,-94,6
2026-08-13,6206,飛捷,2800,-1,42
2026-08-13,6209,今國光,13125,278,66
2026-08-13,6213,聯茂,19227,-90,1383
2026-08-13,6214,精誠,1884,-45,7
2026-08-13,6215,和椿,5004,-129,116
2026-08-13,6216,居易,723,-3,0
2026-08-13,6224,聚鼎,1735,11,27
2026-08-13,6225,天瀚,0,0,0
2026-08-13,6226,光鼎,3150,26,141
2026-08-13,6230,尼得科超眾,462,-4,1
2026-08-13,6235,華孚,4379,33,15
2026-08-13,6239,力成,23059,-393,110
2026-08-13,6243,迅杰,2077,38,140
2026-08-13,6257,矽格,10992,36,135
2026-08-13,6269,台郡,9843,170,295
2026-08-13,6271,同欣電,7303,-66,41
2026-08-13,6272,驊陞,43,1,0
2026-08-13,6277,宏正,282,-21,9
2026-08-13,6278,台表科,9290,-173,64
2026-08-13,6281,全國電,21,0,0
2026-08-13,6282,康舒,23879,-794,0
2026-08-13,6283,淳安,2263,3,1
2026-08-13,6285,啟碁,14126,236,136
2026-08-13,6405,悅城,5313,4,28
2026-08-13,6409,旭隼,1160,19,0
2026-08-13,6412,群電,2821,12,4
2026-08-13,6414,樺漢,1834,-129,29
2026-08-13,6415,矽力*-KY,4366,-424,80
2026-08-13,6416,瑞祺電通,3854,21,0
2026-08-13,6426,統新,2755,-187,87
2026-08-13,6431,光麗-KY,0,0,0
2026-08-13,6438,迅得,3767,8,13
2026-08-13,6442,光聖,4473,28,25
2026-08-13,6443,元晶,7561,-6,368
2026-08-13,6446,藥華藥,8894,75,34
2026-08-13,6449,鈺邦,2085,55,17
2026-08-13,6451,訊芯-KY,8063,-168,207
2026-08-13,6456,GIS-KY,15241,80,335
2026-08-13,6464,台數科,1,0,0
2026-08-13,6472,保瑞,3486,-18,34
2026-08-13,6477,安集,3536,-55,132
2026-08-13,6491,晶碩,482,1,1
2026-08-13,6504,南六,110,-1,0
2026-08-13,6505,台塑化,12453,-255,255
2026-08-13,6515,穎崴,513,81,2
2026-08-13,6525,捷敏-KY,2515,171,20
2026-08-13,6526,達發,1283,-17,2
2026-08-13,6531,愛普*,5781,-134,53
2026-08-13,6533,晶心科,2234,-46,60
2026-08-13,6534,正瀚-創,1749,-5,0
2026-08-13,6541,泰福-KY,3694,-24,0
2026-08-13,6550,北極星藥業-KY,0,0,0
2026-08-13,6552,易華電,1082,0,6
2026-08-13,6558,興能高,2617,-17,4
2026-08-13,6573,虹揚-KY,0,0,0
2026-08-13,6579,研揚,1291,6,0
2026-08-13,6581,鋼聯,5,0,0
2026-08-13,6582,申豐,344,20,0
2026-08-13,6585,鼎基,1643,-23,29
2026-08-13,6589,台康生技,2747,-59,11
2026-08-13,6591,動力-KY,1733,2,1
2026-08-13,6592,和潤企業,729,17,1
2026-08-13,6598,ABC-KY,0,0,0
2026-08-13,6605,帝寶,2292,-122,10
2026-08-13,6606,建德工業,630,-31,0
2026-08-13,6614,資拓宏宇,70,0,0
2026-08-13,6625,必應,802,9,0
2026-08-13,6641,基士德-KY,101,0,0
2026-08-13,6645,金萬林-創,11,0,0
2026-08-13,6655,科定,2,1,0
2026-08-13,6657,華安,1292,0,0
2026-08-13,6658,聯策,1487,28,8
2026-08-13,6666,羅麗芬-KY,288,-1,0
2026-08-13,6668,中揚光,2773,3,18
2026-08-13,6669,緯穎,1418,69,25
2026-08-13,6670,復盛應用,381,-9,1
2026-08-13,6671,三能-KY,84,0,0
2026-08-13,6672,騰輝電子-KY,6086,46,43
2026-08-13,6674,鋐寶科技,242,0,3
2026-08-13,6689,伊雲谷,1255,17,2
2026-08-13,6691,洋基工程,1449,35,4
2026-08-13,6695,芯鼎,3516,-59,28
2026-08-13,6698,旭暉應材,2011,51,0
2026-08-13,6706,惠特,8420,-35,138
2026-08-13,6715,嘉基,6893,-65,34
2026-08-13,6719,力智,3638,-1,2
2026-08-13,6722,輝創,79,5,0
2026-08-13,6742,澤米,1832,1,7
2026-08-13,6743,安普新,531,32,0
2026-08-13,6753,龍德造船,5482,-44,20
2026-08-13,6754,匯僑設計,117,0,0
2026-08-13,6756,威鋒電子,588,-2,3
2026-08-13,6757,台灣虎航,3459,-89,32
2026-08-13,6768,志強-KY,1232,-3,18
2026-08-13,6770,力積電,132727,-6638,7025
2026-08-13,6771,平和環保-創,135,-1,0
2026-08-13,6776,展碁國際,647,-22,0
2026-08-13,6781,AES-KY,2508,42,8
2026-08-13,6782,視陽,373,7,0
2026-08-13,6789,采鈺,4812,-12,23
2026-08-13,6790,永豐實,585,0,0
2026-08-13,6792,詠業,269,2,7
2026-08-13,6794,向榮生技,274,-1,0
2026-08-13,6796,晉弘,582,-10,0
2026-08-13,6799,來頡,1996,4,0
2026-08-13,6805,富世達,2955,39,18
2026-08-13,6807,峰源-KY,153,0,0
2026-08-13,6830,汎銓,3879,50,55
2026-08-13,6831,邁科,793,28,37
2026-08-13,6834,天二科技,4045,416,209
2026-08-13,6835,圓裕,789,1,0
2026-08-13,6838,台新藥,2558,0,0
2026-08-13,6854,錼創科技-KY創,2431,0,10
2026-08-13,6861,睿生光電,1756,37,5
2026-08-13,6862,三集瑞-KY,871,-7,6
2026-08-13,6863,永道-KY,1144,70,3
2026-08-13,6869,雲豹能源,2818,17,3
2026-08-13,6873,泓德能源,3389,-5,23
2026-08-13,6885,全福生技,2376,14,20
2026-08-13,6887,寶綠特-KY,991,12,0
2026-08-13,6890,來億-KY,763,-6,1
2026-08-13,6901,鑽石投資,6814,-191,129
2026-08-13,6902,GOGOLOOK,604,21,0
2026-08-13,6906,現觀科,486,6,0
2026-08-13,6909,創控,1452,0,7
2026-08-13,6914,阜爾運通,362,2,0
2026-08-13,6916,華凌,383,-3,0
2026-08-13,6918,愛派司,85,-2,0
2026-08-13,6919,康霈*,0,0,0
2026-08-13,6923,中台,1724,1,0
2026-08-13,6928,攸泰科技,722,-20,10
2026-08-13,6931,青松健康,125,21,0
2026-08-13,6933,AMAX-KY,1001,-47,5
2026-08-13,6934,心誠鎂,1,1,0
2026-08-13,6936,永鴻生技,243,0,0
2026-08-13,6937,天虹,1489,19,18
2026-08-13,6944,兆聯實業,890,-7,35
2026-08-13,6949,沛爾生醫-創,5282,-32,4
2026-08-13,6951,青新-創,77,0,0
2026-08-13,6952,大武山,58,-2,0
2026-08-13,6957,裕慶-KY,1617,13,49
2026-08-13,6958,日盛台駿,120,-1,0
2026-08-13,6962,奕力-KY,8485,-6,15
2026-08-13,6965,中傑-KY,42,0,0
2026-08-13,6994,富威電力,3013,12,69
2026-08-13,7631,聚賢研發-創,288,152,0
2026-08-13,7705,三商餐飲,95,-1,0
2026-08-13,7711,永擎,1548,4,48
2026-08-13,7721,微程式,1124,-7,0
2026-08-13,7722,LINEPAY,524,-5,0
2026-08-13,7730,暉盛-創,536,23,1
2026-08-13,7732,金興精密,78,0,0
2026-08-13,7736,虎山,69,0,0
2026-08-13,7740,熙特爾-創,1931,-11,1
2026-08-13,7749,意騰-KY,1059,3,0
2026-08-13,7750,新代,624,12,1
2026-08-13,7765,中華資安,456,0,0
2026-08-13,7769,鴻勁,333,17,2
2026-08-13,7780,大研生醫*,307,-7,0
2026-08-13,7786,東方風能,319,-27,0
2026-08-13,7788,松川精密,1916,-118,25
2026-08-13,7791,皇家可口,18,-1,0
2026-08-13,7795,長廣,1714,414,4
2026-08-13,7799,禾榮科,1238,6,4
2026-08-13,7823,奧義賽博-KY創,2,2,0
2026-08-13,8011,台通,3364,2,0
2026-08-13,8016,矽創,1446,-15,9
2026-08-13,8021,尖點,10838,-231,147
2026-08-13,8028,昇陽半導體,5179,175,40
2026-08-13,8033,雷虎,6632,-215,235
2026-08-13,8039,台虹,21168,441,2164
2026-08-13,8045,達運光電,4874,11,9
2026-08-13,8046,南電,12371,1689,573
2026-08-13,8070,長華*,5391,-216,17
2026-08-13,8072,陞泰,1810,-4,0
2026-08-13,8081,致新,1639,-49,3
2026-08-13,8101,華冠,0,0,0
2026-08-13,8103,瀚荃,3369,5,1
2026-08-13,8104,錸寶,3403,-7,11
2026-08-13,8105,凌巨,8216,-50,513
2026-08-13,8110,華東,14547,287,348
2026-08-13,8112,至上,16065,-591,2777
2026-08-13,8114,振樺電,1366,-56,8
2026-08-13,8131,福懋科,4662,11,116
2026-08-13,8150,南茂,21208,-1004,353
2026-08-13,8162,微矽電子-創,1563,-4,0
2026-08-13,8163,達方,2416,27,14
2026-08-13,8201,無敵,0,0,0
2026-08-13,8210,勤誠,3115,176,20
2026-08-13,8213,志超,3651,-31,0
2026-08-13,8215,明基材,3084,-5,31
2026-08-13,8222,寶一,3102,-34,23
2026-08-13,8249,菱光,3817,10,12
2026-08-13,8261,富鼎,6847,883,41
2026-08-13,8271,宇瞻,6128,-60,643
2026-08-13,8341,日友,374,4,0
2026-08-13,8367,建新國際,12,0,0
2026-08-13,8374,羅昇,1550,70,23
2026-08-13,8404,百和興業-KY,3662,-18,0
2026-08-13,8411,福貞-KY,49,5,0
2026-08-13,8422,可寧衛*,24408,-3,146
2026-08-13,8429,金麗-KY,14371,-9,0
2026-08-13,8438,昶昕,3391,-29,0
2026-08-13,8442,威宏-KY,672,-10,20
2026-08-13,8443,阿瘦,28,0,0
2026-08-13,8454,富邦媒,1548,-7,62
2026-08-13,8462,柏文,1069,9,18
2026-08-13,8463,潤泰材,112,0,0
2026-08-13,8464,億豐,64,17,0
2026-08-13,8466,美吉吉-KY,1289,3,0
2026-08-13,8467,波力-KY,238,-1,0
2026-08-13,8473,山林水,3419,129,286
2026-08-13,8476,台境*,18271,54,123
2026-08-13,8478,東哥遊艇,989,-20,1
2026-08-13,8481,政伸,5,-5,0
2026-08-13,8482,商億-KY,161,0,0
2026-08-13,8487,愛爾達-創,39,0,0
2026-08-13,8488,吉源-KY,19,0,0
2026-08-13,8499,鼎炫-KY,591,0,0
2026-08-13,8926,台汽電,6753,42,38
2026-08-13,8940,新天地,94,1,0
2026-08-13,8996,高力,5554,194,173
2026-08-13,9802,鈺齊-KY,2161,31,10
2026-08-13,9902,台火,3213,50,1
2026-08-13,9904,寶成,26861,84,243
2026-08-13,9905,大華,26,1,0
2026-08-13,9906,欣巴巴,420,3,0
2026-08-13,9907,統一實,4079,-55,0
2026-08-13,9908,大台北,125,-1,0
2026-08-13,9910,豐泰,2057,48,1
2026-08-13,9911,櫻花,397,-25,0
2026-08-13,9912,偉聯,0,0,0
2026-08-13,9914,美利達,2317,112,57
2026-08-13,9917,中保科,80,0,0
2026-08-13,9918,欣天然,48,0,0
2026-08-13,9919,康那香,8149,-5,1
2026-08-13,9921,巨大,1469,57,177
2026-08-13,9924,福興,740,0,0
2026-08-13,9925,新保,2,0,0
2026-08-13,9926,新海,9,0,0
2026-08-13,9927,泰銘,67,0,0
2026-08-13,9928,中視,493,-6,0
2026-08-13,9929,秋雨,0,0,0
2026-08-13,9930,中聯資源,19,0,0
2026-08-13,9931,欣高,65,0,0
2026-08-13,9933,中鼎,4448,48,30
2026-08-13,9934,成霖,5920,130,8
2026-08-13,9935,慶豐富,1378,-8,0
2026-08-13,9937,全國,135,0,0
2026-08-13,9938,百和,3239,76,58
2026-08-13,9939,宏全,1244,-29,0
2026-08-13,9940,信義,1236,10,0
2026-08-13,9941,裕融,981,9,3
2026-08-13,9942,茂順,22,-1,0
2026-08-13,9943,好樂迪,84,0,0
2026-08-13,9944,新麗,5534,5,0
2026-08-13,9945,潤泰新,20099,427,21
2026-08-13,9946,三發地產,1079,-20,0
2026-08-13,9955,佳龍,1075,-14,46
2026-08-13,9958,世紀鋼,8149,135,57
2026-08-14,1101,台泥,32187,-2209,55
2026-08-14,1102,亞泥,1594,-526,29
2026-08-14,1103,嘉泥,4435,32,0
2026-08-14,1104,環泥,1704,14,0
2026-08-14,1108,幸福,435,0,44
2026-08-14,1109,信大,271,1,0
2026-08-14,1110,東泥,2534,38,0
2026-08-14,1201,味全,1418,9,0
2026-08-14,1203,味王,22,0,0
2026-08-14,1210,大成,611,10,1
2026-08-14,1213,大飲,0,0,0
2026-08-14,1215,卜蜂,436,6,0
2026-08-14,1216,統一,987,7,2
2026-08-14,1217,愛之味,1633,-8,5
2026-08-14,1218,泰山,1604,37,17
2026-08-14,1219,福壽,214,10,1
2026-08-14,1220,台榮,797,0,18
2026-08-14,1225,福懋油,6783,0,0
2026-08-14,1227,佳格,1066,42,1
2026-08-14,1229,聯華,3085,46,16
2026-08-14,1231,聯華食,264,3,1
2026-08-14,1232,大統益,203,-3,0
2026-08-14,1233,天仁,22,0,0
2026-08-14,1234,黑松,10,-1,0
2026-08-14,1235,興泰,1159,2,0
2026-08-14,1236,宏亞,163,0,0
2026-08-14,1256,鮮活果汁-KY,317,5,1
2026-08-14,1301,台塑,19568,-1874,474
2026-08-14,1303,南亞,54861,1915,3147
2026-08-14,1304,台聚,10116,38,71
2026-08-14,1305,華夏,6188,74,24
2026-08-14,1307,三芳,1431,-10,0
2026-08-14,1308,亞聚,6010,107,10
2026-08-14,1309,台達化,7160,17,71
2026-08-14,1310,台苯,11502,-102,88
2026-08-14,1312,國喬,38114,281,153
2026-08-14,1313,聯成,10974,-72,15
2026-08-14,1314,中石化,66858,-491,33
2026-08-14,1315,達新,30,3,0
2026-08-14,1316,上曜,9762,-1,159
2026-08-14,1319,東陽,6885,-8,10
2026-08-14,1321,大洋,7245,7,1
2026-08-14,1323,永裕,81,-1,0
2026-08-14,1324,地球,1264,1,0
2026-08-14,1325,恆大,2247,-6,77
2026-08-14,1326,台化,31243,-226,207
2026-08-14,1337,再生-KY,21520,16,0
2026-08-14,1338,廣華-KY,3998,45,0
2026-08-14,1339,昭輝,912,-4,0
2026-08-14,1340,勝悅-KY,1018,0,0
2026-08-14,1342,八貫,537,-2,3
2026-08-14,1402,遠東新,8061,-62,59
2026-08-14,1409,新纖,22624,-503,106
2026-08-14,1410,南染,241,-1,0
2026-08-14,1413,宏洲,0,0,0
2026-08-14,1414,東和,1324,16,0
2026-08-14,1416,廣豐,5512,-87,49
2026-08-14,1417,嘉裕,1982,0,0
2026-08-14,1418,東華,772,-6,0
2026-08-14,1419,新紡,1283,6,0
2026-08-14,1423,利華,86,0,0
2026-08-14,1432,大魯閣,124,0,0
2026-08-14,1434,福懋,6953,70,0
2026-08-14,1435,中福,0,0,0
2026-08-14,1436,華友聯,995,10,2
2026-08-14,1437,勤益控,3263,-41,0
2026-08-14,1438,三地開發,137,0,0
2026-08-14,1439,雋揚,1018,0,0
2026-08-14,1440,南紡,5755,-60,5
2026-08-14,1441,大東,0,0,0
2026-08-14,1442,名軒,2632,-18,9
2026-08-14,1443,立益物流,8,0,0
2026-08-14,1444,力麗,546,-10,0
2026-08-14,1445,大宇,1369,0,15
2026-08-14,1446,宏和,1479,24,0
2026-08-14,1447,力鵬,708,0,0
2026-08-14,1449,佳和,3080,-14,5
2026-08-14,1451,年興,574,-1,0
2026-08-14,1452,宏益,108,0,0
2026-08-14,1453,大將,848,6,1
2026-08-14,1454,台富,2170,-4,0
2026-08-14,1455,集盛,3320,55,0
2026-08-14,1456,怡華,781,-5,0
2026-08-14,1457,宜進,661,-20,1
2026-08-14,1459,聯發,290,0,0
2026-08-14,1460,宏遠,0,0,0
2026-08-14,1463,強盛新,471,-70,0
2026-08-14,1464,得力,2006,20,0
2026-08-14,1465,偉全,3153,36,0
2026-08-14,1466,聚隆,3172,-118,12
2026-08-14,1467,南緯,6973,-65,2
2026-08-14,1468,昶和,0,0,0
2026-08-14,1470,大統新創,4,0,0
2026-08-14,1471,首利,0,0,0
2026-08-14,1472,三洋實業,3882,0,3
2026-08-14,1473,台南,826,64,2
2026-08-14,1474,弘裕,3327,-4,0
2026-08-14,1475,業旺,461,-3,0
2026-08-14,1476,儒鴻,1248,66,15
2026-08-14,1477,聚陽,1345,101,0
2026-08-14,1503,士電,2928,-11,28
2026-08-14,1504,東元,27333,-773,77
2026-08-14,1506,正道,0,0,0
2026-08-14,1512,瑞利,0,0,0
2026-08-14,1513,中興電,6809,-56,45
2026-08-14,1514,亞力,6161,1,62
2026-08-14,1515,力山,2659,330,32
2026-08-14,1516,川飛,2,0,0
2026-08-14,1517,利奇,2020,-5,9
2026-08-14,1519,華城,2841,-2,9
2026-08-14,1521,大億,448,0,0
2026-08-14,1522,堤維西,3637,15,5
2026-08-14,1524,耿鼎,3801,-5,3
2026-08-14,1525,江申,229,0,0
2026-08-14,1526,日馳,785,-11,28
2026-08-14,1527,鑽全,513,-4,0
2026-08-14,1528,恩德,5663,-8,35
2026-08-14,1529,樂事綠能,2732,-28,651
2026-08-14,1530,亞崴,261,-4,0
2026-08-14,1531,高林股,1722,-12,4
2026-08-14,1532,勤美,2884,-4,0
2026-08-14,1533,車王電,554,0,2
2026-08-14,1535,中宇,54,0,0
2026-08-14,1536,和大,7124,-498,153
2026-08-14,1537,廣隆,64,2,0
2026-08-14,1538,正峰,0,0,0
2026-08-14,1539,巨庭,1218,4,0
2026-08-14,1540,喬福,1495,-6,1
2026-08-14,1541,錩泰,103,0,0
2026-08-14,1558,伸興,214,-2,0
2026-08-14,1560,中砂,1380,-305,131
2026-08-14,1563,巧新,5160,-55,2
2026-08-14,1568,倉佑,2161,15,2
2026-08-14,1582,信錦,3625,3,3
2026-08-14,1583,程泰,68,0,0
2026-08-14,1587,吉茂,1639,-6,26
2026-08-14,1589,永冠-KY,647,0,0
2026-08-14,1590,亞德客-KY,193,3,0
2026-08-14,1597,直得,2832,-13,0
2026-08-14,1598,岱宇,2192,46,0
2026-08-14,1603,華電,2017,20,1
2026-08-14,1604,聲寶,195,-6,0
2026-08-14,1605,華新,40476,-72,1324
2026-08-14,1608,華榮,7292,-87,126
2026-08-14,1609,大亞,11980,-43,21
2026-08-14,1611,中電,3160,-55,2
2026-08-14,1612,宏泰,1917,-38,2
2026-08-14,1614,三洋電,302,2,0
2026-08-14,1615,大山,166,1,0
2026-08-14,1616,億泰,2632,-30,3
2026-08-14,1617,榮星,1585,-11,7
2026-08-14,1618,合機,3226,-80,0
2026-08-14,1623,大東電,73,19,0
2026-08-14,1626,艾美特-KY,1635,15,0
2026-08-14,1702,南僑,297,4,0
2026-08-14,1707,葡萄王,345,1,20
2026-08-14,1708,東鹼,5906,-32,58
2026-08-14,1709,和益,25950,693,93
2026-08-14,1710,東聯,11220,-619,63
2026-08-14,1711,永光,14698,70,181
2026-08-14,1712,興農,466,12,0
2026-08-14,1713,國化,2915,9,0
2026-08-14,1714,和桐,15452,-347,0
2026-08-14,1717,長興,15805,-791,519
2026-08-14,1718,中纖,20884,1068,173
2026-08-14,1720,生達,297,-5,0
2026-08-14,1721,三晃,126,0,0
2026-08-14,1722,台肥,2779,19,1
2026-08-14,1723,中碳,600,14,0
2026-08-14,1725,元禎,263,0,0
2026-08-14,1726,永記,24,-1,0
2026-08-14,1727,中華化,6068,-141,51
2026-08-14,1730,花仙子,5,0,0
2026-08-14,1731,美吾華,272,-28,0
2026-08-14,1732,毛寶,771,6,29
2026-08-14,1733,五鼎,2454,-11,6
2026-08-14,1734,杏輝,293,-3,0
2026-08-14,1735,日勝化,697,1,0
2026-08-14,1736,喬山,1711,-140,16
2026-08-14,1737,臺鹽,22,0,0
2026-08-14,1752,南光,326,-3,0
2026-08-14,1760,寶齡富錦,1014,-1,0
2026-08-14,1762,中化生,809,3,3
2026-08-14,1773,勝一,1102,3,1
2026-08-14,1776,展宇,658,-92,1
2026-08-14,1783,和康生,526,-21,0
2026-08-14,1786,科妍,4978,13,0
2026-08-14,1789,神隆,3264,-23,7
2026-08-14,1795,美時,8501,31,8
2026-08-14,1802,台玻,34332,-256,1115
2026-08-14,1805,寶徠,1486,0,0
2026-08-14,1806,冠軍,2745,-81,0
2026-08-14,1808,潤隆,5849,-42,1
2026-08-14,1809,中釉,5460,7,65
2026-08-14,1810,和成,22017,933,202
2026-08-14,1817,凱撒衛,20,-1,0
2026-08-14,1903,士紙,2420,3,0
2026-08-14,1904,正隆,4658,111,23
2026-08-14,1905,華紙,13121,253,35
2026-08-14,1906,寶隆,7286,-10,7
2026-08-14,1907,永豐餘,24141,64,3
2026-08-14,1909,榮成,10101,383,9
2026-08-14,2002,中鋼,43469,681,103
2026-08-14,2006,東和鋼鐵,1169,-12,18
2026-08-14,2007,燁興,5,0,0
2026-08-14,2008,高興昌,92,0,0
2026-08-14,2009,第一銅,6588,-205,43
2026-08-14,2010,春源,2140,-19,0
2026-08-14,2012,春雨,197,1,0
2026-08-14,2013,中鋼構,1411,-1,0
2026-08-14,2014,中鴻,1079,-2,0
2026-08-14,2015,豐興,41,1,0
2026-08-14,2017,官田鋼,8132,37,0
2026-08-14,2020,美亞,711,-3,0
2026-08-14,2022,聚亨,2184,39,0
2026-08-14,2023,燁輝,2777,-15,52
2026-08-14,2024,志聯,67,0,0
2026-08-14,2025,千興,0,0,0
2026-08-14,2027,大成鋼,25441,823,513
2026-08-14,2028,威致,1173,0,0
2026-08-14,2029,盛餘,424,-24,0
2026-08-14,2030,彰源,4867,5,70
2026-08-14,2031,新光鋼,2012,273,7
2026-08-14,2032,新鋼,2643,-16,3
2026-08-14,2033,佳大,2999,211,59
2026-08-14,2034,允強,3434,-53,44
2026-08-14,2038,海光,3522,-23,0
2026-08-14,2049,上銀,3606,87,124
2026-08-14,2059,川湖,585,19,10
2026-08-14,2062,橋椿,1330,0,1
2026-08-14,2069,運錩,424,-8,9
2026-08-14,2101,南港,21090,-865,8
2026-08-14,2102,泰豐,3525,23,4
2026-08-14,2103,台橡,13771,-726,189
2026-08-14,2104,國際中橡,19621,187,54
2026-08-14,2105,正新,9827,205,24
2026-08-14,2106,建大,2878,58,1
2026-08-14,2107,厚生,78,-4,0
2026-08-14,2108,南帝,2227,-106,47
2026-08-14,2109,華豐,681,6,0
2026-08-14,2114,鑫永銓,6,0,0
2026-08-14,2115,六暉-KY,483,-3,3
2026-08-14,2201,裕隆,9693,-114,8
2026-08-14,2204,中華,1375,-20,0
2026-08-14,2206,三陽工業,3848,3,0
2026-08-14,2207,和泰車,72,1,0
2026-08-14,2208,台船,0,0,0
2026-08-14,2211,長榮鋼,599,-31,0
2026-08-14,2228,劍麟,1533,30,6
2026-08-14,2231,為升,2641,45,0
2026-08-14,2233,宇隆,4089,-57,10
2026-08-14,2236,百達-KY,11376,-494,90
2026-08-14,2239,英利-KY,1596,24,0
2026-08-14,2241,艾姆勒,7910,17,46
2026-08-14,2243,宏旭-KY,1294,-10,9
2026-08-14,2247,汎德永業,121,-29,1
2026-08-14,2248,華勝-KY,576,-5,0
2026-08-14,2250,IKKA-KY,1160,-6,2
2026-08-14,2254,巨鎧精密-創,2511,-1,0
2026-08-14,2301,光寶科,12591,-216,0
2026-08-14,2302,麗正,3836,-74,180
2026-08-14,2303,聯電,163816,-1079,2277
2026-08-14,2305,全友,6446,-30,92
2026-08-14,2308,台達電,7920,-384,63
2026-08-14,2312,金寶,43409,-18,513
2026-08-14,2313,華通,30235,-186,1300
2026-08-14,2314,台揚,0,0,0
2026-08-14,2316,楠梓電,3770,-13,48
2026-08-14,2317,鴻海,51051,-297,704
2026-08-14,2321,東訊,0,0,0
2026-08-14,2323,中環,31078,-28,37
2026-08-14,2324,仁寶,59037,5323,2235
2026-08-14,2327,國巨*,37862,713,509
2026-08-14,2328,廣宇,16199,36,149
2026-08-14,2329,華泰,13725,178,297
2026-08-14,2330,台積電,28060,97,36
2026-08-14,2331,精英,10400,734,71
2026-08-14,2332,友訊,28563,-483,544
2026-08-14,2337,旺宏,91671,-802,3348
2026-08-14,2338,光罩,4984,3,84
2026-08-14,2340,台亞,7732,211,48
2026-08-14,2342,茂矽,3513,-16,56
2026-08-14,2344,華邦電,134830,-8339,4824
2026-08-14,2345,智邦,1817,-115,17
2026-08-14,2347,聯強,1258,-29,8
2026-08-14,2348,海悅,2695,7,10
2026-08-14,2349,錸德,0,0,0
2026-08-14,2351,順德,11327,-37,135
2026-08-14,2352,佳世達,15682,403,47
2026-08-14,2353,宏碁,37221,-603,2478
2026-08-14,2354,鴻準,28127,0,203
2026-08-14,2355,敬鵬,8657,-29,46
2026-08-14,2356,英業達,26658,65,526
2026-08-14,2357,華碩,1788,-277,78
2026-08-14,2359,所羅門,9041,-1574,445
2026-08-14,2360,致茂,1510,-89,34
2026-08-14,2362,藍天,2812,87,13
2026-08-14,2363,矽統,16814,-130,0
2026-08-14,2364,倫飛,893,6,7
2026-08-14,2365,昆盈,8420,339,30
2026-08-14,2367,燿華,23929,-277,588
2026-08-14,2368,金像電,7836,-323,682
2026-08-14,2369,菱生,12857,-283,400
2026-08-14,2371,大同,46510,-124,745
2026-08-14,2373,震旦行,46,0,0
2026-08-14,2374,佳能,15544,-81,0
2026-08-14,2375,凱美,5794,286,585
2026-08-14,2376,技嘉,6716,-539,414
2026-08-14,2377,微星,14911,527,4
2026-08-14,2379,瑞昱,2547,-13,96
2026-08-14,2380,虹光,0,0,0
2026-08-14,2382,廣達,17638,-812,60
2026-08-14,2383,台光電,1822,-71,40
2026-08-14,2385,群光,2824,-161,5
2026-08-14,2387,精元,1272,-21,0
2026-08-14,2388,威盛,9916,107,257
2026-08-14,2390,云辰,2075,24,0
2026-08-14,2392,正崴,4521,20,129
2026-08-14,2393,億光,2656,108,35
2026-08-14,2395,研華,1744,-242,50
2026-08-14,2397,友通,1651,38,3
2026-08-14,2399,映泰,10510,-328,320
2026-08-14,2401,凌陽,7573,-57,96
2026-08-14,2402,毅嘉,11541,-84,73
2026-08-14,2404,漢唐,2333,-12,7
2026-08-14,2405,輔信,7754,170,36
2026-08-14,2406,國碩,12637,-692,471
2026-08-14,2408,南亞科,83699,1397,2650
2026-08-14,2409,友達,227749,1837,14146
2026-08-14,2412,中華電,1979,64,27
2026-08-14,2413,環科,4177,50,15
2026-08-14,2414,精技,465,-23,5
2026-08-14,2415,錩新,2500,4,0
2026-08-14,2417,圓剛,3236,-73,36
2026-08-14,2419,仲琦,5883,-2,5
2026-08-14,2420,新巨,607,-87,0
2026-08-14,2421,建準,4066,-20,56
2026-08-14,2423,固緯,614,-4,5
2026-08-14,2424,隴華,0,0,0
2026-08-14,2425,承啟,6506,-115,49
2026-08-14,2426,鼎元,16613,80,420
2026-08-14,2427,三商電,5408,-38,47
2026-08-14,2428,興勤,2756,61,12
2026-08-14,2429,銘旺科,318,0,0
2026-08-14,2430,燦坤,96,0,1
2026-08-14,2431,聯昌,1519,0,0
2026-08-14,2432,倚天酷碁-創,308,-1,0
2026-08-14,2433,互盛電,24,0,0
2026-08-14,2434,統懋,406,-16,9
2026-08-14,2436,偉詮電,6179,-51,2765
2026-08-14,2438,翔耀,0,0,0
2026-08-14,2439,美律,3826,-4,7
2026-08-14,2440,太空梭,1593,-38,6
2026-08-14,2441,超豐,7466,-1944,93
2026-08-14,2442,新美齊,3936,64,1
2026-08-14,2444,兆勁,0,0,0
2026-08-14,2449,京元電子,20485,268,238
2026-08-14,2450,神腦,83,0,0
2026-08-14,2451,創見,6443,98,534
2026-08-14,2453,凌群,2324,-16,1
2026-08-14,2454,聯發科,9741,-297,67
2026-08-14,2455,全新,10657,78,358
2026-08-14,2457,飛宏,11950,24,83
2026-08-14,2458,義隆,3615,-84,16
2026-08-14,2459,敦吉,83,-2,0
2026-08-14,2460,建通,207,0,0
2026-08-14,2461,光群雷,7992,-18,4
2026-08-14,2462,良得電,2336,-2,0
2026-08-14,2464,盟立,20571,-928,1081
2026-08-14,2465,麗臺,3977,-233,76
2026-08-14,2466,冠西電,6134,38,244
2026-08-14,2467,志聖,1768,-7,35
2026-08-14,2468,華經,3313,59,1
2026-08-14,2471,資通,1275,-3,2
2026-08-14,2472,立隆電,5116,-125,0
2026-08-14,2474,可成,9039,-189,10
2026-08-14,2476,鉅祥,41640,337,12
2026-08-14,2477,美隆電,1251,9,3
2026-08-14,2478,大毅,9555,-518,47
2026-08-14,2480,敦陽科,448,27,0
2026-08-14,2481,強茂,15552,-331,597
2026-08-14,2482,連宇,1908,8,0
2026-08-14,2483,百容,1899,-65,20
2026-08-14,2484,希華,16603,-405,327
2026-08-14,2485,兆赫,10614,-279,215
2026-08-14,2486,一詮,22078,-288,537
2026-08-14,2488,漢平,447,0,0
2026-08-14,2489,瑞軒,27862,-19,188
2026-08-14,2491,吉祥全,1598,-13,5
2026-08-14,2492,華新科,16123,348,588
2026-08-14,2493,揚博,10751,-716,299
2026-08-14,2495,普安,7694,-44,37
2026-08-14,2496,卓越,34,0,0
2026-08-14,2497,怡利電,1775,-21,3
2026-08-14,2498,宏達電,28340,-48,419
2026-08-14,2501,國建,4496,58,0
2026-08-14,2504,國產,4881,131,5
2026-08-14,2505,國揚,3368,20,0
2026-08-14,2506,太設,1854,-9,0
2026-08-14,2509,全坤建,582,-2,1
2026-08-14,2511,太子,2462,13,1
2026-08-14,2514,龍邦,18126,8,1
2026-08-14,2515,中工,29643,68,39
2026-08-14,2516,新建,0,0,0
2026-08-14,2520,冠德,2047,-7,0
2026-08-14,2524,京城,3191,-1,0
2026-08-14,2527,宏璟,4969,-577,4
2026-08-14,2528,皇普,6436,10,0
2026-08-14,2530,華建,6843,-1,4
2026-08-14,2534,宏盛,11903,-5,0
2026-08-14,2535,達欣工,278,-7,3
2026-08-14,2536,宏普,5389,-352,0
2026-08-14,2537,聯上發,3717,46,2
2026-08-14,2538,基泰,2511,19,1
2026-08-14,2539,櫻花建,2116,-9,0
2026-08-14,2540,愛山林,2984,-35,2
2026-08-14,2542,興富發,4437,-2,188
2026-08-14,2543,皇昌,9290,-56,16
2026-08-14,2545,皇翔,2758,8,1
2026-08-14,2546,根基,167,0,0
2026-08-14,2547,日勝生,10087,-63,0
2026-08-14,2548,華固,2202,-7,54
2026-08-14,2597,潤弘,158,-1,0
2026-08-14,2601,益航,365,0,0
2026-08-14,2603,長榮,14153,-879,260
2026-08-14,2605,新興,12327,-2115,28
2026-08-14,2606,裕民,2924,12,31
2026-08-14,2607,榮運,769,4,1
2026-08-14,2608,嘉里大榮,1131,0,1
2026-08-14,2609,陽明,32162,-384,306
2026-08-14,2610,華航,49263,-111,193
2026-08-14,2611,志信,2037,-249,3
2026-08-14,2612,中航,1597,5,3
2026-08-14,2613,中櫃,2082,-12,0
2026-08-14,2614,東森,5402,9,1
2026-08-14,2615,萬海,13678,-1807,242
2026-08-14,2616,山隆,430,-2,0
2026-08-14,2617,台航,2145,24,0
2026-08-14,2618,長榮航,26329,-4065,599
2026-08-14,2630,亞航,5195,-104,33
2026-08-14,2633,台灣高鐵,1703,-2,26
2026-08-14,2634,漢翔,23362,202,671
2026-08-14,2636,台驊控股,636,8,0
2026-08-14,2637,慧洋-KY,2204,-197,35
2026-08-14,2642,宅配通,603,0,5
2026-08-14,2645,長榮航太,4880,1765,13
2026-08-14,2646,星宇航空,3795,-31,55
2026-08-14,2701,萬企,383,-4,0
2026-08-14,2702,華園,429,0,0
2026-08-14,2704,國賓,115,0,0
2026-08-14,2705,六福,541,-12,0
2026-08-14,2706,第一店,656,0,0
2026-08-14,2707,晶華,159,0,0
2026-08-14,2712,遠雄來,7,0,0
2026-08-14,2722,夏都,420,6,0
2026-08-14,2723,美食-KY,1699,12,0
2026-08-14,2727,王品,304,3,3
2026-08-14,2731,雄獅,847,-1,6
2026-08-14,2739,寒舍,861,-24,0
2026-08-14,2748,雲品,499,0,0
2026-08-14,2753,八方雲集,535,2,2
2026-08-14,2762,世界健身-KY,225,4,0
2026-08-14,2801,彰銀,8401,15,42
2026-08-14,2812,台中銀,2681,24,20
2026-08-14,2816,旺旺保,563,-4,0
2026-08-14,2820,華票,496,-10,1
2026-08-14,2832,台產,554,3,0
2026-08-14,2834,臺企銀,26426,161,28
2026-08-14,2836,高雄銀,6772,20,2
2026-08-14,2838,聯邦銀,863,1,1
2026-08-14,2845,遠東銀,4182,-76,25
2026-08-14,2849,安泰銀,256,5,0
2026-08-14,2850,新產,301,-6,0
2026-08-14,2851,中再保,701,-166,84
2026-08-14,2852,第一保,1594,41,0
2026-08-14,2855,統一證,5139,-147,166
2026-08-14,2867,三商壽,1501,-47,0
2026-08-14,2880,華南金,2496,517,838
2026-08-14,2881,富邦金,6447,-164,197
2026-08-14,2882,國泰金,3993,-251,238
2026-08-14,2883,凱基金,8840,-868,1037
2026-08-14,2884,玉山金,5004,-49,653
2026-08-14,2885,元大金,1663,-138,0
2026-08-14,2886,兆豐金,2132,-124,259
2026-08-14,2887,台新新光金,39425,-83,752
2026-08-14,2889,國票金,2715,-135,4
2026-08-14,2890,永豐金,2263,-109,432
2026-08-14,2891,中信金,3448,83,106
2026-08-14,2892,第一金,2292,-82,817
2026-08-14,2897,王道銀行,1891,229,4
2026-08-14,2901,欣欣,475,0,0
2026-08-14,2903,遠百,1631,9,30
2026-08-14,2904,匯僑,12,0,0
2026-08-14,2905,三商,8029,134,4
2026-08-14,2906,高林,615,0,0
2026-08-14,2908,特力,13979,-17,0
2026-08-14,2910,統領,46,0,0
2026-08-14,2911,麗嬰房,177,-8,0
2026-08-14,2912,統一超,806,43,1
2026-08-14,2913,農林,6934,-46,1
2026-08-14,2915,潤泰全,9572,851,16
2026-08-14,2929,淘帝-KY,2047,74,0
2026-08-14,2939,永邑-KY,243,0,0
2026-08-14,3002,歐格,1853,-3,16
2026-08-14,3003,健和興,2284,-135,23
2026-08-14,3004,豐達科,1889,24,3
2026-08-14,3005,神基,8742,-19,46
2026-08-14,3006,晶豪科,16771,-70,669
2026-08-14,3008,大立光,2317,-7,10
2026-08-14,3010,華立,1250,14,5
2026-08-14,3011,今皓,3320,-26,54
2026-08-14,3013,晟銘電,8436,-6,44
2026-08-14,3014,聯陽,2709,29,25
2026-08-14,3015,全漢,2352,-4,3
2026-08-14,3016,嘉晶,7867,-137,236
2026-08-14,3017,奇鋐,4224,-89,0
2026-08-14,3018,隆銘綠能,0,0,0
2026-08-14,3019,亞光,10659,9,37
2026-08-14,3021,鴻名,621,3,0
2026-08-14,3022,威強電,5964,37,0
2026-08-14,3023,信邦,1114,-17,4
2026-08-14,3024,憶聲,10222,85,11
2026-08-14,3025,星通,1591,-6,1
2026-08-14,3026,禾伸堂,11596,-554,364
2026-08-14,3027,盛達,4605,10,0
2026-08-14,3028,增你強,3032,-18,45
2026-08-14,3029,零壹,2905,-83,11
2026-08-14,3030,德律,10231,34,8
2026-08-14,3031,佰鴻,5178,-54,4
2026-08-14,3032,偉訓,8373,-70,10
2026-08-14,3033,威健,8823,-167,819
2026-08-14,3034,聯詠,2722,83,277
2026-08-14,3035,智原,10132,87,353
2026-08-14,3036,文曄,11546,-332,333
2026-08-14,3037,欣興,38882,336,712
2026-08-14,3038,全台,1597,52,0
2026-08-14,3040,遠見,10094,6,1
2026-08-14,3041,揚智,3508,-94,50
2026-08-14,3042,晶技,17950,351,241
2026-08-14,3043,科風,856,11,0
2026-08-14,3044,健鼎,6378,-127,70
2026-08-14,3045,台灣大,1979,163,21
2026-08-14,3046,建碁,1134,14,10
2026-08-14,3047,訊舟,6522,-27,4
2026-08-14,3048,益登,6343,34,85
2026-08-14,3049,精金,0,0,0
2026-08-14,3050,鈺德,3276,23,0
2026-08-14,3051,力特,4031,9,0
2026-08-14,3052,夆典,1796,84,0
2026-08-14,3054,立萬利,1024,-7,0
2026-08-14,3055,蔚華科,6135,-11,39
2026-08-14,3056,富華新,3552,-41,2
2026-08-14,3057,喬鼎,0,0,0
2026-08-14,3058,立德,0,0,0
2026-08-14,3059,華晶科,10864,-53,16
2026-08-14,3060,銘異,8384,-35,12
2026-08-14,3062,建漢,9667,-16,56
2026-08-14,3090,日電貿,8150,-80,94
2026-08-14,3092,鴻碩,3591,2,5
2026-08-14,3094,聯傑,2935,149,138
2026-08-14,3130,一零四,6,-1,0
2026-08-14,3135,凌航,3164,-2,128
2026-08-14,3138,耀登,1977,-1,3
2026-08-14,3149,正達,22553,127,146
2026-08-14,3150,鈺寶-創,225,-1,0
2026-08-14,3164,景岳,303,3,0
2026-08-14,3167,大量,6459,-132,10
2026-08-14,3168,眾福科,37,-1,0
2026-08-14,3189,景碩,22221,-25,306
2026-08-14,3209,全科,4783,-246,10
2026-08-14,3229,晟鈦,0,0,0
2026-08-14,3231,緯創,38027,-801,1109
2026-08-14,3257,虹冠電,2466,2,48
2026-08-14,3266,昇陽,350,-6,0
2026-08-14,3296,勝德,1815,1,2
2026-08-14,3305,昇貿,7077,46,310
2026-08-14,3308,聯德,707,0,0
2026-08-14,3311,閎暉,2903,33,0
2026-08-14,3312,弘憶股,4910,139,48
2026-08-14,3321,同泰,0,0,0
2026-08-14,3338,泰碩,3501,-7,7
2026-08-14,3346,麗清,2904,-5,12
2026-08-14,3356,奇偶,1664,-34,10
2026-08-14,3376,新日興,10983,-20,20
2026-08-14,3380,明泰,5183,31,6
2026-08-14,3406,玉晶光,3606,25,110
2026-08-14,3413,京鼎,3736,71,6
2026-08-14,3416,融程電,895,-8,4
2026-08-14,3419,譁裕,1040,-1,0
2026-08-14,3432,台端,0,0,0
2026-08-14,3437,榮創,2623,21,33
2026-08-14,3443,創意,4856,-47,102
2026-08-14,3447,展達,1904,-5,27
2026-08-14,3450,聯鈞,13736,-262,341
2026-08-14,3481,群創,316775,-1312,5241
2026-08-14,3494,誠研,0,0,0
2026-08-14,3501,維熹,1169,-2,0
2026-08-14,3504,揚明光,2963,30,251
2026-08-14,3515,華擎,1716,10,3
2026-08-14,3518,柏騰,4106,7,61
2026-08-14,3528,安馳,2151,-13,11
2026-08-14,3530,晶相光,1277,1,0
2026-08-14,3532,台勝科,8070,-418,193
2026-08-14,3533,嘉澤,1381,240,0
2026-08-14,3535,晶彩科,3889,-10,58
2026-08-14,3543,州巧,4939,-60,174
2026-08-14,3545,敦泰,4451,27,14
2026-08-14,3550,聯穎,14001,-12,23
2026-08-14,3557,嘉威,369,1,0
2026-08-14,3563,牧德,5745,42,3
2026-08-14,3576,聯合再生,0,0,0
2026-08-14,3583,辛耘,1853,28,13
2026-08-14,3588,通嘉,1715,19,5
2026-08-14,3591,艾笛森,27414,-28,33
2026-08-14,3592,瑞鼎,989,6,0
2026-08-14,3593,力銘,0,0,0
2026-08-14,3596,智易,1678,27,7
2026-08-14,3605,宏致,16420,442,1132
2026-08-14,3607,谷崧,1972,74,3
2026-08-14,3617,碩天,1959,-39,63
2026-08-14,3622,洋華,1665,-62,18
2026-08-14,3645,達邁,5540,15,41
2026-08-14,3652,精聯,680,9,4
2026-08-14,3653,健策,3133,242,55
2026-08-14,3661,世芯-KY,6216,-75,59
2026-08-14,3665,貿聯-KY,2558,-33,16
2026-08-14,3669,圓展,816,8,3
2026-08-14,3673,TPK-KY,13637,-26,84
2026-08-14,3679,新至陞,112,-9,0
2026-08-14,3686,達能,0,0,0
2026-08-14,3694,海華,7107,97,21
2026-08-14,3701,大眾控,5965,-10,62
2026-08-14,3702,大聯大,8016,637,183
2026-08-14,3703,欣陸,1574,17,2
2026-08-14,3704,合勤控,8940,75,16
2026-08-14,3705,永信,369,0,0
2026-08-14,3706,神達,27917,-88,196
2026-08-14,3708,上緯投控,2986,-29,1476
2026-08-14,3711,日月光投控,12325,-215,185
2026-08-14,3712,永崴投控,2323,-149,28
2026-08-14,3714,富采,23941,109,150
2026-08-14,3715,定穎投控,20733,-81,615
2026-08-14,3716,中化控股,628,-1,0
2026-08-14,3717,聯嘉投控,12774,-678,831
2026-08-14,4104,佳醫,112,0,1
2026-08-14,4106,雃博,655,4,0
2026-08-14,4108,懷特,0,0,0
2026-08-14,4119,旭富,574,-23,50
2026-08-14,4133,亞諾法,1271,3,0
2026-08-14,4137,麗豐-KY,1087,1,1
2026-08-14,4142,國光生,6475,-4,0
2026-08-14,4148,全宇生技-KY,379,-1,0
2026-08-14,4155,訊映,924,42,0
2026-08-14,4164,承業醫,5892,25,0
2026-08-14,4190,佐登-KY,280,-2,0
2026-08-14,4306,炎洲,5224,358,5
2026-08-14,4414,如興,749,0,0
2026-08-14,4426,利勤,1057,16,0
2026-08-14,4438,廣越,718,-5,0
2026-08-14,4439,冠星-KY,239,1,11
2026-08-14,4440,宜新實業,165,3,0
2026-08-14,4441,振大環球,203,4,0
2026-08-14,4526,東台,5443,0,80
2026-08-14,4532,瑞智,2330,4,1
2026-08-14,4536,拓凱,665,6,0
2026-08-14,4540,全球傳動,3720,34,310
2026-08-14,4545,銘鈺,1186,-2,0
2026-08-14,4551,智伸科,3044,-1,12
2026-08-14,4552,力達-KY,2440,1,12
2026-08-14,4555,氣立,2140,7,40
2026-08-14,4557,永新-KY,434,-1,0
2026-08-14,4560,強信-KY,288,9,0
2026-08-14,4562,穎漢,1805,-5,39
2026-08-14,4564,元翎,10427,152,20
2026-08-14,4566,時碩工業,4412,258,95
2026-08-14,4569,六方科-KY,744,7,0
2026-08-14,4571,鈞興-KY,1145,-15,2
2026-08-14,4572,駐龍,326,-2,1
2026-08-14,4576,大銀微系統,2774,-141,33
2026-08-14,4581,光隆精密-KY,20,-2,0
2026-08-14,4583,台灣精銳,2727,0,3
2026-08-14,4585,達明,624,5,55
2026-08-14,4588,玖鼎電力,387,0,2
2026-08-14,4590,富田-創,208,24,0
2026-08-14,4720,德淵,3171,-90,4
2026-08-14,4722,國精化,11547,-45,91
2026-08-14,4736,泰博,228,1,2
2026-08-14,4737,華廣,1615,26,0
2026-08-14,4739,康普,7566,164,134
2026-08-14,4746,台耀,2069,59,3
2026-08-14,4755,三福化,982,2,0
2026-08-14,4763,材料*-KY,41060,124,60
2026-08-14,4764,雙鍵,4310,-76,2
2026-08-14,4766,南寶,1078,-5,1
2026-08-14,4770,上品,901,-5,8
2026-08-14,4771,望隼,429,-7,0
2026-08-14,4807,日成-KY,1150,-7,17
2026-08-14,4904,遠傳,1240,-188,4
2026-08-14,4906,正文,27853,-81,121
2026-08-14,4912,聯德控股-KY,3585,3,1
2026-08-14,4915,致伸,4537,35,54
2026-08-14,4916,事欣科,7877,218,168
2026-08-14,4919,新唐,12758,-94,1105
2026-08-14,4927,泰鼎-KY,23143,-86,481
2026-08-14,4930,燦星網,3809,-5,0
2026-08-14,4934,太極,0,0,0
2026-08-14,4935,茂林-KY,612,-3,0
2026-08-14,4938,和碩,5408,68,58
2026-08-14,4942,嘉彰,574,-36,0
2026-08-14,4943,康控-KY,0,0,0
2026-08-14,4949,有成精密,2819,-110,38
2026-08-14,4952,凌通,1384,22,5
2026-08-14,4956,光鋐,5124,1,27
2026-08-14,4958,臻鼎-KY,33791,-50,360
2026-08-14,4960,誠美材,15869,-218,72
2026-08-14,4961,天鈺,1152,-129,54
2026-08-14,4967,十銓,7055,-44,0
2026-08-14,4968,立積,5185,18,32
2026-08-14,4976,佳凌,4903,-9,322
2026-08-14,4977,眾達-KY,6284,-72,123
2026-08-14,4989,榮科,14599,18,155
2026-08-14,4994,傳奇,1748,6,4
2026-08-14,4999,鑫禾,401,-2,0
2026-08-14,5007,三星,7,0,0
2026-08-14,5203,訊連,1045,4,0
2026-08-14,5215,科嘉-KY,682,-3,0
2026-08-14,5222,全訊,1839,20,0
2026-08-14,5225,東科-KY,1383,24,43
2026-08-14,5234,達興材料,1517,8,8
2026-08-14,5236,凌陽創新,235,9,4
2026-08-14,5243,乙盛-KY,9154,17,54
2026-08-14,5244,弘凱,2332,8,4
2026-08-14,5258,虹堡,3644,-55,0
2026-08-14,5269,祥碩,1940,32,255
2026-08-14,5283,禾聯碩,64,18,0
2026-08-14,5284,jpp-KY,3705,8,13
2026-08-14,5285,界霖,4620,-31,44
2026-08-14,5288,豐祥-KY,2610,-14,0
2026-08-14,5292,華懋,871,-6,0
2026-08-14,5306,桂盟,603,-2,0
2026-08-14,5388,中磊,7232,443,14
2026-08-14,5434,崇越,1018,14,1
2026-08-14,5469,瀚宇博,13333,-7,52
2026-08-14,5471,松翰,4658,-71,131
2026-08-14,5484,慧友,0,0,0
2026-08-14,5515,建國,2310,-76,1
2026-08-14,5519,隆大,864,-4,33
2026-08-14,5521,工信,13134,-24,9
2026-08-14,5522,遠雄,1006,-21,5
2026-08-14,5525,順天,321,-1,0
2026-08-14,5531,鄉林,4158,-4,41
2026-08-14,5533,皇鼎,487,-1,0
2026-08-14,5534,長虹,3328,-33,0
2026-08-14,5538,東明-KY,78,-7,0
2026-08-14,5546,永固-KY,22,0,0
2026-08-14,5607,遠雄港,1998,-1,0
2026-08-14,5608,四維航,3879,52,103
2026-08-14,5706,鳳凰,689,-1,20
2026-08-14,5871,中租-KY,4175,175,13
2026-08-14,5876,上海商銀,791,-31,2
2026-08-14,5880,合庫金,2914,2,10
2026-08-14,5906,台南-KY,21,0,0
2026-08-14,5907,大洋-KY,5483,1,0
2026-08-14,6005,群益證,5912,-374,28
2026-08-14,6024,群益期,236,-100,0
2026-08-14,6108,競國,1572,-67,35
2026-08-14,6112,邁達特,2770,-3,3
2026-08-14,6115,鎰勝,30,-1,0
2026-08-14,6116,彩晶,35009,-480,11300
2026-08-14,6117,迎廣,2408,14,31
2026-08-14,6120,達運,8170,131,67
2026-08-14,6128,上福,1416,15,0
2026-08-14,6133,金橋,2924,-71,0
2026-08-14,6136,富爾特,2773,-40,0
2026-08-14,6139,亞翔,8251,32,36
2026-08-14,6141,柏承,34,0,0
2026-08-14,6142,友勁,0,0,0
2026-08-14,6152,百一,0,0,0
2026-08-14,6153,嘉聯益,13294,-85,129
2026-08-14,6155,鈞寶,3259,160,126
2026-08-14,6164,華興,3894,38,2
2026-08-14,6165,浪凡,13086,-70,1
2026-08-14,6166,凌華,3046,-55,78
2026-08-14,6168,宏齊,4119,2,60
2026-08-14,6176,瑞儀,6117,-29,0
2026-08-14,6177,達麗,2582,4,0
2026-08-14,6183,關貿,9,0,0
2026-08-14,6184,大豐電,447,2,0
2026-08-14,6189,豐藝,2294,34,10
2026-08-14,6191,精成科,18669,-81,113
2026-08-14,6192,巨路,759,8,0
2026-08-14,6196,帆宣,1542,48,17
2026-08-14,6197,佳必琪,5519,35,69
2026-08-14,6201,亞弘電,38,0,0
2026-08-14,6202,盛群,4589,-83,13
2026-08-14,6205,詮欣,3650,12,5
2026-08-14,6206,飛捷,2669,-131,22
2026-08-14,6209,今國光,13309,184,88
2026-08-14,6213,聯茂,18316,-911,1241
2026-08-14,6214,精誠,1865,-19,8
2026-08-14,6215,和椿,5012,8,116
2026-08-14,6216,居易,724,1,0
2026-08-14,6224,聚鼎,1785,50,24
2026-08-14,6225,天瀚,0,0,0
2026-08-14,6226,光鼎,3102,-48,155
2026-08-14,6230,尼得科超眾,473,11,1
2026-08-14,6235,華孚,4409,30,16
2026-08-14,6239,力成,22974,-85,115
2026-08-14,6243,迅杰,1860,-217,183
2026-08-14,6257,矽格,10672,-320,139
2026-08-14,6269,台郡,9878,35,227
2026-08-14,6271,同欣電,7291,-12,42
2026-08-14,6272,驊陞,43,0,0
2026-08-14,6277,宏正,385,103,11
2026-08-14,6278,台表科,9475,185,91
2026-08-14,6281,全國電,21,0,0
2026-08-14,6282,康舒,23858,-21,0
2026-08-14,6283,淳安,2262,-1,1
2026-08-14,6285,啟碁,14038,-88,120
2026-08-14,6405,悅城,5296,-17,25
2026-08-14,6409,旭隼,1143,-17,1
2026-08-14,6412,群電,2859,38,4
2026-08-14,6414,樺漢,2108,274,18
2026-08-14,6415,矽力*-KY,4528,162,86
2026-08-14,6416,瑞祺電通,3861,7,0
2026-08-14,6426,統新,2810,55,91
2026-08-14,6431,光麗-KY,0,0,0
2026-08-14,6438,迅得,3733,-34,13
2026-08-14,6442,光聖,4372,-101,37
2026-08-14,6443,元晶,7547,-14,368
2026-08-14,6446,藥華藥,8918,24,40
2026-08-14,6449,鈺邦,2070,-15,11
2026-08-14,6451,訊芯-KY,7963,-100,205
2026-08-14,6456,GIS-KY,15127,-114,301
2026-08-14,6464,台數科,1,0,0
2026-08-14,6472,保瑞,3483,-3,24
2026-08-14,6477,安集,3532,-4,186
2026-08-14,6491,晶碩,481,-1,1
2026-08-14,6504,南六,110,0,0
2026-08-14,6505,台塑化,12369,-84,254
2026-08-14,6515,穎崴,509,-4,3
2026-08-14,6525,捷敏-KY,2472,-43,20
2026-08-14,6526,達發,1252,-31,2
2026-08-14,6531,愛普*,5651,-130,53
2026-08-14,6533,晶心科,2182,-52,65
2026-08-14,6534,正瀚-創,1773,24,0
2026-08-14,6541,泰福-KY,3814,120,0
2026-08-14,6550,北極星藥業-KY,0,0,0
2026-08-14,6552,易華電,1083,1,6
2026-08-14,6558,興能高,2618,1,5
2026-08-14,6573,虹揚-KY,0,0,0
2026-08-14,6579,研揚,1300,9,1
2026-08-14,6581,鋼聯,5,0,0
2026-08-14,6582,申豐,345,1,0
2026-08-14,6585,鼎基,1593,-50,31
2026-08-14,6589,台康生技,2746,-1,4
2026-08-14,6591,動力-KY,1754,21,1
2026-08-14,6592,和潤企業,726,-3,1
2026-08-14,6598,ABC-KY,0,0,0
2026-08-14,6605,帝寶,2259,-33,7
2026-08-14,6606,建德工業,629,-1,0
2026-08-14,6614,資拓宏宇,73,3,0
2026-08-14,6625,必應,811,9,0
2026-08-14,6641,基士德-KY,101,0,0
2026-08-14,6645,金萬林-創,11,0,0
2026-08-14,6655,科定,2,0,0
2026-08-14,6657,華安,1292,0,0
2026-08-14,6658,聯策,1521,34,8
2026-08-14,6666,羅麗芬-KY,287,-1,0
2026-08-14,6668,中揚光,2781,8,14
2026-08-14,6669,緯穎,1357,-61,27
2026-08-14,6670,復盛應用,407,26,1
2026-08-14,6671,三能-KY,86,2,0
2026-08-14,6672,騰輝電子-KY,5996,-90,55
2026-08-14,6674,鋐寶科技,242,0,3
2026-08-14,6689,伊雲谷,1254,-1,2
2026-08-14,6691,洋基工程,1509,60,4
2026-08-14,6695,芯鼎,3529,13,28
2026-08-14,6698,旭暉應材,2008,-3,0
2026-08-14,6706,惠特,8289,-131,136
2026-08-14,6715,嘉基,6887,-6,38
2026-08-14,6719,力智,3719,81,5
2026-08-14,6722,輝創,86,7,0
2026-08-14,6742,澤米,1831,-1,7
2026-08-14,6743,安普新,589,58,0
2026-08-14,6753,龍德造船,5865,383,73
2026-08-14,6754,匯僑設計,117,0,0
2026-08-14,6756,威鋒電子,588,0,4
2026-08-14,6757,台灣虎航,3461,2,31
2026-08-14,6768,志強-KY,1223,-9,18
2026-08-14,6770,力積電,130865,-1862,7595
2026-08-14,6771,平和環保-創,134,-1,0
2026-08-14,6776,展碁國際,643,-4,0
2026-08-14,6781,AES-KY,2508,0,9
2026-08-14,6782,視陽,402,29,0
2026-08-14,6789,采鈺,4799,-13,25
2026-08-14,6790,永豐實,585,0,0
2026-08-14,6792,詠業,271,2,7
2026-08-14,6794,向榮生技,275,1,0
2026-08-14,6796,晉弘,583,1,0
2026-08-14,6799,來頡,2007,11,0
2026-08-14,6805,富世達,2824,-131,0
2026-08-14,6807,峰源-KY,154,1,0
2026-08-14,6830,汎銓,3783,-96,50
2026-08-14,6831,邁科,782,-11,37
2026-08-14,6834,天二科技,4050,5,155
2026-08-14,6835,圓裕,789,0,0
2026-08-14,6838,台新藥,2558,0,0
2026-08-14,6854,錼創科技-KY創,2429,-2,10
2026-08-14,6861,睿生光電,1793,37,8
2026-08-14,6862,三集瑞-KY,876,5,7
2026-08-14,6863,永道-KY,1171,27,0
2026-08-14,6869,雲豹能源,2835,17,5
2026-08-14,6873,泓德能源,3364,-25,7
2026-08-14,6885,全福生技,2385,9,20
2026-08-14,6887,寶綠特-KY,995,4,0
2026-08-14,6890,來億-KY,785,22,1
2026-08-14,6901,鑽石投資,7184,370,96
2026-08-14,6902,GOGOLOOK,589,-15,0
2026-08-14,6906,現觀科,482,-4,0
2026-08-14,6909,創控,1465,13,8
2026-08-14,6914,阜爾運通,362,0,0
2026-08-14,6916,華凌,388,5,0
2026-08-14,6918,愛派司,87,2,0
2026-08-14,6919,康霈*,0,0,0
2026-08-14,6923,中台,1719,-5,0
2026-08-14,6928,攸泰科技,738,16,11
2026-08-14,6931,青松健康,131,6,0
2026-08-14,6933,AMAX-KY,948,-53,5
2026-08-14,6934,心誠鎂,25,24,0
2026-08-14,6936,永鴻生技,243,0,0
2026-08-14,6937,天虹,1501,12,16
2026-08-14,6944,兆聯實業,886,-4,35
2026-08-14,6949,沛爾生醫-創,5277,-5,4
2026-08-14,6951,青新-創,77,0,0
2026-08-14,6952,大武山,59,1,0
2026-08-14,6957,裕慶-KY,1612,-5,49
2026-08-14,6958,日盛台駿,120,0,0
2026-08-14,6962,奕力-KY,8939,454,12
2026-08-14,6965,中傑-KY,42,0,0
2026-08-14,6994,富威電力,3015,2,62
2026-08-14,7631,聚賢研發-創,298,10,0
2026-08-14,7705,三商餐飲,95,0,0
2026-08-14,7711,永擎,1592,44,40
2026-08-14,7721,微程式,1123,-1,0
2026-08-14,7722,LINEPAY,442,-82,0
2026-08-14,7730,暉盛-創,534,-2,1
2026-08-14,7732,金興精密,78,0,0
2026-08-14,7736,虎山,69,0,0
2026-08-14,7740,熙特爾-創,1946,15,1
2026-08-14,7749,意騰-KY,1060,1,0
2026-08-14,7750,新代,625,1,1
2026-08-14,7765,中華資安,456,0,0
2026-08-14,7769,鴻勁,333,0,2
2026-08-14,7780,大研生醫*,309,2,0
2026-08-14,7786,東方風能,261,-58,0
2026-08-14,7788,松川精密,1894,-22,19
2026-08-14,7791,皇家可口,19,1,0
2026-08-14,7795,長廣,1807,93,8
2026-08-14,7799,禾榮科,1243,5,4
2026-08-14,7823,奧義賽博-KY創,1,-1,0
2026-08-14,8011,台通,3370,6,0
2026-08-14,8016,矽創,1429,-17,7
2026-08-14,8021,尖點,10611,-227,142
2026-08-14,8028,昇陽半導體,5229,50,48
2026-08-14,8033,雷虎,6998,366,366
2026-08-14,8039,台虹,21800,632,2355
2026-08-14,8045,達運光電,4881,7,9
2026-08-14,8046,南電,11018,-1353,762
2026-08-14,8070,長華*,5286,-105,24
2026-08-14,8072,陞泰,1809,-1,0
2026-08-14,8081,致新,1671,32,3
2026-08-14,8101,華冠,0,0,0
2026-08-14,8103,瀚荃,3388,19,3
2026-08-14,8104,錸寶,3394,-9,11
2026-08-14,8105,凌巨,8218,2,519
2026-08-14,8110,華東,14903,356,394
2026-08-14,8112,至上,16426,361,2933
2026-08-14,8114,振樺電,1292,-74,8
2026-08-14,8131,福懋科,4654,-8,118
2026-08-14,8150,南茂,21507,299,381
2026-08-14,8162,微矽電子-創,1565,2,0
2026-08-14,8163,達方,2395,-21,14
2026-08-14,8201,無敵,0,0,0
2026-08-14,8210,勤誠,3182,67,20
2026-08-14,8213,志超,3628,-23,0
2026-08-14,8215,明基材,3077,-7,31
2026-08-14,8222,寶一,3444,342,37
2026-08-14,8249,菱光,3813,-4,12
2026-08-14,8261,富鼎,7042,195,32
2026-08-14,8271,宇瞻,6110,-18,635
2026-08-14,8341,日友,377,3,0
2026-08-14,8367,建新國際,12,0,0
2026-08-14,8374,羅昇,1538,-12,26
2026-08-14,8404,百和興業-KY,3670,8,0
2026-08-14,8411,福貞-KY,47,-2,0
2026-08-14,8422,可寧衛*,24417,9,143
2026-08-14,8429,金麗-KY,14434,63,0
2026-08-14,8438,昶昕,3361,-30,0
2026-08-14,8442,威宏-KY,664,-8,20
2026-08-14,8443,阿瘦,28,0,0
2026-08-14,8454,富邦媒,1549,1,56
2026-08-14,8462,柏文,1070,1,18
2026-08-14,8463,潤泰材,98,-14,0
2026-08-14,8464,億豐,65,1,0
2026-08-14,8466,美吉吉-KY,1292,3,0
2026-08-14,8467,波力-KY,238,0,0
2026-08-14,8473,山林水,3428,9,337
2026-08-14,8476,台境*,18314,43,126
2026-08-14,8478,東哥遊艇,999,10,1
2026-08-14,8481,政伸,5,0,0
2026-08-14,8482,商億-KY,161,0,0
2026-08-14,8487,愛爾達-創,39,0,0
2026-08-14,8488,吉源-KY,20,1,0
2026-08-14,8499,鼎炫-KY,596,5,0
2026-08-14,8926,台汽電,6695,-58,37
2026-08-14,8940,新天地,93,-1,0
2026-08-14,8996,高力,5679,125,165
2026-08-14,9802,鈺齊-KY,2183,22,10
2026-08-14,9902,台火,3169,-44,1
2026-08-14,9904,寶成,26976,115,12
2026-08-14,9905,大華,31,5,0
2026-08-14,9906,欣巴巴,422,2,0
2026-08-14,9907,統一實,4083,4,0
2026-08-14,9908,大台北,127,2,0
2026-08-14,9910,豐泰,2073,16,0
2026-08-14,9911,櫻花,397,0,0
2026-08-14,9912,偉聯,0,0,0
2026-08-14,9914,美利達,2302,-15,20
2026-08-14,9917,中保科,85,5,0
2026-08-14,9918,欣天然,48,0,0
2026-08-14,9919,康那香,8137,-12,0
2026-08-14,9921,巨大,1472,3,130
2026-08-14,9924,福興,740,0,0
2026-08-14,9925,新保,2,0,0
2026-08-14,9926,新海,9,0,0
2026-08-14,9927,泰銘,62,-5,0
2026-08-14,9928,中視,494,1,0
2026-08-14,9929,秋雨,0,0,0
2026-08-14,9930,中聯資源,19,0,0
2026-08-14,9931,欣高,65,0,0
2026-08-14,9933,中鼎,4459,11,34
2026-08-14,9934,成霖,5999,79,8
2026-08-14,9935,慶豐富,1384,6,0
2026-08-14,9937,全國,133,-2,0
2026-08-14,9938,百和,3205,-34,58
2026-08-14,9939,宏全,1343,99,0
2026-08-14,9940,信義,1242,6,0
2026-08-14,9941,裕融,992,11,4
2026-08-14,9942,茂順,22,0,0
2026-08-14,9943,好樂迪,84,0,0
2026-08-14,9944,新麗,5530,-4,0
2026-08-14,9945,潤泰新,19895,-204,43
2026-08-14,9946,三發地產,931,-148,0
2026-08-14,9955,佳龍,1086,11,50
2026-08-14,9958,世紀鋼,8208,59,46
2026-08-17,1101,台泥,32711,524,58
2026-08-17,1102,亞泥,1249,-345,23
2026-08-17,1103,嘉泥,4425,-10,0
2026-08-17,1104,環泥,1693,-11,0
2026-08-17,1108,幸福,436,1,44
2026-08-17,1109,信大,278,7,0
2026-08-17,1110,東泥,2530,-4,0
2026-08-17,1201,味全,1418,0,0
2026-08-17,1203,味王,22,0,0
2026-08-17,1210,大成,648,37,2
2026-08-17,1213,大飲,0,0,0
2026-08-17,1215,卜蜂,434,-2,0
2026-08-17,1216,統一,1034,47,1
2026-08-17,1217,愛之味,1658,25,8
2026-08-17,1218,泰山,1661,57,12
2026-08-17,1219,福壽,219,5,1
2026-08-17,1220,台榮,797,0,18
2026-08-17,1225,福懋油,6780,-3,0
2026-08-17,1227,佳格,1073,7,1
2026-08-17,1229,聯華,3080,-5,16
2026-08-17,1231,聯華食,265,1,1
2026-08-17,1232,大統益,193,-10,0
2026-08-17,1233,天仁,22,0,0
2026-08-17,1234,黑松,9,-1,0
2026-08-17,1235,興泰,1159,0,0
2026-08-17,1236,宏亞,163,0,0
2026-08-17,1256,鮮活果汁-KY,324,7,1
2026-08-17,1301,台塑,19888,320,642
2026-08-17,1303,南亞,47900,-6961,1941
2026-08-17,1304,台聚,10032,-84,68
2026-08-17,1305,華夏,6016,-172,25
2026-08-17,1307,三芳,1421,-10,0
2026-08-17,1308,亞聚,5983,-27,12
2026-08-17,1309,台達化,7231,71,76
2026-08-17,1310,台苯,11511,9,88
2026-08-17,1312,國喬,38531,417,181
2026-08-17,1313,聯成,10973,-1,15
2026-08-17,1314,中石化,66375,-483,33
2026-08-17,1315,達新,32,2,0
2026-08-17,1316,上曜,9220,-542,32
2026-08-17,1319,東陽,6919,34,8
2026-08-17,1321,大洋,7246,1,1
2026-08-17,1323,永裕,81,0,0
2026-08-17,1324,地球,1263,-1,0
2026-08-17,1325,恆大,2239,-8,77
2026-08-17,1326,台化,31588,345,188
2026-08-17,1337,再生-KY,21520,0,0
2026-08-17,1338,廣華-KY,4032,34,0
2026-08-17,1339,昭輝,916,4,0
2026-08-17,1340,勝悅-KY,1023,5,0
2026-08-17,1342,八貫,531,-6,3
2026-08-17,1402,遠東新,7811,-250,62
2026-08-17,1409,新纖,22597,-27,66
2026-08-17,1410,南染,241,0,0
2026-08-17,1413,宏洲,0,0,0
2026-08-17,1414,東和,1329,5,0
2026-08-17,1416,廣豐,5561,49,49
2026-08-17,1417,嘉裕,1980,-2,0
2026-08-17,1418,東華,772,0,0
2026-08-17,1419,新紡,1246,-37,0
2026-08-17,1423,利華,86,0,0
2026-08-17,1432,大魯閣,124,0,0
2026-08-17,1434,福懋,6842,-111,1
2026-08-17,1435,中福,0,0,0
2026-08-17,1436,華友聯,992,-3,2
2026-08-17,1437,勤益控,3249,-14,0
2026-08-17,1438,三地開發,137,0,0
2026-08-17,1439,雋揚,1018,0,0
2026-08-17,1440,南紡,5531,-224,6
2026-08-17,1441,大東,0,0,0
2026-08-17,1442,名軒,2627,-5,10
2026-08-17,1443,立益物流,8,0,0
2026-08-17,1444,力麗,538,-8,0
2026-08-17,1445,大宇,1369,0,16
2026-08-17,1446,宏和,1440,-39,0
2026-08-17,1447,力鵬,698,-10,0
2026-08-17,1449,佳和,3038,-42,5
2026-08-17,1451,年興,574,0,0
2026-08-17,1452,宏益,108,0,0
2026-08-17,1453,大將,846,-2,3
2026-08-17,1454,台富,2168,-2,0
2026-08-17,1455,集盛,3242,-78,0
2026-08-17,1456,怡華,784,3,0
2026-08-17,1457,宜進,664,3,1
2026-08-17,1459,聯發,290,0,0
2026-08-17,1460,宏遠,0,0,0
2026-08-17,1463,強盛新,494,23,0
2026-08-17,1464,得力,2009,3,0
2026-08-17,1465,偉全,3120,-33,0
2026-08-17,1466,聚隆,3170,-2,6
2026-08-17,1467,南緯,6955,-18,2
2026-08-17,1468,昶和,0,0,0
2026-08-17,1470,大統新創,4,0,0
2026-08-17,1471,首利,0,0,0
2026-08-17,1472,三洋實業,3882,0,3
2026-08-17,1473,台南,823,-3,2
2026-08-17,1474,弘裕,3308,-19,0
2026-08-17,1475,業旺,461,0,0
2026-08-17,1476,儒鴻,1294,46,15
2026-08-17,1477,聚陽,1563,218,1
2026-08-17,1503,士電,2875,-53,34
2026-08-17,1504,東元,27248,-85,79
2026-08-17,1506,正道,0,0,0
2026-08-17,1512,瑞利,0,0,0
2026-08-17,1513,中興電,6858,49,45
2026-08-17,1514,亞力,6159,-2,62
2026-08-17,1515,力山,2746,87,30
2026-08-17,1516,川飛,2,0,0
2026-08-17,1517,利奇,1997,-23,3
2026-08-17,1519,華城,2873,32,12
2026-08-17,1521,大億,448,0,0
2026-08-17,1522,堤維西,3649,12,4
2026-08-17,1524,耿鼎,3793,-8,3
2026-08-17,1525,江申,231,2,0
2026-08-17,1526,日馳,769,-16,6
2026-08-17,1527,鑽全,512,-1,0
2026-08-17,1528,恩德,5645,-18,35
2026-08-17,1529,樂事綠能,2728,-4,691
2026-08-17,1530,亞崴,259,-2,0
2026-08-17,1531,高林股,1717,-5,4
2026-08-17,1532,勤美,2875,-9,0
2026-08-17,1533,車王電,556,2,2
2026-08-17,1535,中宇,54,0,0
2026-08-17,1536,和大,6985,-139,155
2026-08-17,1537,廣隆,66,2,0
2026-08-17,1538,正峰,0,0,0
2026-08-17,1539,巨庭,1219,1,0
2026-08-17,1540,喬福,1493,-2,1
2026-08-17,1541,錩泰,105,2,0
2026-08-17,1558,伸興,194,-20,0
2026-08-17,1560,中砂,1361,-19,129
2026-08-17,1563,巧新,5177,17,2
2026-08-17,1568,倉佑,2153,-8,2
2026-08-17,1582,信錦,3626,1,4
2026-08-17,1583,程泰,69,1,0
2026-08-17,1587,吉茂,1663,24,24
2026-08-17,1589,永冠-KY,647,0,0
2026-08-17,1590,亞德客-KY,209,16,0
2026-08-17,1597,直得,2846,14,0
2026-08-17,1598,岱宇,2146,-46,0
2026-08-17,1603,華電,2021,4,2
2026-08-17,1604,聲寶,195,0,0
2026-08-17,1605,華新,40521,45,933
2026-08-17,1608,華榮,7386,94,50
2026-08-17,1609,大亞,11987,7,16
2026-08-17,1611,中電,3141,-19,3
2026-08-17,1612,宏泰,1909,-8,2
2026-08-17,1614,三洋電,302,0,0
2026-08-17,1615,大山,163,-3,0
2026-08-17,1616,億泰,2639,7,2
2026-08-17,1617,榮星,1520,-65,11
2026-08-17,1618,合機,3316,90,1
2026-08-17,1623,大東電,83,10,0
2026-08-17,1626,艾美特-KY,1637,2,0
2026-08-17,1702,南僑,297,0,0
2026-08-17,1707,葡萄王,333,-12,20
2026-08-17,1708,東鹼,5916,10,62
2026-08-17,1709,和益,27311,1361,57
2026-08-17,1710,東聯,11352,132,64
2026-08-17,1711,永光,14654,-44,169
2026-08-17,1712,興農,454,-12,0
2026-08-17,1713,國化,2926,11,0
2026-08-17,1714,和桐,17406,1954,0
2026-08-17,1717,長興,16120,315,559
2026-08-17,1718,中纖,20685,-199,148
2026-08-17,1720,生達,297,0,0
2026-08-17,1721,三晃,126,0,0
2026-08-17,1722,台肥,2847,68,0
2026-08-17,1723,中碳,683,83,2
2026-08-17,1725,元禎,255,-8,0
2026-08-17,1726,永記,24,0,0
2026-08-17,1727,中華化,5589,-479,88
2026-08-17,1730,花仙子,5,0,0
2026-08-17,1731,美吾華,272,0,0
2026-08-17,1732,毛寶,773,2,32
2026-08-17,1733,五鼎,2452,-2,6
2026-08-17,1734,杏輝,279,-14,0
2026-08-17,1735,日勝化,698,1,0
2026-08-17,1736,喬山,1762,51,12
2026-08-17,1737,臺鹽,22,0,0
2026-08-17,1752,南光,321,-5,0
2026-08-17,1760,寶齡富錦,1013,-1,0
2026-08-17,1762,中化生,816,7,3
2026-08-17,1773,勝一,1111,9,1
2026-08-17,1776,展宇,660,2,1
2026-08-17,1783,和康生,524,-2,0
2026-08-17,1786,科妍,4979,1,0
2026-08-17,1789,神隆,3286,22,9
2026-08-17,1795,美時,8440,-61,11
2026-08-17,1802,台玻,34161,-171,1142
2026-08-17,1805,寶徠,1486,0,0
2026-08-17,1806,冠軍,2747,2,346
2026-08-17,1808,潤隆,5631,-218,2
2026-08-17,1809,中釉,5448,-12,61
2026-08-17,1810,和成,21415,-602,209
2026-08-17,1817,凱撒衛,16,-4,0
2026-08-17,1903,士紙,2375,-45,0
2026-08-17,1904,正隆,4669,11,26
2026-08-17,1905,華紙,13039,-82,37
2026-08-17,1906,寶隆,7287,1,2
2026-08-17,1907,永豐餘,24105,-36,3
2026-08-17,1909,榮成,10820,719,48
2026-08-17,2002,中鋼,43590,121,94
2026-08-17,2006,東和鋼鐵,1153,-16,17
2026-08-17,2007,燁興,5,0,0
2026-08-17,2008,高興昌,92,0,0
2026-08-17,2009,第一銅,6636,48,44
2026-08-17,2010,春源,2087,-53,0
2026-08-17,2012,春雨,197,0,0
2026-08-17,2013,中鋼構,1410,-1,0
2026-08-17,2014,中鴻,1073,-6,0
2026-08-17,2015,豐興,40,-1,0
2026-08-17,2017,官田鋼,8147,15,0
2026-08-17,2020,美亞,699,-12,0
2026-08-17,2022,聚亨,2186,2,0
2026-08-17,2023,燁輝,2780,3,53
2026-08-17,2024,志聯,68,1,0
2026-08-17,2025,千興,0,0,0
2026-08-17,2027,大成鋼,24434,-1007,555
2026-08-17,2028,威致,1165,-8,0
2026-08-17,2029,盛餘,423,-1,0
2026-08-17,2030,彰源,4349,-518,63
2026-08-17,2031,新光鋼,2001,-11,8
2026-08-17,2032,新鋼,2675,32,3
2026-08-17,2033,佳大,3008,9,72
2026-08-17,2034,允強,3421,-13,44
2026-08-17,2038,海光,3537,15,0
2026-08-17,2049,上銀,3582,-24,139
2026-08-17,2059,川湖,595,10,10
2026-08-17,2062,橋椿,1329,-1,1
2026-08-17,2069,運錩,421,-3,9
2026-08-17,2101,南港,19893,-1197,4
2026-08-17,2102,泰豐,3525,0,4
2026-08-17,2103,台橡,13879,108,226
2026-08-17,2104,國際中橡,19772,151,80
2026-08-17,2105,正新,9774,-53,21
2026-08-17,2106,建大,2931,53,2
2026-08-17,2107,厚生,75,-3,0
2026-08-17,2108,南帝,2117,-110,52
2026-08-17,2109,華豐,681,0,0
2026-08-17,2114,鑫永銓,6,0,0
2026-08-17,2115,六暉-KY,483,0,3
2026-08-17,2201,裕隆,9780,87,3
2026-08-17,2204,中華,1367,-8,0
2026-08-17,2206,三陽工業,3817,-31,0
2026-08-17,2207,和泰車,73,1,0
2026-08-17,2208,台船,0,0,0
2026-08-17,2211,長榮鋼,667,68,0
2026-08-17,2228,劍麟,1541,8,6
2026-08-17,2231,為升,2632,-9,114
2026-08-17,2233,宇隆,4080,-9,10
2026-08-17,2236,百達-KY,11470,94,90
2026-08-17,2239,英利-KY,1599,3,0
2026-08-17,2241,艾姆勒,7725,-185,46
2026-08-17,2243,宏旭-KY,1291,-3,9
2026-08-17,2247,汎德永業,110,-11,1
2026-08-17,2248,華勝-KY,569,-7,0
2026-08-17,2250,IKKA-KY,1155,-5,2
2026-08-17,2254,巨鎧精密-創,2510,-1,0
2026-08-17,2301,光寶科,13399,808,0
2026-08-17,2302,麗正,3784,-52,172
2026-08-17,2303,聯電,164090,274,2471
2026-08-17,2305,全友,6552,106,87
2026-08-17,2308,台達電,8000,80,56
2026-08-17,2312,金寶,43394,-15,509
2026-08-17,2313,華通,30537,302,1056
2026-08-17,2314,台揚,0,0,0
2026-08-17,2316,楠梓電,3810,40,60
2026-08-17,2317,鴻海,51454,403,608
2026-08-17,2321,東訊,0,0,0
2026-08-17,2323,中環,29491,-1587,129
2026-08-17,2324,仁寶,55219,-3818,1850
2026-08-17,2327,國巨*,37683,-179,443
2026-08-17,2328,廣宇,16277,78,148
2026-08-17,2329,華泰,13661,-64,300
2026-08-17,2330,台積電,27727,-333,36
2026-08-17,2331,精英,9785,-615,47
2026-08-17,2332,友訊,29386,823,485
2026-08-17,2337,旺宏,93552,1881,2797
2026-08-17,2338,光罩,4974,-10,80
2026-08-17,2340,台亞,7435,-297,58
2026-08-17,2342,茂矽,3478,-35,98
2026-08-17,2344,華邦電,129167,-5663,4765
2026-08-17,2345,智邦,1868,51,17
2026-08-17,2347,聯強,1124,-134,9
2026-08-17,2348,海悅,2666,-29,10
2026-08-17,2349,錸德,0,0,0
2026-08-17,2351,順德,11385,58,133
2026-08-17,2352,佳世達,15689,7,113
2026-08-17,2353,宏碁,38906,1685,2445
2026-08-17,2354,鴻準,28172,45,188
2026-08-17,2355,敬鵬,8629,-28,47
2026-08-17,2356,英業達,28024,1366,701
2026-08-17,2357,華碩,1552,-236,61
2026-08-17,2359,所羅門,10811,1770,600
2026-08-17,2360,致茂,1494,-16,35
2026-08-17,2362,藍天,2849,37,8
2026-08-17,2363,矽統,16896,82,0
2026-08-17,2364,倫飛,1056,163,4
2026-08-17,2365,昆盈,8293,-127,31
2026-08-17,2367,燿華,23920,-9,534
2026-08-17,2368,金像電,7706,-130,399
2026-08-17,2369,菱生,13060,203,366
2026-08-17,2371,大同,46406,-104,719
2026-08-17,2373,震旦行,46,0,0
2026-08-17,2374,佳能,15655,111,0
2026-08-17,2375,凱美,5899,105,558
2026-08-17,2376,技嘉,7716,1000,525
2026-08-17,2377,微星,14735,-176,0
2026-08-17,2379,瑞昱,2523,-24,51
2026-08-17,2380,虹光,0,0,0
2026-08-17,2382,廣達,16662,-976,66
2026-08-17,2383,台光電,1883,61,42
2026-08-17,2385,群光,2806,-18,4
2026-08-17,2387,精元,1277,5,0
2026-08-17,2388,威盛,9761,-155,328
2026-08-17,2390,云辰,2089,14,0
2026-08-17,2392,正崴,4267,-254,124
2026-08-17,2393,億光,2354,-302,37
2026-08-17,2395,研華,1707,-37,49
2026-08-17,2397,友通,1636,-15,3
2026-08-17,2399,映泰,10851,341,623
2026-08-17,2401,凌陽,7507,-66,99
2026-08-17,2402,毅嘉,11579,38,74
2026-08-17,2404,漢唐,2291,-42,11
2026-08-17,2405,輔信,7685,-69,36
2026-08-17,2406,國碩,12535,-102,381
2026-08-17,2408,南亞科,83585,-114,2787
2026-08-17,2409,友達,229133,1384,10805
2026-08-17,2412,中華電,1947,-32,27
2026-08-17,2413,環科,4172,-5,8
2026-08-17,2414,精技,279,-186,5
2026-08-17,2415,錩新,2500,0,0
2026-08-17,2417,圓剛,3118,-118,36
2026-08-17,2419,仲琦,5897,14,5
2026-08-17,2420,新巨,600,-7,0
2026-08-17,2421,建準,4115,49,30
2026-08-17,2423,固緯,517,-97,5
2026-08-17,2424,隴華,0,0,0
2026-08-17,2425,承啟,5808,-698,83
2026-08-17,2426,鼎元,16283,-330,636
2026-08-17,2427,三商電,5414,6,32
2026-08-17,2428,興勤,2816,60,11
2026-08-17,2429,銘旺科,318,0,0
2026-08-17,2430,燦坤,95,-1,1
2026-08-17,2431,聯昌,1519,0,0
2026-08-17,2432,倚天酷碁-創,308,0,0
2026-08-17,2433,互盛電,24,0,0
2026-08-17,2434,統懋,418,12,8
2026-08-17,2436,偉詮電,5987,-192,2548
2026-08-17,2438,翔耀,0,0,0
2026-08-17,2439,美律,3897,71,8
2026-08-17,2440,太空梭,1592,-1,6
2026-08-17,2441,超豐,7402,-64,87
2026-08-17,2442,新美齊,3824,-112,1
2026-08-17,2444,兆勁,0,0,0
2026-08-17,2449,京元電子,20374,-111,266
2026-08-17,2450,神腦,83,0,0
2026-08-17,2451,創見,6410,-33,481
2026-08-17,2453,凌群,2317,-7,1
2026-08-17,2454,聯發科,9573,-168,60
2026-08-17,2455,全新,11657,1000,454
2026-08-17,2457,飛宏,11987,37,91
2026-08-17,2458,義隆,3639,24,0
2026-08-17,2459,敦吉,90,7,0
2026-08-17,2460,建通,207,0,0
2026-08-17,2461,光群雷,7982,-10,6
2026-08-17,2462,良得電,2308,-28,0
2026-08-17,2464,盟立,18701,-1870,984
2026-08-17,2465,麗臺,4217,240,47
2026-08-17,2466,冠西電,6130,-4,277
2026-08-17,2467,志聖,1981,213,65
2026-08-17,2468,華經,3350,37,2
2026-08-17,2471,資通,1275,0,2
2026-08-17,2472,立隆電,5057,-59,0
2026-08-17,2474,可成,8704,-335,10
2026-08-17,2476,鉅祥,41635,-5,29
2026-08-17,2477,美隆電,1251,0,3
2026-08-17,2478,大毅,9505,-50,44
2026-08-17,2480,敦陽科,447,-1,0
2026-08-17,2481,強茂,15908,356,675
2026-08-17,2482,連宇,1911,3,0
2026-08-17,2483,百容,1899,0,17
2026-08-17,2484,希華,15358,-1245,143
2026-08-17,2485,兆赫,10608,-6,209
2026-08-17,2486,一詮,22756,678,588
2026-08-17,2488,漢平,446,-1,0
2026-08-17,2489,瑞軒,27916,54,202
2026-08-17,2491,吉祥全,1754,156,6
2026-08-17,2492,華新科,15279,-844,557
2026-08-17,2493,揚博,10243,-508,35
2026-08-17,2495,普安,7705,11,33
2026-08-17,2496,卓越,34,0,0
2026-08-17,2497,怡利電,1773,-2,8
2026-08-17,2498,宏達電,28115,-225,381
2026-08-17,2501,國建,4497,1,0
2026-08-17,2504,國產,4865,-16,5
2026-08-17,2505,國揚,3375,7,0
2026-08-17,2506,太設,1843,-11,0
2026-08-17,2509,全坤建,620,38,1
2026-08-17,2511,太子,2461,-1,4
2026-08-17,2514,龍邦,18161,35,1
2026-08-17,2515,中工,29452,-191,39
2026-08-17,2516,新建,0,0,0
2026-08-17,2520,冠德,2056,9,0
2026-08-17,2524,京城,3186,-5,0
2026-08-17,2527,宏璟,4790,-179,4
2026-08-17,2528,皇普,6401,-35,0
2026-08-17,2530,華建,6829,-14,4
2026-08-17,2534,宏盛,10231,-1672,0
2026-08-17,2535,達欣工,299,21,3
2026-08-17,2536,宏普,5285,-104,0
2026-08-17,2537,聯上發,3690,-27,3
2026-08-17,2538,基泰,2534,23,0
2026-08-17,2539,櫻花建,1787,-329,0
2026-08-17,2540,愛山林,3034,50,9
2026-08-17,2542,興富發,4376,-61,193
2026-08-17,2543,皇昌,9217,-73,16
2026-08-17,2545,皇翔,2754,-4,1
2026-08-17,2546,根基,169,2,0
2026-08-17,2547,日勝生,10058,-29,7
2026-08-17,2548,華固,2194,-8,53
2026-08-17,2597,潤弘,156,-2,0
2026-08-17,2601,益航,365,0,0
2026-08-17,2603,長榮,13616,-537,318
2026-08-17,2605,新興,12267,-60,26
2026-08-17,2606,裕民,2833,-91,31
2026-08-17,2607,榮運,735,-34,1
2026-08-17,2608,嘉里大榮,1109,-22,1
2026-08-17,2609,陽明,34051,1889,596
2026-08-17,2610,華航,48909,-354,189
2026-08-17,2611,志信,2047,10,3
2026-08-17,2612,中航,1603,6,3
2026-08-17,2613,中櫃,2276,194,0
2026-08-17,2614,東森,5299,-103,1
2026-08-17,2615,萬海,15555,1877,524
2026-08-17,2616,山隆,427,-3,0
2026-08-17,2617,台航,2179,34,0
2026-08-17,2618,長榮航,24460,-1869,724
2026-08-17,2630,亞航,5356,161,67
2026-08-17,2633,台灣高鐵,1675,-28,26
2026-08-17,2634,漢翔,24069,707,604
2026-08-17,2636,台驊控股,627,-9,1
2026-08-17,2637,慧洋-KY,2225,21,36
2026-08-17,2642,宅配通,603,0,5
2026-08-17,2645,長榮航太,5049,169,44
2026-08-17,2646,星宇航空,3808,13,47
2026-08-17,2701,萬企,376,-7,0
2026-08-17,2702,華園,429,0,0
2026-08-17,2704,國賓,117,2,0
2026-08-17,2705,六福,539,-2,0
2026-08-17,2706,第一店,657,1,0
2026-08-17,2707,晶華,159,0,0
2026-08-17,2712,遠雄來,6,-1,0
2026-08-17,2722,夏都,420,0,0
2026-08-17,2723,美食-KY,1644,-55,1
2026-08-17,2727,王品,300,-4,3
2026-08-17,2731,雄獅,847,0,6
2026-08-17,2739,寒舍,864,3,0
2026-08-17,2748,雲品,503,4,0
2026-08-17,2753,八方雲集,541,6,2
2026-08-17,2762,世界健身-KY,195,-30,0
2026-08-17,2801,彰銀,8343,-58,42
2026-08-17,2812,台中銀,2735,54,20
2026-08-17,2816,旺旺保,625,62,0
2026-08-17,2820,華票,498,2,1
2026-08-17,2832,台產,555,1,0
2026-08-17,2834,臺企銀,26349,-77,26
2026-08-17,2836,高雄銀,6403,-369,2
2026-08-17,2838,聯邦銀,834,-29,1
2026-08-17,2845,遠東銀,3704,-478,24
2026-08-17,2849,安泰銀,258,2,0
2026-08-17,2850,新產,304,3,0
2026-08-17,2851,中再保,803,102,2
2026-08-17,2852,第一保,1548,-46,0
2026-08-17,2855,統一證,4862,-277,128
2026-08-17,2867,三商壽,1363,-138,0
2026-08-17,2880,華南金,2378,-118,793
2026-08-17,2881,富邦金,6876,429,148
2026-08-17,2882,國泰金,4372,379,210
2026-08-17,2883,凱基金,9376,536,1026
2026-08-17,2884,玉山金,4879,-125,646
2026-08-17,2885,元大金,1848,185,0
2026-08-17,2886,兆豐金,2202,70,256
2026-08-17,2887,台新新光金,40275,850,763
2026-08-17,2889,國票金,2649,-66,4
2026-08-17,2890,永豐金,2091,-172,408
2026-08-17,2891,中信金,3452,4,48
2026-08-17,2892,第一金,2321,29,819
2026-08-17,2897,王道銀行,1725,-166,4
2026-08-17,2901,欣欣,476,1,0
2026-08-17,2903,遠百,1675,44,30
2026-08-17,2904,匯僑,12,0,0
2026-08-17,2905,三商,7851,-178,6
2026-08-17,2906,高林,589,-26,0
2026-08-17,2908,特力,13914,-65,0
2026-08-17,2910,統領,46,0,0
2026-08-17,2911,麗嬰房,181,4,0
2026-08-17,2912,統一超,834,28,0
2026-08-17,2913,農林,6915,-19,1
2026-08-17,2915,潤泰全,9617,45,58
2026-08-17,2929,淘帝-KY,2063,16,0
2026-08-17,2939,永邑-KY,241,-2,0
2026-08-17,3002,歐格,1853,0,16
2026-08-17,3003,健和興,2245,-39,18
2026-08-17,3004,豐達科,1899,10,3
2026-08-17,3005,神基,8878,136,59
2026-08-17,3006,晶豪科,16130,-641,663
2026-08-17,3008,大立光,2608,291,22
2026-08-17,3010,華立,1213,-37,6
2026-08-17,3011,今皓,3243,-77,22
2026-08-17,3013,晟銘電,8416,-20,45
2026-08-17,3014,聯陽,2705,-4,24
2026-08-17,3015,全漢,2338,-14,3
2026-08-17,3016,嘉晶,7983,116,224
2026-08-17,3017,奇鋐,4262,38,0
2026-08-17,3018,隆銘綠能,0,0,0
2026-08-17,3019,亞光,10451,-208,39
2026-08-17,3021,鴻名,614,-7,0
2026-08-17,3022,威強電,5979,15,0
2026-08-17,3023,信邦,1102,-12,5
2026-08-17,3024,憶聲,10160,-62,16
2026-08-17,3025,星通,1597,6,1
2026-08-17,3026,禾伸堂,11240,-356,315
2026-08-17,3027,盛達,4605,0,0
2026-08-17,3028,增你強,2905,-127,22
2026-08-17,3029,零壹,2917,12,10
2026-08-17,3030,德律,10207,-24,9
2026-08-17,3031,佰鴻,5175,-3,4
2026-08-17,3032,偉訓,8305,-68,8
2026-08-17,3033,威健,9099,276,595
2026-08-17,3034,聯詠,2756,34,244
2026-08-17,3035,智原,10118,-14,364
2026-08-17,3036,文曄,11570,24,88
2026-08-17,3037,欣興,37857,-1025,903
2026-08-17,3038,全台,1613,16,0
2026-08-17,3040,遠見,10093,-1,1
2026-08-17,3041,揚智,3448,-60,46
2026-08-17,3042,晶技,18889,939,328
2026-08-17,3043,科風,864,8,0
2026-08-17,3044,健鼎,6295,-83,27
2026-08-17,3045,台灣大,1571,-408,136
2026-08-17,3046,建碁,1107,-27,19
2026-08-17,3047,訊舟,6534,12,4
2026-08-17,3048,益登,6470,127,76
2026-08-17,3049,精金,0,0,0
2026-08-17,3050,鈺德,3293,17,0
2026-08-17,3051,力特,4050,19,0
2026-08-17,3052,夆典,1786,-10,0
2026-08-17,3054,立萬利,1028,4,0
2026-08-17,3055,蔚華科,6147,12,46
2026-08-17,3056,富華新,3555,3,2
2026-08-17,3057,喬鼎,0,0,0
2026-08-17,3058,立德,0,0,0
2026-08-17,3059,華晶科,10844,-20,17
2026-08-17,3060,銘異,8465,81,12
2026-08-17,3062,建漢,9679,12,53
2026-08-17,3090,日電貿,8139,-11,158
2026-08-17,3092,鴻碩,3596,5,5
2026-08-17,3094,聯傑,3027,92,119
2026-08-17,3130,一零四,7,1,0
2026-08-17,3135,凌航,3082,-82,163
2026-08-17,3138,耀登,2003,26,3
2026-08-17,3149,正達,22564,11,153
2026-08-17,3150,鈺寶-創,240,15,0
2026-08-17,3164,景岳,303,0,8
2026-08-17,3167,大量,6461,2,23
2026-08-17,3168,眾福科,37,0,0
2026-08-17,3189,景碩,21935,-286,310
2026-08-17,3209,全科,4781,-2,8
2026-08-17,3229,晟鈦,0,0,0
2026-08-17,3231,緯創,37228,-799,815
2026-08-17,3257,虹冠電,2453,-13,47
2026-08-17,3266,昇陽,350,0,0
2026-08-17,3296,勝德,1817,2,2
2026-08-17,3305,昇貿,6933,-144,311
2026-08-17,3308,聯德,703,-4,0
2026-08-17,3311,閎暉,2909,6,0
2026-08-17,3312,弘憶股,4973,63,75
2026-08-17,3321,同泰,0,0,0
2026-08-17,3338,泰碩,3469,-32,7
2026-08-17,3346,麗清,2897,-7,8
2026-08-17,3356,奇偶,1674,10,11
2026-08-17,3376,新日興,11129,146,31
2026-08-17,3380,明泰,5165,-18,9
2026-08-17,3406,玉晶光,4396,790,138
2026-08-17,3413,京鼎,3647,-89,5
2026-08-17,3416,融程電,860,-35,4
2026-08-17,3419,譁裕,1037,-3,0
2026-08-17,3432,台端,0,0,0
2026-08-17,3437,榮創,2632,9,33
2026-08-17,3443,創意,5080,224,123
2026-08-17,3447,展達,1902,-2,27
2026-08-17,3450,聯鈞,13649,-87,327
2026-08-17,3481,群創,318718,1943,5364
2026-08-17,3494,誠研,0,0,0
2026-08-17,3501,維熹,1176,7,0
2026-08-17,3504,揚明光,3097,134,286
2026-08-17,3515,華擎,1719,3,1
2026-08-17,3518,柏騰,4122,16,61
2026-08-17,3528,安馳,2033,-118,11
2026-08-17,3530,晶相光,1273,-4,0
2026-08-17,3532,台勝科,8285,215,246
2026-08-17,3533,嘉澤,1429,48,0
2026-08-17,3535,晶彩科,3873,-16,71
2026-08-17,3543,州巧,4759,-180,198
2026-08-17,3545,敦泰,4433,-18,15
2026-08-17,3550,聯穎,14029,28,16
2026-08-17,3557,嘉威,372,3,0
2026-08-17,3563,牧德,5747,2,3
2026-08-17,3576,聯合再生,0,0,0
2026-08-17,3583,辛耘,1843,-10,14
2026-08-17,3588,通嘉,1719,4,5
2026-08-17,3591,艾笛森,27407,-7,35
2026-08-17,3592,瑞鼎,990,1,0
2026-08-17,3593,力銘,0,0,0
2026-08-17,3596,智易,1750,72,5
2026-08-17,3605,宏致,17191,771,1641
2026-08-17,3607,谷崧,1980,8,3
2026-08-17,3617,碩天,2018,59,33
2026-08-17,3622,洋華,1551,-114,24
2026-08-17,3645,達邁,5465,-75,39
2026-08-17,3652,精聯,679,-1,4
2026-08-17,3653,健策,3111,-22,63
2026-08-17,3661,世芯-KY,6176,-40,52
2026-08-17,3665,貿聯-KY,2631,73,16
2026-08-17,3669,圓展,797,-19,3
2026-08-17,3673,TPK-KY,13511,-126,86
2026-08-17,3679,新至陞,110,-2,0
2026-08-17,3686,達能,0,0,0
2026-08-17,3694,海華,7128,21,21
2026-08-17,3701,大眾控,5917,-48,59
2026-08-17,3702,大聯大,8235,219,148
2026-08-17,3703,欣陸,1513,-61,3
2026-08-17,3704,合勤控,8898,-42,19
2026-08-17,3705,永信,369,0,0
2026-08-17,3706,神達,28250,333,198
2026-08-17,3708,上緯投控,2991,5,1385
2026-08-17,3711,日月光投控,12069,-256,178
2026-08-17,3712,永崴投控,2267,-56,25
2026-08-17,3714,富采,23600,-341,176
2026-08-17,3715,定穎投控,20494,-239,565
2026-08-17,3716,中化控股,591,-37,0
2026-08-17,3717,聯嘉投控,12196,-578,553
2026-08-17,4104,佳醫,109,-3,1
2026-08-17,4106,雃博,664,9,0
2026-08-17,4108,懷特,0,0,0
2026-08-17,4119,旭富,558,-16,54
2026-08-17,4133,亞諾法,1266,-5,0
2026-08-17,4137,麗豐-KY,1097,10,1
2026-08-17,4142,國光生,6488,13,0
2026-08-17,4148,全宇生技-KY,380,1,0
2026-08-17,4155,訊映,924,0,0
2026-08-17,4164,承業醫,5737,-155,0
2026-08-17,4190,佐登-KY,280,0,0
2026-08-17,4306,炎洲,5389,165,8
2026-08-17,4414,如興,754,5,0
2026-08-17,4426,利勤,1059,2,0
2026-08-17,4438,廣越,669,-49,0
2026-08-17,4439,冠星-KY,262,23,11
2026-08-17,4440,宜新實業,154,-11,0
2026-08-17,4441,振大環球,200,-3,0
2026-08-17,4526,東台,5327,-116,86
2026-08-17,4532,瑞智,2329,-1,1
2026-08-17,4536,拓凱,651,-14,0
2026-08-17,4540,全球傳動,4027,307,304
2026-08-17,4545,銘鈺,1187,1,0
2026-08-17,4551,智伸科,2887,-157,17
2026-08-17,4552,力達-KY,2441,1,12
2026-08-17,4555,氣立,2118,-22,46
2026-08-17,4557,永新-KY,436,2,0
2026-08-17,4560,強信-KY,281,-7,0
2026-08-17,4562,穎漢,1796,-9,40
2026-08-17,4564,元翎,10504,77,37
2026-08-17,4566,時碩工業,4540,128,89
2026-08-17,4569,六方科-KY,744,0,0
2026-08-17,4571,鈞興-KY,1149,4,2
2026-08-17,4572,駐龍,326,0,1
2026-08-17,4576,大銀微系統,2645,-129,36
2026-08-17,4581,光隆精密-KY,20,0,0
2026-08-17,4583,台灣精銳,2723,-4,3
2026-08-17,4585,達明,628,4,55
2026-08-17,4588,玖鼎電力,387,0,2
2026-08-17,4590,富田-創,305,97,0
2026-08-17,4720,德淵,3141,-30,1
2026-08-17,4722,國精化,11727,180,101
2026-08-17,4736,泰博,263,35,2
2026-08-17,4737,華廣,1611,-4,0
2026-08-17,4739,康普,7708,142,154
2026-08-17,4746,台耀,2043,-26,1
2026-08-17,4755,三福化,983,1,0
2026-08-17,4763,材料*-KY,42022,962,24
2026-08-17,4764,雙鍵,4202,-108,0
2026-08-17,4766,南寶,1088,10,0
2026-08-17,4770,上品,902,1,8
2026-08-17,4771,望隼,445,16,0
2026-08-17,4807,日成-KY,1149,-1,18
2026-08-17,4904,遠傳,1173,-67,4
2026-08-17,4906,正文,27830,-23,119
2026-08-17,4912,聯德控股-KY,3546,-39,1
2026-08-17,4915,致伸,4564,27,45
2026-08-17,4916,事欣科,8032,155,164
2026-08-17,4919,新唐,12667,-91,1117
2026-08-17,4927,泰鼎-KY,23105,-38,468
2026-08-17,4930,燦星網,3812,3,0
2026-08-17,4934,太極,0,0,0
2026-08-17,4935,茂林-KY,613,1,0
2026-08-17,4938,和碩,5599,191,44
2026-08-17,4942,嘉彰,575,1,0
2026-08-17,4943,康控-KY,0,0,0
2026-08-17,4949,有成精密,2849,30,52
2026-08-17,4952,凌通,1373,-11,5
2026-08-17,4956,光鋐,5138,14,28
2026-08-17,4958,臻鼎-KY,34302,511,370
2026-08-17,4960,誠美材,16156,287,68
2026-08-17,4961,天鈺,1175,23,5
2026-08-17,4967,十銓,7095,40,444
2026-08-17,4968,立積,5193,8,31
2026-08-17,4976,佳凌,4785,-118,307
2026-08-17,4977,眾達-KY,6216,-68,147
2026-08-17,4989,榮科,14706,107,137
2026-08-17,4994,傳奇,1747,-1,4
2026-08-17,4999,鑫禾,401,0,0
2026-08-17,5007,三星,7,0,0
2026-08-17,5203,訊連,1027,-18,0
2026-08-17,5215,科嘉-KY,682,0,0
2026-08-17,5222,全訊,1869,30,0
2026-08-17,5225,東科-KY,1376,-7,42
2026-08-17,5234,達興材料,1492,-25,8
2026-08-17,5236,凌陽創新,243,8,4
2026-08-17,5243,乙盛-KY,9118,-36,54
2026-08-17,5244,弘凱,2322,-10,4
2026-08-17,5258,虹堡,3649,5,2
2026-08-17,5269,祥碩,1930,-10,174
2026-08-17,5283,禾聯碩,47,-17,0
2026-08-17,5284,jpp-KY,3714,9,13
2026-08-17,5285,界霖,4608,-12,46
2026-08-17,5288,豐祥-KY,2662,52,0
2026-08-17,5292,華懋,873,2,0
2026-08-17,5306,桂盟,604,1,0
2026-08-17,5388,中磊,7480,248,18
2026-08-17,5434,崇越,1031,13,1
2026-08-17,5469,瀚宇博,13281,-52,57
2026-08-17,5471,松翰,4553,-105,90
2026-08-17,5484,慧友,0,0,0
2026-08-17,5515,建國,2450,140,12
2026-08-17,5519,隆大,865,1,33
2026-08-17,5521,工信,13065,-69,10
2026-08-17,5522,遠雄,987,-19,4
2026-08-17,5525,順天,320,-1,0
2026-08-17,5531,鄉林,4107,-51,41
2026-08-17,5533,皇鼎,467,-20,1
2026-08-17,5534,長虹,3336,8,0
2026-08-17,5538,東明-KY,83,5,0
2026-08-17,5546,永固-KY,22,0,0
2026-08-17,5607,遠雄港,2064,66,0
2026-08-17,5608,四維航,3847,-32,115
2026-08-17,5706,鳳凰,682,-7,20
2026-08-17,5871,中租-KY,4550,375,2
2026-08-17,5876,上海商銀,784,-7,2
2026-08-17,5880,合庫金,2693,-221,19
2026-08-17,5906,台南-KY,21,0,0
2026-08-17,5907,大洋-KY,5485,2,0
2026-08-17,6005,群益證,5938,26,27
2026-08-17,6024,群益期,231,-5,0
2026-08-17,6108,競國,1603,31,33
2026-08-17,6112,邁達特,2725,-45,4
2026-08-17,6115,鎰勝,30,0,0
2026-08-17,6116,彩晶,35012,3,10636
2026-08-17,6117,迎廣,2390,-18,30
2026-08-17,6120,達運,8266,96,40
2026-08-17,6128,上福,1422,6,0
2026-08-17,6133,金橋,2936,12,0
2026-08-17,6136,富爾特,2727,-46,0
2026-08-17,6139,亞翔,8155,-96,32
2026-08-17,6141,柏承,34,0,0
2026-08-17,6142,友勁,0,0,0
2026-08-17,6152,百一,0,0,0
2026-08-17,6153,嘉聯益,13316,22,131
2026-08-17,6155,鈞寶,3333,74,99
2026-08-17,6164,華興,3942,48,2
2026-08-17,6165,浪凡,13014,-72,0
2026-08-17,6166,凌華,2981,-65,76
2026-08-17,6168,宏齊,4085,-34,61
2026-08-17,6176,瑞儀,6096,-21,0
2026-08-17,6177,達麗,2442,-140,0
2026-08-17,6183,關貿,9,0,0
2026-08-17,6184,大豐電,476,29,0
2026-08-17,6189,豐藝,2294,0,6
2026-08-17,6191,精成科,18587,-82,115
2026-08-17,6192,巨路,789,30,0
2026-08-17,6196,帆宣,1492,-50,17
2026-08-17,6197,佳必琪,5595,76,75
2026-08-17,6201,亞弘電,38,0,0
2026-08-17,6202,盛群,4607,18,17
2026-08-17,6205,詮欣,3654,4,5
2026-08-17,6206,飛捷,2600,-69,19
2026-08-17,6209,今國光,13493,184,74
2026-08-17,6213,聯茂,18100,-216,1216
2026-08-17,6214,精誠,3411,1546,93
2026-08-17,6215,和椿,5147,135,119
2026-08-17,6216,居易,710,-14,0
2026-08-17,6224,聚鼎,1793,8,25
2026-08-17,6225,天瀚,0,0,0
2026-08-17,6226,光鼎,3403,301,151
2026-08-17,6230,尼得科超眾,471,-2,1
2026-08-17,6235,華孚,4425,16,16
2026-08-17,6239,力成,22825,-149,90
2026-08-17,6243,迅杰,1869,9,151
2026-08-17,6257,矽格,10761,89,142
2026-08-17,6269,台郡,10021,143,225
2026-08-17,6271,同欣電,7156,-135,53
2026-08-17,6272,驊陞,45,2,0
2026-08-17,6277,宏正,563,178,13
2026-08-17,6278,台表科,9566,91,93
2026-08-17,6281,全國電,21,0,0
2026-08-17,6282,康舒,24021,163,12
2026-08-17,6283,淳安,2259,-3,1
2026-08-17,6285,啟碁,14136,98,112
2026-08-17,6405,悅城,5253,-43,24
2026-08-17,6409,旭隼,1115,-28,0
2026-08-17,6412,群電,2821,-38,4
2026-08-17,6414,樺漢,2085,-23,27
2026-08-17,6415,矽力*-KY,4506,-22,84
2026-08-17,6416,瑞祺電通,3838,-23,0
2026-08-17,6426,統新,2938,128,94
2026-08-17,6431,光麗-KY,0,0,0
2026-08-17,6438,迅得,3675,-58,13
2026-08-17,6442,光聖,4471,99,43
2026-08-17,6443,元晶,7520,-27,366
2026-08-17,6446,藥華藥,8913,-5,29
2026-08-17,6449,鈺邦,2074,4,9
2026-08-17,6451,訊芯-KY,8187,224,254
2026-08-17,6456,GIS-KY,15072,-55,298
2026-08-17,6464,台數科,1,0,0
2026-08-17,6472,保瑞,3478,-5,29
2026-08-17,6477,安集,3840,308,165
2026-08-17,6491,晶碩,476,-5,0
2026-08-17,6504,南六,110,0,0
2026-08-17,6505,台塑化,12354,-15,239
2026-08-17,6515,穎崴,511,2,1
2026-08-17,6525,捷敏-KY,2486,14,19
2026-08-17,6526,達發,1234,-18,2
2026-08-17,6531,愛普*,5652,1,43
2026-08-17,6533,晶心科,2103,-79,39
2026-08-17,6534,正瀚-創,1794,21,0
2026-08-17,6541,泰福-KY,3815,1,0
2026-08-17,6550,北極星藥業-KY,0,0,0
2026-08-17,6552,易華電,1084,1,6
2026-08-17,6558,興能高,2608,-10,4
2026-08-17,6573,虹揚-KY,0,0,0
2026-08-17,6579,研揚,1314,14,1
2026-08-17,6581,鋼聯,5,0,0
2026-08-17,6582,申豐,345,0,0
2026-08-17,6585,鼎基,1623,30,57
2026-08-17,6589,台康生技,2802,56,5
2026-08-17,6591,動力-KY,1754,0,1
2026-08-17,6592,和潤企業,725,-1,1
2026-08-17,6598,ABC-KY,0,0,0
2026-08-17,6605,帝寶,2276,17,7
2026-08-17,6606,建德工業,629,0,0
2026-08-17,6614,資拓宏宇,74,1,0
2026-08-17,6625,必應,812,1,0
2026-08-17,6641,基士德-KY,102,1,0
2026-08-17,6645,金萬林-創,11,0,0
2026-08-17,6655,科定,2,0,0
2026-08-17,6657,華安,1291,-1,0
2026-08-17,6658,聯策,1501,-20,7
2026-08-17,6666,羅麗芬-KY,287,0,0
2026-08-17,6668,中揚光,2801,20,14
2026-08-17,6669,緯穎,1406,49,27
2026-08-17,6670,復盛應用,402,-5,1
2026-08-17,6671,三能-KY,86,0,0
2026-08-17,6672,騰輝電子-KY,6116,120,96
2026-08-17,6674,鋐寶科技,228,-14,3
2026-08-17,6689,伊雲谷,1260,6,2
2026-08-17,6691,洋基工程,1498,-11,0
2026-08-17,6695,芯鼎,3520,-9,27
2026-08-17,6698,旭暉應材,2005,-3,32
2026-08-17,6706,惠特,8371,82,155
2026-08-17,6715,嘉基,7010,123,41
2026-08-17,6719,力智,3803,84,3
2026-08-17,6722,輝創,89,3,0
2026-08-17,6742,澤米,1826,-5,4
2026-08-17,6743,安普新,591,2,0
2026-08-17,6753,龍德造船,5720,-145,42
2026-08-17,6754,匯僑設計,117,0,0
2026-08-17,6756,威鋒電子,585,-3,2
2026-08-17,6757,台灣虎航,3414,-47,7
2026-08-17,6768,志強-KY,1198,-25,18
2026-08-17,6770,力積電,137075,6210,6002
2026-08-17,6771,平和環保-創,132,-2,0
2026-08-17,6776,展碁國際,648,5,0
2026-08-17,6781,AES-KY,2439,-69,8
2026-08-17,6782,視陽,405,3,0
2026-08-17,6789,采鈺,4782,-17,23
2026-08-17,6790,永豐實,586,1,0
2026-08-17,6792,詠業,270,-1,7
2026-08-17,6794,向榮生技,269,-6,0
2026-08-17,6796,晉弘,584,1,0
2026-08-17,6799,來頡,2015,8,0
2026-08-17,6805,富世達,2925,101,0
2026-08-17,6807,峰源-KY,154,0,0
2026-08-17,6830,汎銓,3793,10,65
2026-08-17,6831,邁科,797,15,38
2026-08-17,6834,天二科技,4092,42,141
2026-08-17,6835,圓裕,789,0,0
2026-08-17,6838,台新藥,2552,-6,0
2026-08-17,6854,錼創科技-KY創,2411,-18,10
2026-08-17,6861,睿生光電,1784,-9,4
2026-08-17,6862,三集瑞-KY,867,-9,8
2026-08-17,6863,永道-KY,1311,140,0
2026-08-17,6869,雲豹能源,2850,15,14
2026-08-17,6873,泓德能源,3324,-40,4
2026-08-17,6885,全福生技,2383,-2,20
2026-08-17,6887,寶綠特-KY,1000,5,0
2026-08-17,6890,來億-KY,817,32,0
2026-08-17,6901,鑽石投資,7218,34,106
2026-08-17,6902,GOGOLOOK,564,-25,0
2026-08-17,6906,現觀科,482,0,0
2026-08-17,6909,創控,1475,10,7
2026-08-17,6914,阜爾運通,362,0,0
2026-08-17,6916,華凌,394,6,0
2026-08-17,6918,愛派司,89,2,0
2026-08-17,6919,康霈*,0,0,0
2026-08-17,6923,中台,1718,-1,0
2026-08-17,6928,攸泰科技,726,-12,10
2026-08-17,6931,青松健康,132,1,0
2026-08-17,6933,AMAX-KY,938,-10,5
2026-08-17,6934,心誠鎂,25,0,0
2026-08-17,6936,永鴻生技,243,0,0
2026-08-17,6937,天虹,1496,-5,13
2026-08-17,6944,兆聯實業,862,-24,36
2026-08-17,6949,沛爾生醫-創,5453,176,4
2026-08-17,6951,青新-創,77,0,0
2026-08-17,6952,大武山,59,0,0
2026-08-17,6957,裕慶-KY,1568,-44,18
2026-08-17,6958,日盛台駿,120,0,0
2026-08-17,6962,奕力-KY,8916,-23,11
2026-08-17,6965,中傑-KY,42,0,0
2026-08-17,6994,富威電力,3021,6,61
2026-08-17,7631,聚賢研發-創,303,5,0
2026-08-17,7705,三商餐飲,95,0,0
2026-08-17,7711,永擎,1619,27,35
2026-08-17,7721,微程式,1120,-3,0
2026-08-17,7722,LINEPAY,402,-40,0
2026-08-17,7730,暉盛-創,560,26,1
2026-08-17,7732,金興精密,80,2,0
2026-08-17,7736,虎山,70,1,0
2026-08-17,7740,熙特爾-創,1939,-7,1
2026-08-17,7749,意騰-KY,1060,0,0
2026-08-17,7750,新代,624,-1,1
2026-08-17,7765,中華資安,457,1,0
2026-08-17,7769,鴻勁,328,-5,2
2026-08-17,7780,大研生醫*,313,4,1
2026-08-17,7786,東方風能,234,-27,0
2026-08-17,7788,松川精密,2169,275,22
2026-08-17,7791,皇家可口,20,1,0
2026-08-17,7795,長廣,1895,88,25
2026-08-17,7799,禾榮科,1246,3,4
2026-08-17,7823,奧義賽博-KY創,1,0,0
2026-08-17,8011,台通,3303,-67,1
2026-08-17,8016,矽創,1422,-7,2
2026-08-17,8021,尖點,10165,-446,122
2026-08-17,8028,昇陽半導體,5089,-140,47
2026-08-17,8033,雷虎,7900,902,1133
2026-08-17,8039,台虹,21901,101,2106
2026-08-17,8045,達運光電,4912,31,1
2026-08-17,8046,南電,11601,583,723
2026-08-17,8070,長華*,5334,48,17
2026-08-17,8072,陞泰,1722,-87,0
2026-08-17,8081,致新,1643,-28,3
2026-08-17,8101,華冠,0,0,0
2026-08-17,8103,瀚荃,3372,-16,4
2026-08-17,8104,錸寶,3388,-6,11
2026-08-17,8105,凌巨,8061,-157,1764
2026-08-17,8110,華東,14903,0,374
2026-08-17,8112,至上,16891,465,2477
2026-08-17,8114,振樺電,1302,10,8
2026-08-17,8131,福懋科,4619,-35,110
2026-08-17,8150,南茂,21418,-89,350
2026-08-17,8162,微矽電子-創,1606,41,0
2026-08-17,8163,達方,2393,-2,15
2026-08-17,8201,無敵,0,0,0
2026-08-17,8210,勤誠,3179,-3,18
2026-08-17,8213,志超,3645,17,0
2026-08-17,8215,明基材,3078,1,31
2026-08-17,8222,寶一,3373,-71,26
2026-08-17,8249,菱光,3807,-6,12
2026-08-17,8261,富鼎,7194,152,38
2026-08-17,8271,宇瞻,6118,8,615
2026-08-17,8341,日友,374,-3,0
2026-08-17,8367,建新國際,12,0,0
2026-08-17,8374,羅昇,1637,99,32
2026-08-17,8404,百和興業-KY,3672,2,0
2026-08-17,8411,福貞-KY,47,0,0
2026-08-17,8422,可寧衛*,24489,72,140
2026-08-17,8429,金麗-KY,14436,2,0
2026-08-17,8438,昶昕,3355,-6,0
2026-08-17,8442,威宏-KY,656,-8,20
2026-08-17,8443,阿瘦,28,0,0
2026-08-17,8454,富邦媒,1536,-13,50
2026-08-17,8462,柏文,1074,4,6
2026-08-17,8463,潤泰材,112,14,0
2026-08-17,8464,億豐,73,8,0
2026-08-17,8466,美吉吉-KY,1292,0,0
2026-08-17,8467,波力-KY,237,-1,0
2026-08-17,8473,山林水,3409,-19,253
2026-08-17,8476,台境*,18351,37,127
2026-08-17,8478,東哥遊艇,1004,5,3
2026-08-17,8481,政伸,5,0,0
2026-08-17,8482,商億-KY,161,0,0
2026-08-17,8487,愛爾達-創,39,0,0
2026-08-17,8488,吉源-KY,21,1,0
2026-08-17,8499,鼎炫-KY,595,-1,0
2026-08-17,8926,台汽電,6676,-19,38
2026-08-17,8940,新天地,95,2,0
2026-08-17,8996,高力,5964,285,132
2026-08-17,9802,鈺齊-KY,2158,-25,7
2026-08-17,9902,台火,3173,4,1
2026-08-17,9904,寶成,28652,1676,7
2026-08-17,9905,大華,31,0,0
2026-08-17,9906,欣巴巴,412,-10,0
2026-08-17,9907,統一實,4083,0,2
2026-08-17,9908,大台北,127,0,0
2026-08-17,9910,豐泰,2082,9,0
2026-08-17,9911,櫻花,391,-6,0
2026-08-17,9912,偉聯,0,0,0
2026-08-17,9914,美利達,2197,-105,16
2026-08-17,9917,中保科,63,-22,0
2026-08-17,9918,欣天然,50,2,0
2026-08-17,9919,康那香,8136,-1,0
2026-08-17,9921,巨大,1543,71,20
2026-08-17,9924,福興,740,0,0
2026-08-17,9925,新保,2,0,0
2026-08-17,9926,新海,6,-3,0
2026-08-17,9927,泰銘,62,0,0
2026-08-17,9928,中視,494,0,0
2026-08-17,9929,秋雨,0,0,0
2026-08-17,9930,中聯資源,19,0,0
2026-08-17,9931,欣高,65,0,0
2026-08-17,9933,中鼎,4440,-19,33
2026-08-17,9934,成霖,5903,-96,8
2026-08-17,9935,慶豐富,1382,-2,0
2026-08-17,9937,全國,132,-1,0
2026-08-17,9938,百和,3229,24,60
2026-08-17,9939,宏全,1339,-4,0
2026-08-17,9940,信義,1247,5,0
2026-08-17,9941,裕融,987,-5,3
2026-08-17,9942,茂順,22,0,0
2026-08-17,9943,好樂迪,85,1,0
2026-08-17,9944,新麗,5531,1,0
2026-08-17,9945,潤泰新,19988,93,109
2026-08-17,9946,三發地產,897,-34,0
2026-08-17,9955,佳龍,1083,-3,51
2026-08-17,9958,世紀鋼,8231,23,11
2026-08-18,1101,台泥,32744,33,42
2026-08-18,1102,亞泥,1237,-12,23
2026-08-18,1103,嘉泥,4403,-22,0
2026-08-18,1104,環泥,1701,8,0
2026-08-18,1108,幸福,435,-1,44
2026-08-18,1109,信大,277,-1,0
2026-08-18,1110,東泥,2556,26,0
2026-08-18,1201,味全,1403,-15,0
2026-08-18,1203,味王,24,2,0
2026-08-18,1210,大成,670,22,2
2026-08-18,1213,大飲,0,0,0
2026-08-18,1215,卜蜂,419,-15,0
2026-08-18,1216,統一,1031,-3,1
2026-08-18,1217,愛之味,1653,-5,11
2026-08-18,1218,泰山,1624,-37,10
2026-08-18,1219,福壽,219,0,1
2026-08-18,1220,台榮,792,-5,18
2026-08-18,1225,福懋油,6773,-7,0
2026-08-18,1227,佳格,1003,-70,1
2026-08-18,1229,聯華,3106,26,16
2026-08-18,1231,聯華食,263,-2,1
2026-08-18,1232,大統益,178,-15,0
2026-08-18,1233,天仁,22,0,0
2026-08-18,1234,黑松,9,0,0
2026-08-18,1235,興泰,1159,0,0
2026-08-18,1236,宏亞,163,0,0
2026-08-18,1256,鮮活果汁-KY,325,1,1
2026-08-18,1301,台塑,19961,73,444
2026-08-18,1303,南亞,45963,-1937,1913
2026-08-18,1304,台聚,10061,29,68
2026-08-18,1305,華夏,6192,176,24
2026-08-18,1307,三芳,1421,0,0
2026-08-18,1308,亞聚,6154,171,15
2026-08-18,1309,台達化,7320,89,79
2026-08-18,1310,台苯,11210,-301,90
2026-08-18,1312,國喬,38251,-280,153
2026-08-18,1313,聯成,10974,1,18
2026-08-18,1314,中石化,65614,-761,34
2026-08-18,1315,達新,39,7,0
2026-08-18,1316,上曜,9276,56,75
2026-08-18,1319,東陽,6928,9,7
2026-08-18,1321,大洋,7252,6,1
2026-08-18,1323,永裕,81,0,0
2026-08-18,1324,地球,1263,0,0
2026-08-18,1325,恆大,2214,-25,77
2026-08-18,1326,台化,31159,-429,203
2026-08-18,1337,再生-KY,21515,-5,0
2026-08-18,1338,廣華-KY,4031,-1,0
2026-08-18,1339,昭輝,943,27,0
2026-08-18,1340,勝悅-KY,1028,5,0
2026-08-18,1342,八貫,530,-1,3
2026-08-18,1402,遠東新,7338,-473,62
2026-08-18,1409,新纖,22230,-367,59
2026-08-18,1410,南染,247,6,0
2026-08-18,1413,宏洲,0,0,0
2026-08-18,1414,東和,1296,-33,0
2026-08-18,1416,廣豐,5547,-14,49
2026-08-18,1417,嘉裕,1980,0,0
2026-08-18,1418,東華,772,0,0
2026-08-18,1419,新紡,1257,11,0
2026-08-18,1423,利華,86,0,0
2026-08-18,1432,大魯閣,123,-1,0
2026-08-18,1434,福懋,6826,-16,0
2026-08-18,1435,中福,0,0,0
2026-08-18,1436,華友聯,990,-2,2
2026-08-18,1437,勤益控,3265,16,0
2026-08-18,1438,三地開發,137,0,0
2026-08-18,1439,雋揚,1018,0,0
2026-08-18,1440,南紡,5476,-55,0
2026-08-18,1441,大東,0,0,0
2026-08-18,1442,名軒,2626,-1,10
2026-08-18,1443,立益物流,8,0,0
2026-08-18,1444,力麗,513,-25,0
2026-08-18,1445,大宇,1369,0,16
2026-08-18,1446,宏和,1457,17,0
2026-08-18,1447,力鵬,673,-25,0
2026-08-18,1449,佳和,3083,45,5
2026-08-18,1451,年興,574,0,0
2026-08-18,1452,宏益,108,0,0
2026-08-18,1453,大將,848,2,1
2026-08-18,1454,台富,2168,0,0
2026-08-18,1455,集盛,3168,-74,5
2026-08-18,1456,怡華,787,3,0
2026-08-18,1457,宜進,664,0,1
2026-08-18,1459,聯發,251,-39,0
2026-08-18,1460,宏遠,0,0,0
2026-08-18,1463,強盛新,479,-15,0
2026-08-18,1464,得力,1999,-10,0
2026-08-18,1465,偉全,3059,-61,0
2026-08-18,1466,聚隆,3147,-23,6
2026-08-18,1467,南緯,6869,-86,1
2026-08-18,1468,昶和,0,0,0
2026-08-18,1470,大統新創,4,0,0
2026-08-18,1471,首利,0,0,0
2026-08-18,1472,三洋實業,3882,0,3
2026-08-18,1473,台南,823,0,2
2026-08-18,1474,弘裕,3308,0,0
2026-08-18,1475,業旺,463,2,0
2026-08-18,1476,儒鴻,1351,57,25
2026-08-18,1477,聚陽,1691,128,32
2026-08-18,1503,士電,2850,-25,38
2026-08-18,1504,東元,27454,206,89
2026-08-18,1506,正道,0,0,0
2026-08-18,1512,瑞利,0,0,0
2026-08-18,1513,中興電,6902,44,44
2026-08-18,1514,亞力,6156,-3,63
2026-08-18,1515,力山,2766,20,27
2026-08-18,1516,川飛,2,0,0
2026-08-18,1517,利奇,1972,-25,3
2026-08-18,1519,華城,2858,-15,10
2026-08-18,1521,大億,449,1,0
2026-08-18,1522,堤維西,3658,9,4
2026-08-18,1524,耿鼎,3791,-2,3
2026-08-18,1525,江申,234,3,0
2026-08-18,1526,日馳,735,-34,11
2026-08-18,1527,鑽全,514,2,0
2026-08-18,1528,恩德,5519,-126,33
2026-08-18,1529,樂事綠能,2754,26,688
2026-08-18,1530,亞崴,258,-1,0
2026-08-18,1531,高林股,1720,3,4
2026-08-18,1532,勤美,2848,-27,0
2026-08-18,1533,車王電,549,-7,2
2026-08-18,1535,中宇,56,2,0
2026-08-18,1536,和大,6829,-156,154
2026-08-18,1537,廣隆,64,-2,0
2026-08-18,1538,正峰,0,0,0
2026-08-18,1539,巨庭,1216,-3,0
2026-08-18,1540,喬福,1493,0,1
2026-08-18,1541,錩泰,104,-1,0
2026-08-18,1558,伸興,184,-10,0
2026-08-18,1560,中砂,1315,-46,104
2026-08-18,1563,巧新,5136,-41,3
2026-08-18,1568,倉佑,2121,-32,1
2026-08-18,1582,信錦,3610,-16,5
2026-08-18,1583,程泰,69,0,0
2026-08-18,1587,吉茂,1665,2,26
2026-08-18,1589,永冠-KY,647,0,0
2026-08-18,1590,亞德客-KY,189,-20,0
2026-08-18,1597,直得,2745,-101,0
2026-08-18,1598,岱宇,2144,-2,0
2026-08-18,1603,華電,2033,12,2
2026-08-18,1604,聲寶,197,2,0
2026-08-18,1605,華新,40460,-61,781
2026-08-18,1608,華榮,7350,-36,47
2026-08-18,1609,大亞,11853,-134,16
2026-08-18,1611,中電,3148,7,4
2026-08-18,1612,宏泰,1891,-18,3
2026-08-18,1614,三洋電,297,-5,0
2026-08-18,1615,大山,152,-11,0
2026-08-18,1616,億泰,2637,-2,1
2026-08-18,1617,榮星,1516,-4,1
2026-08-18,1618,合機,3270,-46,1
2026-08-18,1623,大東電,86,3,0
2026-08-18,1626,艾美特-KY,1639,2,0
2026-08-18,1702,南僑,294,-3,0
2026-08-18,1707,葡萄王,334,1,20
2026-08-18,1708,東鹼,6085,169,62
2026-08-18,1709,和益,27790,479,37
2026-08-18,1710,東聯,11792,440,58
2026-08-18,1711,永光,14758,104,203
2026-08-18,1712,興農,453,-1,0
2026-08-18,1713,國化,2932,6,0
2026-08-18,1714,和桐,17823,417,0
2026-08-18,1717,長興,16013,-107,547
2026-08-18,1718,中纖,20541,-144,139
2026-08-18,1720,生達,299,2,0
2026-08-18,1721,三晃,125,-1,0
2026-08-18,1722,台肥,2825,-22,0
2026-08-18,1723,中碳,711,28,2
2026-08-18,1725,元禎,251,-4,0
2026-08-18,1726,永記,24,0,0
2026-08-18,1727,中華化,6575,986,330
2026-08-18,1730,花仙子,5,0,0
2026-08-18,1731,美吾華,270,-2,0
2026-08-18,1732,毛寶,773,0,32
2026-08-18,1733,五鼎,2454,2,6
2026-08-18,1734,杏輝,279,0,0
2026-08-18,1735,日勝化,699,1,0
2026-08-18,1736,喬山,1758,-4,12
2026-08-18,1737,臺鹽,27,5,0
2026-08-18,1752,南光,321,0,0
2026-08-18,1760,寶齡富錦,1003,-10,0
2026-08-18,1762,中化生,816,0,1
2026-08-18,1773,勝一,1086,-25,1
2026-08-18,1776,展宇,660,0,1
2026-08-18,1783,和康生,526,2,0
2026-08-18,1786,科妍,4916,-63,0
2026-08-18,1789,神隆,3275,-11,9
2026-08-18,1795,美時,8431,-9,7
2026-08-18,1802,台玻,34341,180,1062
2026-08-18,1805,寶徠,1486,0,0
2026-08-18,1806,冠軍,2699,-48,168
2026-08-18,1808,潤隆,5640,9,2
2026-08-18,1809,中釉,5454,6,48
2026-08-18,1810,和成,22318,903,224
2026-08-18,1817,凱撒衛,16,0,0
2026-08-18,1903,士紙,2375,0,0
2026-08-18,1904,正隆,4788,119,26
2026-08-18,1905,華紙,13029,-10,25
2026-08-18,1906,寶隆,7272,-15,1
2026-08-18,1907,永豐餘,24090,-15,3
2026-08-18,1909,榮成,11140,320,121
2026-08-18,2002,中鋼,43430,-160,94
2026-08-18,2006,東和鋼鐵,1100,-53,14
2026-08-18,2007,燁興,5,0,0
2026-08-18,2008,高興昌,92,0,0
2026-08-18,2009,第一銅,6677,41,42
2026-08-18,2010,春源,2062,-25,0
2026-08-18,2012,春雨,200,3,0
2026-08-18,2013,中鋼構,1409,-1,0
2026-08-18,2014,中鴻,1073,0,0
2026-08-18,2015,豐興,36,-4,0
2026-08-18,2017,官田鋼,8166,19,0
2026-08-18,2020,美亞,682,-17,0
2026-08-18,2022,聚亨,2178,-8,0
2026-08-18,2023,燁輝,2698,-82,53
2026-08-18,2024,志聯,69,1,0
2026-08-18,2025,千興,0,0,0
2026-08-18,2027,大成鋼,24912,478,673
2026-08-18,2028,威致,1155,-10,0
2026-08-18,2029,盛餘,424,1,0
2026-08-18,2030,彰源,4406,57,56
2026-08-18,2031,新光鋼,1982,-19,8
2026-08-18,2032,新鋼,2682,7,0
2026-08-18,2033,佳大,3167,159,63
2026-08-18,2034,允強,3384,-37,42
2026-08-18,2038,海光,3503,-34,0
2026-08-18,2049,上銀,3512,-70,123
2026-08-18,2059,川湖,585,-10,6
2026-08-18,2062,橋椿,1328,-1,1
2026-08-18,2069,運錩,420,-1,9
2026-08-18,2101,南港,19710,-183,5
2026-08-18,2102,泰豐,3524,-1,4
2026-08-18,2103,台橡,13966,87,224
2026-08-18,2104,國際中橡,19650,-122,48
2026-08-18,2105,正新,9696,-78,21
2026-08-18,2106,建大,2939,8,2
2026-08-18,2107,厚生,78,3,0
2026-08-18,2108,南帝,2147,30,52
2026-08-18,2109,華豐,681,0,0
2026-08-18,2114,鑫永銓,6,0,0
2026-08-18,2115,六暉-KY,478,-5,3
2026-08-18,2201,裕隆,9885,105,0
2026-08-18,2204,中華,1356,-11,0
2026-08-18,2206,三陽工業,3803,-14,1
2026-08-18,2207,和泰車,75,2,0
2026-08-18,2208,台船,0,0,0
2026-08-18,2211,長榮鋼,665,-2,0
2026-08-18,2228,劍麟,1515,-26,6
2026-08-18,2231,為升,2626,-6,108
2026-08-18,2233,宇隆,4046,-34,12
2026-08-18,2236,百達-KY,11460,-10,90
2026-08-18,2239,英利-KY,1606,7,0
2026-08-18,2241,艾姆勒,7723,-2,44
2026-08-18,2243,宏旭-KY,1275,-16,9
2026-08-18,2247,汎德永業,110,0,1
2026-08-18,2248,華勝-KY,564,-5,0
2026-08-18,2250,IKKA-KY,1151,-4,2
2026-08-18,2254,巨鎧精密-創,2510,0,0
2026-08-18,2301,光寶科,13778,379,0
2026-08-18,2302,麗正,3867,83,217
2026-08-18,2303,聯電,159472,-4618,2554
2026-08-18,2305,全友,6540,-12,77
2026-08-18,2308,台達電,8012,12,57
2026-08-18,2312,金寶,43588,194,446
2026-08-18,2313,華通,30631,94,1078
2026-08-18,2314,台揚,0,0,0
2026-08-18,2316,楠梓電,3898,88,50
2026-08-18,2317,鴻海,51664,210,567
2026-08-18,2321,東訊,0,0,0
2026-08-18,2323,中環,30170,679,107
2026-08-18,2324,仁寶,54301,-918,1704
2026-08-18,2327,國巨*,36802,-881,624
2026-08-18,2328,廣宇,16167,-110,132
2026-08-18,2329,華泰,13753,92,288
2026-08-18,2330,台積電,27856,129,36
2026-08-18,2331,精英,10262,477,58
2026-08-18,2332,友訊,27901,-1485,451
2026-08-18,2337,旺宏,95121,1569,2580
2026-08-18,2338,光罩,4970,-4,75
2026-08-18,2340,台亞,7641,206,55
2026-08-18,2342,茂矽,3571,93,80
2026-08-18,2344,華邦電,125690,-3477,4696
2026-08-18,2345,智邦,1736,-132,18
2026-08-18,2347,聯強,1201,77,9
2026-08-18,2348,海悅,2662,-4,10
2026-08-18,2349,錸德,0,0,0
2026-08-18,2351,順德,11936,551,174
2026-08-18,2352,佳世達,15910,221,74
2026-08-18,2353,宏碁,38908,2,2428
2026-08-18,2354,鴻準,27067,-1105,125
2026-08-18,2355,敬鵬,8485,-144,48
2026-08-18,2356,英業達,28372,348,441
2026-08-18,2357,華碩,1541,-11,40
2026-08-18,2359,所羅門,10915,104,665
2026-08-18,2360,致茂,1427,-67,43
2026-08-18,2362,藍天,2830,-19,4
2026-08-18,2363,矽統,16195,-701,0
2026-08-18,2364,倫飛,928,-128,14
2026-08-18,2365,昆盈,8092,-201,25
2026-08-18,2367,燿華,23897,-23,501
2026-08-18,2368,金像電,7179,-527,267
2026-08-18,2369,菱生,13045,-15,168
2026-08-18,2371,大同,47391,986,750
2026-08-18,2373,震旦行,46,0,0
2026-08-18,2374,佳能,15551,-104,0
2026-08-18,2375,凱美,5712,-187,582
2026-08-18,2376,技嘉,6839,-877,171
2026-08-18,2377,微星,14801,66,0
2026-08-18,2379,瑞昱,2547,24,31
2026-08-18,2380,虹光,0,0,0
2026-08-18,2382,廣達,16276,-386,70
2026-08-18,2383,台光電,1838,-45,41
2026-08-18,2385,群光,2769,-37,4
2026-08-18,2387,精元,1275,-2,0
2026-08-18,2388,威盛,9913,152,177
2026-08-18,2390,云辰,2114,25,0
2026-08-18,2392,正崴,4384,117,53
2026-08-18,2393,億光,2309,-45,19
2026-08-18,2395,研華,1735,28,52
2026-08-18,2397,友通,1649,13,3
2026-08-18,2399,映泰,10930,79,382
2026-08-18,2401,凌陽,7591,84,93
2026-08-18,2402,毅嘉,11607,28,70
2026-08-18,2404,漢唐,2265,-26,6
2026-08-18,2405,輔信,7629,-56,36
2026-08-18,2406,國碩,12565,30,386
2026-08-18,2408,南亞科,81712,-1873,3119
2026-08-18,2409,友達,227835,-1298,10833
2026-08-18,2412,中華電,1781,-166,27
2026-08-18,2413,環科,4198,26,1
2026-08-18,2414,精技,283,4,0
2026-08-18,2415,錩新,2491,-9,0
2026-08-18,2417,圓剛,3024,-94,32
2026-08-18,2419,仲琦,5916,19,2
2026-08-18,2420,新巨,601,1,0
2026-08-18,2421,建準,4063,-52,30
2026-08-18,2423,固緯,514,-3,1
2026-08-18,2424,隴華,0,0,0
2026-08-18,2425,承啟,6085,277,66
2026-08-18,2426,鼎元,17552,1269,574
2026-08-18,2427,三商電,5423,9,32
2026-08-18,2428,興勤,2786,-30,10
2026-08-18,2429,銘旺科,318,0,0
2026-08-18,2430,燦坤,92,-3,1
2026-08-18,2431,聯昌,1419,-100,0
2026-08-18,2432,倚天酷碁-創,307,-1,0
2026-08-18,2433,互盛電,24,0,0
2026-08-18,2434,統懋,429,11,8
2026-08-18,2436,偉詮電,6308,321,2001
2026-08-18,2438,翔耀,0,0,0
2026-08-18,2439,美律,3919,22,27
2026-08-18,2440,太空梭,1594,2,6
2026-08-18,2441,超豐,7151,-251,17
2026-08-18,2442,新美齊,3825,1,3
2026-08-18,2444,兆勁,0,0,0
2026-08-18,2449,京元電子,20801,427,277
2026-08-18,2450,神腦,82,-1,0
2026-08-18,2451,創見,6301,-109,473
2026-08-18,2453,凌群,2306,-11,1
2026-08-18,2454,聯發科,9393,-180,50
2026-08-18,2455,全新,12253,596,494
2026-08-18,2457,飛宏,11854,-133,85
2026-08-18,2458,義隆,3619,-20,0
2026-08-18,2459,敦吉,84,-6,0
2026-08-18,2460,建通,207,0,0
2026-08-18,2461,光群雷,8031,49,8
2026-08-18,2462,良得電,2310,2,0
2026-08-18,2464,盟立,18130,-571,904
2026-08-18,2465,麗臺,4086,-131,66
2026-08-18,2466,冠西電,5859,-271,321
2026-08-18,2467,志聖,1718,-263,59
2026-08-18,2468,華經,3347,-3,0
2026-08-18,2471,資通,1279,4,2
2026-08-18,2472,立隆電,5009,-48,0
2026-08-18,2474,可成,8605,-99,10
2026-08-18,2476,鉅祥,41618,-17,23
2026-08-18,2477,美隆電,1249,-2,3
2026-08-18,2478,大毅,9120,-385,41
2026-08-18,2480,敦陽科,446,-1,0
2026-08-18,2481,強茂,16572,664,628
2026-08-18,2482,連宇,1896,-15,0
2026-08-18,2483,百容,1948,49,16
2026-08-18,2484,希華,15178,-180,10
2026-08-18,2485,兆赫,10663,55,215
2026-08-18,2486,一詮,22241,-515,623
2026-08-18,2488,漢平,447,1,0
2026-08-18,2489,瑞軒,27916,0,287
2026-08-18,2491,吉祥全,1643,-111,6
2026-08-18,2492,華新科,14888,-391,569
2026-08-18,2493,揚博,10157,-86,26
2026-08-18,2495,普安,7634,-71,28
2026-08-18,2496,卓越,37,3,0
2026-08-18,2497,怡利電,1776,3,8
2026-08-18,2498,宏達電,28199,84,358
2026-08-18,2501,國建,4459,-38,0
2026-08-18,2504,國產,4865,0,5
2026-08-18,2505,國揚,3330,-45,0
2026-08-18,2506,太設,1837,-6,0
2026-08-18,2509,全坤建,588,-32,1
2026-08-18,2511,太子,2490,29,1
2026-08-18,2514,龍邦,18218,57,1
2026-08-18,2515,中工,29493,41,38
2026-08-18,2516,新建,0,0,0
2026-08-18,2520,冠德,2132,76,0
2026-08-18,2524,京城,3186,0,0
2026-08-18,2527,宏璟,4751,-39,0
2026-08-18,2528,皇普,6380,-21,0
2026-08-18,2530,華建,6835,6,4
2026-08-18,2534,宏盛,10231,0,0
2026-08-18,2535,達欣工,285,-14,3
2026-08-18,2536,宏普,5269,-16,0
2026-08-18,2537,聯上發,3702,12,3
2026-08-18,2538,基泰,2533,-1,0
2026-08-18,2539,櫻花建,1446,-341,0
2026-08-18,2540,愛山林,3016,-18,14
2026-08-18,2542,興富發,4136,-240,139
2026-08-18,2543,皇昌,9182,-35,17
2026-08-18,2545,皇翔,2752,-2,1
2026-08-18,2546,根基,174,5,0
2026-08-18,2547,日勝生,10045,-13,0
2026-08-18,2548,華固,2187,-7,52
2026-08-18,2597,潤弘,158,2,0
2026-08-18,2601,益航,355,-10,0
2026-08-18,2603,長榮,13545,-71,418
2026-08-18,2605,新興,12964,697,82
2026-08-18,2606,裕民,2967,134,37
2026-08-18,2607,榮運,736,1,1
2026-08-18,2608,嘉里大榮,1108,-1,1
2026-08-18,2609,陽明,34403,352,841
2026-08-18,2610,華航,48544,-365,178
2026-08-18,2611,志信,2118,71,3
2026-08-18,2612,中航,1638,35,3
2026-08-18,2613,中櫃,2337,61,1
2026-08-18,2614,東森,5300,1,1
2026-08-18,2615,萬海,14231,-1324,739
2026-08-18,2616,山隆,427,0,0
2026-08-18,2617,台航,2257,78,3
2026-08-18,2618,長榮航,23531,-929,685
2026-08-18,2630,亞航,5560,204,55
2026-08-18,2633,台灣高鐵,1678,3,26
2026-08-18,2634,漢翔,24288,219,967
2026-08-18,2636,台驊控股,644,17,1
2026-08-18,2637,慧洋-KY,2453,228,38
2026-08-18,2642,宅配通,603,0,5
2026-08-18,2645,長榮航太,5290,241,9
2026-08-18,2646,星宇航空,3739,-69,36
2026-08-18,2701,萬企,380,4,0
2026-08-18,2702,華園,429,0,0
2026-08-18,2704,國賓,116,-1,0
2026-08-18,2705,六福,544,5,0
2026-08-18,2706,第一店,660,3,0
2026-08-18,2707,晶華,153,-6,0
2026-08-18,2712,遠雄來,6,0,0
2026-08-18,2722,夏都,420,0,0
2026-08-18,2723,美食-KY,1641,-3,1
2026-08-18,2727,王品,303,3,3
2026-08-18,2731,雄獅,886,39,6
2026-08-18,2739,寒舍,861,-3,0
2026-08-18,2748,雲品,507,4,0
2026-08-18,2753,八方雲集,545,4,2
2026-08-18,2762,世界健身-KY,200,5,0
2026-08-18,2801,彰銀,8059,-284,45
2026-08-18,2812,台中銀,2607,-128,21
2026-08-18,2816,旺旺保,667,42,0
2026-08-18,2820,華票,488,-10,1
2026-08-18,2832,台產,555,0,0
2026-08-18,2834,臺企銀,26194,-155,28
2026-08-18,2836,高雄銀,6436,33,4
2026-08-18,2838,聯邦銀,831,-3,1
2026-08-18,2845,遠東銀,3697,-7,24
2026-08-18,2849,安泰銀,267,9,0
2026-08-18,2850,新產,300,-4,0
2026-08-18,2851,中再保,819,16,2
2026-08-18,2852,第一保,1560,12,0
2026-08-18,2855,統一證,4790,-72,129
2026-08-18,2867,三商壽,1283,-80,0
2026-08-18,2880,華南金,1989,-389,36
2026-08-18,2881,富邦金,6157,-719,189
2026-08-18,2882,國泰金,4086,-286,210
2026-08-18,2883,凱基金,9568,192,71
2026-08-18,2884,玉山金,5026,147,816
2026-08-18,2885,元大金,2253,405,0
2026-08-18,2886,兆豐金,2109,-93,16
2026-08-18,2887,台新新光金,40462,187,751
2026-08-18,2889,國票金,2633,-16,4
2026-08-18,2890,永豐金,2125,34,61
2026-08-18,2891,中信金,3010,-442,49
2026-08-18,2892,第一金,2264,-57,28
2026-08-18,2897,王道銀行,1833,108,4
2026-08-18,2901,欣欣,476,0,0
2026-08-18,2903,遠百,1729,54,30
2026-08-18,2904,匯僑,13,1,0
2026-08-18,2905,三商,7417,-434,5
2026-08-18,2906,高林,540,-49,0
2026-08-18,2908,特力,14037,123,0
2026-08-18,2910,統領,45,-1,0
2026-08-18,2911,麗嬰房,168,-13,0
2026-08-18,2912,統一超,815,-19,0
2026-08-18,2913,農林,6720,-195,1
2026-08-18,2915,潤泰全,8886,-731,25
2026-08-18,2929,淘帝-KY,2064,1,0
2026-08-18,2939,永邑-KY,241,0,0
2026-08-18,3002,歐格,1859,6,16
2026-08-18,3003,健和興,2282,37,29
2026-08-18,3004,豐達科,1934,35,3
2026-08-18,3005,神基,8920,42,66
2026-08-18,3006,晶豪科,15454,-676,582
2026-08-18,3008,大立光,2639,31,32
2026-08-18,3010,華立,1305,92,5
2026-08-18,3011,今皓,3267,24,18
2026-08-18,3013,晟銘電,8439,23,43
2026-08-18,3014,聯陽,2639,-66,22
2026-08-18,3015,全漢,2321,-17,3
2026-08-18,3016,嘉晶,7376,-607,199
2026-08-18,3017,奇鋐,4192,-70,0
2026-08-18,3018,隆銘綠能,0,0,0
2026-08-18,3019,亞光,10543,92,34
2026-08-18,3021,鴻名,599,-15,0
2026-08-18,3022,威強電,5906,-73,9
2026-08-18,3023,信邦,1151,49,5
2026-08-18,3024,憶聲,10537,377,15
2026-08-18,3025,星通,1598,1,1
2026-08-18,3026,禾伸堂,10938,-302,276
2026-08-18,3027,盛達,4610,5,0
2026-08-18,3028,增你強,2916,11,17
2026-08-18,3029,零壹,2853,-64,10
2026-08-18,3030,德律,10188,-19,7
2026-08-18,3031,佰鴻,5152,-23,4
2026-08-18,3032,偉訓,8328,23,8
2026-08-18,3033,威健,9080,-19,513
2026-08-18,3034,聯詠,2711,-45,242
2026-08-18,3035,智原,10087,-31,377
2026-08-18,3036,文曄,11451,-119,78
2026-08-18,3037,欣興,36768,-1089,930
2026-08-18,3038,全台,1609,-4,0
2026-08-18,3040,遠見,10103,10,1
2026-08-18,3041,揚智,3517,69,40
2026-08-18,3042,晶技,19548,659,313
2026-08-18,3043,科風,870,6,0
2026-08-18,3044,健鼎,6265,-30,28
2026-08-18,3045,台灣大,1543,-28,126
2026-08-18,3046,建碁,1073,-34,9
2026-08-18,3047,訊舟,6418,-116,5
2026-08-18,3048,益登,6463,-7,63
2026-08-18,3049,精金,0,0,0
2026-08-18,3050,鈺德,3290,-3,0
2026-08-18,3051,力特,4051,1,0
2026-08-18,3052,夆典,1822,36,0
2026-08-18,3054,立萬利,1003,-25,0
2026-08-18,3055,蔚華科,6297,150,47
2026-08-18,3056,富華新,3558,3,2
2026-08-18,3057,喬鼎,0,0,0
2026-08-18,3058,立德,0,0,0
2026-08-18,3059,華晶科,10976,132,54
2026-08-18,3060,銘異,8388,-77,15
2026-08-18,3062,建漢,9657,-22,54
2026-08-18,3090,日電貿,7777,-362,66
2026-08-18,3092,鴻碩,3603,7,5
2026-08-18,3094,聯傑,3011,-16,135
2026-08-18,3130,一零四,9,2,0
2026-08-18,3135,凌航,3015,-67,130
2026-08-18,3138,耀登,2019,16,1
2026-08-18,3149,正達,22668,104,119
2026-08-18,3150,鈺寶-創,241,1,0
2026-08-18,3164,景岳,304,1,8
2026-08-18,3167,大量,7326,865,102
2026-08-18,3168,眾福科,37,0,0
2026-08-18,3189,景碩,21676,-259,335
2026-08-18,3209,全科,4821,40,12
2026-08-18,3229,晟鈦,0,0,0
2026-08-18,3231,緯創,37557,329,708
2026-08-18,3257,虹冠電,2453,0,46
2026-08-18,3266,昇陽,350,0,0
2026-08-18,3296,勝德,1816,-1,4
2026-08-18,3305,昇貿,6974,41,309
2026-08-18,3308,聯德,706,3,0
2026-08-18,3311,閎暉,2899,-10,0
2026-08-18,3312,弘憶股,4983,10,53
2026-08-18,3321,同泰,0,0,0
2026-08-18,3338,泰碩,3458,-11,8
2026-08-18,3346,麗清,2845,-52,8
2026-08-18,3356,奇偶,1656,-18,13
2026-08-18,3376,新日興,11208,79,33
2026-08-18,3380,明泰,5359,194,9
2026-08-18,3406,玉晶光,4469,73,148
2026-08-18,3413,京鼎,3638,-9,7
2026-08-18,3416,融程電,844,-16,4
2026-08-18,3419,譁裕,1028,-9,0
2026-08-18,3432,台端,0,0,0
2026-08-18,3437,榮創,2640,8,28
2026-08-18,3443,創意,4958,-122,97
2026-08-18,3447,展達,1920,18,28
2026-08-18,3450,聯鈞,14117,468,597
2026-08-18,3481,群創,315481,-3237,5183
2026-08-18,3494,誠研,0,0,0
2026-08-18,3501,維熹,1176,0,0
2026-08-18,3504,揚明光,3254,157,257
2026-08-18,3515,華擎,1654,-65,1
2026-08-18,3518,柏騰,4138,16,57
2026-08-18,3528,安馳,1901,-132,11
2026-08-18,3530,晶相光,1268,-5,0
2026-08-18,3532,台勝科,8418,133,279
2026-08-18,3533,嘉澤,1457,28,1
2026-08-18,3535,晶彩科,3874,1,63
2026-08-18,3543,州巧,4741,-18,179
2026-08-18,3545,敦泰,4465,32,19
2026-08-18,3550,聯穎,13990,-39,15
2026-08-18,3557,嘉威,372,0,0
2026-08-18,3563,牧德,5714,-33,4
2026-08-18,3576,聯合再生,0,0,0
2026-08-18,3583,辛耘,1901,58,26
2026-08-18,3588,通嘉,1719,0,5
2026-08-18,3591,艾笛森,27451,44,35
2026-08-18,3592,瑞鼎,991,1,0
2026-08-18,3593,力銘,0,0,0
2026-08-18,3596,智易,1770,20,6
2026-08-18,3605,宏致,15442,-1749,1408
2026-08-18,3607,谷崧,1993,13,3
2026-08-18,3617,碩天,1944,-74,15
2026-08-18,3622,洋華,1476,-75,25
2026-08-18,3645,達邁,5451,-14,41
2026-08-18,3652,精聯,674,-5,4
2026-08-18,3653,健策,3093,-18,53
2026-08-18,3661,世芯-KY,6080,-96,48
2026-08-18,3665,貿聯-KY,2647,16,19
2026-08-18,3669,圓展,819,22,0
2026-08-18,3673,TPK-KY,13635,124,78
2026-08-18,3679,新至陞,109,-1,0
2026-08-18,3686,達能,0,0,0
2026-08-18,3694,海華,7173,45,20
2026-08-18,3701,大眾控,5925,8,59
2026-08-18,3702,大聯大,8497,262,137
2026-08-18,3703,欣陸,1439,-74,3
2026-08-18,3704,合勤控,9027,129,31
2026-08-18,3705,永信,370,1,0
2026-08-18,3706,神達,28029,-221,166
2026-08-18,3708,上緯投控,2948,-43,1331
2026-08-18,3711,日月光投控,11681,-388,183
2026-08-18,3712,永崴投控,2300,33,22
2026-08-18,3714,富采,23403,-197,182
2026-08-18,3715,定穎投控,20645,151,578
2026-08-18,3716,中化控股,477,-114,0
2026-08-18,3717,聯嘉投控,12363,167,569
2026-08-18,4104,佳醫,108,-1,1
2026-08-18,4106,雃博,670,6,0
2026-08-18,4108,懷特,0,0,0
2026-08-18,4119,旭富,557,-1,54
2026-08-18,4133,亞諾法,1268,2,0
2026-08-18,4137,麗豐-KY,1101,4,1
2026-08-18,4142,國光生,6494,6,0
2026-08-18,4148,全宇生技-KY,380,0,0
2026-08-18,4155,訊映,907,-17,0
2026-08-18,4164,承業醫,5698,-39,0
2026-08-18,4190,佐登-KY,280,0,0
2026-08-18,4306,炎洲,5373,-16,0
2026-08-18,4414,如興,760,6,0
2026-08-18,4426,利勤,1070,11,0
2026-08-18,4438,廣越,651,-18,0
2026-08-18,4439,冠星-KY,270,8,12
2026-08-18,4440,宜新實業,143,-11,0
2026-08-18,4441,振大環球,201,1,0
2026-08-18,4526,東台,5284,-43,81
2026-08-18,4532,瑞智,2313,-16,1
2026-08-18,4536,拓凱,655,4,0
2026-08-18,4540,全球傳動,3899,-128,302
2026-08-18,4545,銘鈺,1180,-7,0
2026-08-18,4551,智伸科,3008,121,10
2026-08-18,4552,力達-KY,2442,1,12
2026-08-18,4555,氣立,2123,5,48
2026-08-18,4557,永新-KY,433,-3,0
2026-08-18,4560,強信-KY,278,-3,0
2026-08-18,4562,穎漢,1790,-6,36
2026-08-18,4564,元翎,10509,5,29
2026-08-18,4566,時碩工業,4462,-78,78
2026-08-18,4569,六方科-KY,744,0,0
2026-08-18,4571,鈞興-KY,1068,-81,0
2026-08-18,4572,駐龍,326,0,1
2026-08-18,4576,大銀微系統,2578,-67,35
2026-08-18,4581,光隆精密-KY,20,0,0
2026-08-18,4583,台灣精銳,2743,20,3
2026-08-18,4585,達明,635,7,54
2026-08-18,4588,玖鼎電力,387,0,2
2026-08-18,4590,富田-創,262,-43,0
2026-08-18,4720,德淵,3122,-19,4
2026-08-18,4722,國精化,11614,-113,105
2026-08-18,4736,泰博,268,5,1
2026-08-18,4737,華廣,1612,1,0
2026-08-18,4739,康普,7978,270,157
2026-08-18,4746,台耀,2046,3,0
2026-08-18,4755,三福化,983,0,0
2026-08-18,4763,材料*-KY,41889,-133,23
2026-08-18,4764,雙鍵,3745,-457,0
2026-08-18,4766,南寶,1086,-2,0
2026-08-18,4770,上品,922,20,9
2026-08-18,4771,望隼,453,8,0
2026-08-18,4807,日成-KY,1149,0,16
2026-08-18,4904,遠傳,1077,-96,14
2026-08-18,4906,正文,27618,-212,141
2026-08-18,4912,聯德控股-KY,3559,13,1
2026-08-18,4915,致伸,4601,37,47
2026-08-18,4916,事欣科,7985,-47,181
2026-08-18,4919,新唐,12616,-51,1089
2026-08-18,4927,泰鼎-KY,23019,-86,474
2026-08-18,4930,燦星網,3825,13,0
2026-08-18,4934,太極,0,0,0
2026-08-18,4935,茂林-KY,613,0,0
2026-08-18,4938,和碩,5608,9,48
2026-08-18,4942,嘉彰,573,-2,0
2026-08-18,4943,康控-KY,0,0,0
2026-08-18,4949,有成精密,2816,-33,68
2026-08-18,4952,凌通,1397,24,6
2026-08-18,4956,光鋐,5180,42,24
2026-08-18,4958,臻鼎-KY,34869,567,417
2026-08-18,4960,誠美材,16036,-120,73
2026-08-18,4961,天鈺,1205,30,5
2026-08-18,4967,十銓,7139,44,954
2026-08-18,4968,立積,5254,61,32
2026-08-18,4976,佳凌,4710,-75,295
2026-08-18,4977,眾達-KY,6381,165,164
2026-08-18,4989,榮科,14803,97,121
2026-08-18,4994,傳奇,1751,4,5
2026-08-18,4999,鑫禾,401,0,0
2026-08-18,5007,三星,7,0,0
2026-08-18,5203,訊連,991,-36,2
2026-08-18,5215,科嘉-KY,687,5,0
2026-08-18,5222,全訊,1883,14,0
2026-08-18,5225,東科-KY,1352,-24,83
2026-08-18,5234,達興材料,1426,-66,8
2026-08-18,5236,凌陽創新,237,-6,4
2026-08-18,5243,乙盛-KY,9126,8,40
2026-08-18,5244,弘凱,2321,-1,4
2026-08-18,5258,虹堡,3612,-37,3
2026-08-18,5269,祥碩,1908,-22,154
2026-08-18,5283,禾聯碩,42,-5,0
2026-08-18,5284,jpp-KY,3782,68,13
2026-08-18,5285,界霖,4657,49,39
2026-08-18,5288,豐祥-KY,2651,-11,0
2026-08-18,5292,華懋,874,1,0
2026-08-18,5306,桂盟,604,0,0
2026-08-18,5388,中磊,7416,-64,14
2026-08-18,5434,崇越,863,-168,2
2026-08-18,5469,瀚宇博,13231,-50,57
2026-08-18,5471,松翰,4542,-11,56
2026-08-18,5484,慧友,0,0,0
2026-08-18,5515,建國,2502,52,15
2026-08-18,5519,隆大,858,-7,33
2026-08-18,5521,工信,13048,-17,8
2026-08-18,5522,遠雄,978,-9,4
2026-08-18,5525,順天,320,0,0
2026-08-18,5531,鄉林,4106,-1,41
2026-08-18,5533,皇鼎,467,0,1
2026-08-18,5534,長虹,3337,1,0
2026-08-18,5538,東明-KY,116,33,0
2026-08-18,5546,永固-KY,22,0,0
2026-08-18,5607,遠雄港,2044,-20,0
2026-08-18,5608,四維航,3888,41,194
2026-08-18,5706,鳳凰,683,1,20
2026-08-18,5871,中租-KY,4375,-175,2
2026-08-18,5876,上海商銀,745,-39,1
2026-08-18,5880,合庫金,2507,-186,11
2026-08-18,5906,台南-KY,21,0,0
2026-08-18,5907,大洋-KY,5490,5,0
2026-08-18,6005,群益證,5777,-161,33
2026-08-18,6024,群益期,230,-1,0
2026-08-18,6108,競國,1645,42,32
2026-08-18,6112,邁達特,2677,-48,2
2026-08-18,6115,鎰勝,30,0,0
2026-08-18,6116,彩晶,34625,-387,10408
2026-08-18,6117,迎廣,2342,-48,28
2026-08-18,6120,達運,8348,82,50
2026-08-18,6128,上福,1421,-1,0
2026-08-18,6133,金橋,2897,-39,0
2026-08-18,6136,富爾特,2529,-198,0
2026-08-18,6139,亞翔,8481,326,32
2026-08-18,6141,柏承,33,-1,0
2026-08-18,6142,友勁,0,0,0
2026-08-18,6152,百一,0,0,0
2026-08-18,6153,嘉聯益,13341,25,117
2026-08-18,6155,鈞寶,3300,-33,80
2026-08-18,6164,華興,3956,14,2
2026-08-18,6165,浪凡,12961,-53,0
2026-08-18,6166,凌華,2885,-96,61
2026-08-18,6168,宏齊,4118,33,59
2026-08-18,6176,瑞儀,6081,-15,0
2026-08-18,6177,達麗,2396,-46,0
2026-08-18,6183,關貿,9,0,0
2026-08-18,6184,大豐電,476,0,0
2026-08-18,6189,豐藝,2319,25,4
2026-08-18,6191,精成科,18553,-34,117
2026-08-18,6192,巨路,797,8,0
2026-08-18,6196,帆宣,1481,-11,17
2026-08-18,6197,佳必琪,5693,98,75
2026-08-18,6201,亞弘電,38,0,0
2026-08-18,6202,盛群,4547,-60,20
2026-08-18,6205,詮欣,3648,-6,5
2026-08-18,6206,飛捷,2424,-176,18
2026-08-18,6209,今國光,12912,-581,67
2026-08-18,6213,聯茂,17760,-340,1253
2026-08-18,6214,精誠,3240,-171,53
2026-08-18,6215,和椿,5073,-74,118
2026-08-18,6216,居易,702,-8,0
2026-08-18,6224,聚鼎,1855,62,27
2026-08-18,6225,天瀚,0,0,0
2026-08-18,6226,光鼎,4045,642,195
2026-08-18,6230,尼得科超眾,472,1,1
2026-08-18,6235,華孚,4446,21,15
2026-08-18,6239,力成,22181,-644,131
2026-08-18,6243,迅杰,1799,-70,134
2026-08-18,6257,矽格,10994,233,134
2026-08-18,6269,台郡,10298,277,200
2026-08-18,6271,同欣電,7132,-24,55
2026-08-18,6272,驊陞,47,2,0
2026-08-18,6277,宏正,459,-104,11
2026-08-18,6278,台表科,9384,-182,87
2026-08-18,6281,全國電,21,0,0
2026-08-18,6282,康舒,23823,-198,84
2026-08-18,6283,淳安,2262,3,1
2026-08-18,6285,啟碁,14069,-67,107
2026-08-18,6405,悅城,5249,-4,21
2026-08-18,6409,旭隼,1034,-81,2
2026-08-18,6412,群電,2824,3,13
2026-08-18,6414,樺漢,2134,49,14
2026-08-18,6415,矽力*-KY,4505,-1,77
2026-08-18,6416,瑞祺電通,3909,71,0
2026-08-18,6426,統新,3058,120,97
2026-08-18,6431,光麗-KY,0,0,0
2026-08-18,6438,迅得,3675,0,15
2026-08-18,6442,光聖,4443,-28,37
2026-08-18,6443,元晶,7489,-31,366
2026-08-18,6446,藥華藥,9003,90,28
2026-08-18,6449,鈺邦,2092,18,11
2026-08-18,6451,訊芯-KY,8679,492,267
2026-08-18,6456,GIS-KY,15187,115,204
2026-08-18,6464,台數科,1,0,0
2026-08-18,6472,保瑞,3505,27,19
2026-08-18,6477,安集,3857,17,186
2026-08-18,6491,晶碩,464,-12,0
2026-08-18,6504,南六,112,2,0
2026-08-18,6505,台塑化,12118,-236,234
2026-08-18,6515,穎崴,518,7,1
2026-08-18,6525,捷敏-KY,2588,102,19
2026-08-18,6526,達發,1266,32,2
2026-08-18,6531,愛普*,5603,-49,41
2026-08-18,6533,晶心科,2061,-42,39
2026-08-18,6534,正瀚-創,1800,6,0
2026-08-18,6541,泰福-KY,3864,49,8
2026-08-18,6550,北極星藥業-KY,0,0,0
2026-08-18,6552,易華電,1086,2,6
2026-08-18,6558,興能高,2603,-5,4
2026-08-18,6573,虹揚-KY,0,0,0
2026-08-18,6579,研揚,1327,13,0
2026-08-18,6581,鋼聯,5,0,0
2026-08-18,6582,申豐,345,0,0
2026-08-18,6585,鼎基,1610,-13,60
2026-08-18,6589,台康生技,2792,-10,7
2026-08-18,6591,動力-KY,1754,0,1
2026-08-18,6592,和潤企業,726,1,1
2026-08-18,6598,ABC-KY,0,0,0
2026-08-18,6605,帝寶,2276,0,7
2026-08-18,6606,建德工業,620,-9,0
2026-08-18,6614,資拓宏宇,75,1,0
2026-08-18,6625,必應,811,-1,0
2026-08-18,6641,基士德-KY,101,-1,0
2026-08-18,6645,金萬林-創,11,0,0
2026-08-18,6655,科定,2,0,0
2026-08-18,6657,華安,1202,-89,0
2026-08-18,6658,聯策,1466,-35,4
2026-08-18,6666,羅麗芬-KY,288,1,0
2026-08-18,6668,中揚光,2776,-25,14
2026-08-18,6669,緯穎,1328,-78,25
2026-08-18,6670,復盛應用,384,-18,1
2026-08-18,6671,三能-KY,86,0,0
2026-08-18,6672,騰輝電子-KY,6126,10,115
2026-08-18,6674,鋐寶科技,229,1,3
2026-08-18,6689,伊雲谷,1250,-10,0
2026-08-18,6691,洋基工程,1592,94,0
2026-08-18,6695,芯鼎,3439,-81,25
2026-08-18,6698,旭暉應材,2005,0,32
2026-08-18,6706,惠特,8023,-348,150
2026-08-18,6715,嘉基,6963,-47,43
2026-08-18,6719,力智,3766,-37,5
2026-08-18,6722,輝創,91,2,0
2026-08-18,6742,澤米,1941,115,3
2026-08-18,6743,安普新,551,-40,0
2026-08-18,6753,龍德造船,5721,1,19
2026-08-18,6754,匯僑設計,117,0,0
2026-08-18,6756,威鋒電子,588,3,2
2026-08-18,6757,台灣虎航,3321,-93,8
2026-08-18,6768,志強-KY,1229,31,18
2026-08-18,6770,力積電,138303,1228,4760
2026-08-18,6771,平和環保-創,129,-3,0
2026-08-18,6776,展碁國際,646,-2,0
2026-08-18,6781,AES-KY,2271,-168,5
2026-08-18,6782,視陽,409,4,0
2026-08-18,6789,采鈺,4773,-9,22
2026-08-18,6790,永豐實,586,0,0
2026-08-18,6792,詠業,268,-2,7
2026-08-18,6794,向榮生技,272,3,0
2026-08-18,6796,晉弘,583,-1,0
2026-08-18,6799,來頡,2032,17,0
2026-08-18,6805,富世達,3033,108,0
2026-08-18,6807,峰源-KY,153,-1,0
2026-08-18,6830,汎銓,3804,11,67
2026-08-18,6831,邁科,778,-19,35
2026-08-18,6834,天二科技,4040,-52,153
2026-08-18,6835,圓裕,791,2,0
2026-08-18,6838,台新藥,2514,-38,0
2026-08-18,6854,錼創科技-KY創,2392,-19,9
2026-08-18,6861,睿生光電,1751,-33,4
2026-08-18,6862,三集瑞-KY,862,-5,8
2026-08-18,6863,永道-KY,1363,52,0
2026-08-18,6869,雲豹能源,2846,-4,24
2026-08-18,6873,泓德能源,3267,-57,3
2026-08-18,6885,全福生技,2374,-9,20
2026-08-18,6887,寶綠特-KY,1005,5,0
2026-08-18,6890,來億-KY,823,6,0
2026-08-18,6901,鑽石投資,7157,-61,25
2026-08-18,6902,GOGOLOOK,578,14,1
2026-08-18,6906,現觀科,481,-1,0
2026-08-18,6909,創控,1473,-2,7
2026-08-18,6914,阜爾運通,368,6,0
2026-08-18,6916,華凌,395,1,0
2026-08-18,6918,愛派司,92,3,0
2026-08-18,6919,康霈*,0,0,0
2026-08-18,6923,中台,1719,1,0
2026-08-18,6928,攸泰科技,725,-1,10
2026-08-18,6931,青松健康,135,3,0
2026-08-18,6933,AMAX-KY,952,14,10
2026-08-18,6934,心誠鎂,29,4,0
2026-08-18,6936,永鴻生技,243,0,0
2026-08-18,6937,天虹,1506,10,8
2026-08-18,6944,兆聯實業,872,10,36
2026-08-18,6949,沛爾生醫-創,5428,-25,4
2026-08-18,6951,青新-創,77,0,0
2026-08-18,6952,大武山,59,0,0
2026-08-18,6957,裕慶-KY,1562,-6,18
2026-08-18,6958,日盛台駿,121,1,0
2026-08-18,6962,奕力-KY,8921,5,6
2026-08-18,6965,中傑-KY,42,0,0
2026-08-18,6994,富威電力,3048,27,61
2026-08-18,7631,聚賢研發-創,315,12,0
2026-08-18,7705,三商餐飲,95,0,0
2026-08-18,7711,永擎,1662,43,45
2026-08-18,7721,微程式,1121,1,0
2026-08-18,7722,LINEPAY,401,-1,0
2026-08-18,7730,暉盛-創,545,-15,1
2026-08-18,7732,金興精密,80,0,0
2026-08-18,7736,虎山,70,0,0
2026-08-18,7740,熙特爾-創,1939,0,1
2026-08-18,7749,意騰-KY,1054,-6,0
2026-08-18,7750,新代,608,-16,1
2026-08-18,7765,中華資安,457,0,0
2026-08-18,7769,鴻勁,346,18,2
2026-08-18,7780,大研生醫*,315,2,1
2026-08-18,7786,東方風能,236,2,0
2026-08-18,7788,松川精密,2119,-50,25
2026-08-18,7791,皇家可口,20,0,0
2026-08-18,7795,長廣,1940,45,15
2026-08-18,7799,禾榮科,1246,0,4
2026-08-18,7823,奧義賽博-KY創,1,0,0
2026-08-18,8011,台通,3243,-60,3
2026-08-18,8016,矽創,1392,-30,5
2026-08-18,8021,尖點,10615,450,118
2026-08-18,8028,昇陽半導體,5290,201,75
2026-08-18,8033,雷虎,7638,-262,318
2026-08-18,8039,台虹,23237,1336,2390
2026-08-18,8045,達運光電,4914,2,1
2026-08-18,8046,南電,11229,-372,690
2026-08-18,8070,長華*,4785,-549,62
2026-08-18,8072,陞泰,1721,-1,0
2026-08-18,8081,致新,1635,-8,3
2026-08-18,8101,華冠,0,0,0
2026-08-18,8103,瀚荃,3950,578,31
2026-08-18,8104,錸寶,3391,3,12
2026-08-18,8105,凌巨,7035,-1026,8
2026-08-18,8110,華東,14796,-107,355
2026-08-18,8112,至上,17120,229,2506
2026-08-18,8114,振樺電,1327,25,4
2026-08-18,8131,福懋科,4462,-157,92
2026-08-18,8150,南茂,21086,-332,369
2026-08-18,8162,微矽電子-創,1667,61,0
2026-08-18,8163,達方,2400,7,16
2026-08-18,8201,無敵,0,0,0
2026-08-18,8210,勤誠,3150,-29,16
2026-08-18,8213,志超,3625,-20,0
2026-08-18,8215,明基材,3073,-5,30
2026-08-18,8222,寶一,3341,-32,26
2026-08-18,8249,菱光,3812,5,20
2026-08-18,8261,富鼎,7583,389,32
2026-08-18,8271,宇瞻,6052,-66,557
2026-08-18,8341,日友,373,-1,0
2026-08-18,8367,建新國際,12,0,0
2026-08-18,8374,羅昇,1617,-20,26
2026-08-18,8404,百和興業-KY,3678,6,0
2026-08-18,8411,福貞-KY,53,6,0
2026-08-18,8422,可寧衛*,24280,-209,181
2026-08-18,8429,金麗-KY,14416,-20,0
2026-08-18,8438,昶昕,3376,21,0
2026-08-18,8442,威宏-KY,655,-1,10
2026-08-18,8443,阿瘦,28,0,0
2026-08-18,8454,富邦媒,1547,11,46
2026-08-18,8462,柏文,1077,3,6
2026-08-18,8463,潤泰材,109,-3,0
2026-08-18,8464,億豐,76,3,0
2026-08-18,8466,美吉吉-KY,1292,0,0
2026-08-18,8467,波力-KY,219,-18,0
2026-08-18,8473,山林水,3410,1,193
2026-08-18,8476,台境*,18358,7,159
2026-08-18,8478,東哥遊艇,1012,8,13
2026-08-18,8481,政伸,5,0,0
2026-08-18,8482,商億-KY,161,0,0
2026-08-18,8487,愛爾達-創,39,0,0
2026-08-18,8488,吉源-KY,22,1,0
2026-08-18,8499,鼎炫-KY,595,0,0
2026-08-18,8926,台汽電,6631,-45,39
2026-08-18,8940,新天地,95,0,0
2026-08-18,8996,高力,5884,-80,122
2026-08-18,9802,鈺齊-KY,2133,-25,7
2026-08-18,9902,台火,3184,11,1
2026-08-18,9904,寶成,28972,320,5
2026-08-18,9905,大華,31,0,0
2026-08-18,9906,欣巴巴,416,4,0
2026-08-18,9907,統一實,4098,15,1
2026-08-18,9908,大台北,115,-12,0
2026-08-18,9910,豐泰,2052,-30,0
2026-08-18,9911,櫻花,389,-2,0
2026-08-18,9912,偉聯,0,0,0
2026-08-18,9914,美利達,2222,25,16
2026-08-18,9917,中保科,62,-1,0
2026-08-18,9918,欣天然,51,1,0
2026-08-18,9919,康那香,8136,0,0
2026-08-18,9921,巨大,1573,30,16
2026-08-18,9924,福興,740,0,0
2026-08-18,9925,新保,2,0,0
2026-08-18,9926,新海,6,0,0
2026-08-18,9927,泰銘,61,-1,0
2026-08-18,9928,中視,497,3,0
2026-08-18,9929,秋雨,0,0,0
2026-08-18,9930,中聯資源,19,0,0
2026-08-18,9931,欣高,65,0,0
2026-08-18,9933,中鼎,4328,-112,32
2026-08-18,9934,成霖,5912,9,8
2026-08-18,9935,慶豐富,1341,-41,0
2026-08-18,9937,全國,132,0,0
2026-08-18,9938,百和,3128,-101,54
2026-08-18,9939,宏全,1320,-19,1
2026-08-18,9940,信義,1265,18,0
2026-08-18,9941,裕融,831,-156,3
2026-08-18,9942,茂順,23,1,0
2026-08-18,9943,好樂迪,86,1,0
2026-08-18,9944,新麗,5533,2,0
2026-08-18,9945,潤泰新,19974,-14,49
2026-08-18,9946,三發地產,899,2,0
2026-08-18,9955,佳龍,1085,2,51
2026-08-18,9958,世紀鋼,8308,77,0
2026-08-19,1101,台泥,32747,3,32
2026-08-19,1102,亞泥,1233,-4,23
2026-08-19,1103,嘉泥,4402,-1,0
2026-08-19,1104,環泥,1706,5,0
2026-08-19,1108,幸福,416,-19,44
2026-08-19,1109,信大,277,0,0
2026-08-19,1110,東泥,2556,0,0
2026-08-19,1201,味全,1401,-2,0
2026-08-19,1203,味王,24,0,0
2026-08-19,1210,大成,667,-3,2
2026-08-19,1213,大飲,0,0,0
2026-08-19,1215,卜蜂,432,13,0
2026-08-19,1216,統一,943,-88,2
2026-08-19,1217,愛之味,1620,-33,14
2026-08-19,1218,泰山,1636,12,11
2026-08-19,1219,福壽,219,0,1
2026-08-19,1220,台榮,802,10,18
2026-08-19,1225,福懋油,6776,3,0
2026-08-19,1227,佳格,1036,33,1
2026-08-19,1229,聯華,3050,-56,16
2026-08-19,1231,聯華食,257,-6,1
2026-08-19,1232,大統益,164,-14,0
2026-08-19,1233,天仁,22,0,0
2026-08-19,1234,黑松,10,1,0
2026-08-19,1235,興泰,1161,2,0
2026-08-19,1236,宏亞,163,0,0
2026-08-19,1256,鮮活果汁-KY,325,0,1
2026-08-19,1301,台塑,20340,379,235
2026-08-19,1303,南亞,43865,-2098,1644
2026-08-19,1304,台聚,9948,-113,64
2026-08-19,1305,華夏,6251,59,24
2026-08-19,1307,三芳,1391,-30,0
2026-08-19,1308,亞聚,6165,11,9
2026-08-19,1309,台達化,7454,134,78
2026-08-19,1310,台苯,11293,83,89
2026-08-19,1312,國喬,38181,-70,38
2026-08-19,1313,聯成,11156,182,13
2026-08-19,1314,中石化,65439,-175,34
2026-08-19,1315,達新,37,-2,0
2026-08-19,1316,上曜,9153,-123,33
2026-08-19,1319,東陽,6924,-4,8
2026-08-19,1321,大洋,7255,3,1
2026-08-19,1323,永裕,80,-1,0
2026-08-19,1324,地球,1262,-1,0
2026-08-19,1325,恆大,2204,-10,77
2026-08-19,1326,台化,31479,320,163
2026-08-19,1337,再生-KY,21517,2,0
2026-08-19,1338,廣華-KY,4031,0,0
2026-08-19,1339,昭輝,943,0,0
2026-08-19,1340,勝悅-KY,1024,-4,0
2026-08-19,1342,八貫,527,-3,3
2026-08-19,1402,遠東新,7374,36,61
2026-08-19,1409,新纖,22315,85,48
2026-08-19,1410,南染,242,-5,0
2026-08-19,1413,宏洲,0,0,0
2026-08-19,1414,東和,1283,-13,0
2026-08-19,1416,廣豐,5684,137,49
2026-08-19,1417,嘉裕,1983,3,0
2026-08-19,1418,東華,772,0,0
2026-08-19,1419,新紡,1252,-5,0
2026-08-19,1423,利華,86,0,0
2026-08-19,1432,大魯閣,123,0,0
2026-08-19,1434,福懋,6716,-110,0
2026-08-19,1435,中福,0,0,0
2026-08-19,1436,華友聯,989,-1,2
2026-08-19,1437,勤益控,3246,-19,0
2026-08-19,1438,三地開發,137,0,0
2026-08-19,1439,雋揚,1013,-5,0
2026-08-19,1440,南紡,5225,-251,3
2026-08-19,1441,大東,0,0,0
2026-08-19,1442,名軒,2631,5,10
2026-08-19,1443,立益物流,8,0,0
2026-08-19,1444,力麗,513,0,0
2026-08-19,1445,大宇,1368,-1,16
2026-08-19,1446,宏和,1467,10,0
2026-08-19,1447,力鵬,668,-5,0
2026-08-19,1449,佳和,3088,5,5
2026-08-19,1451,年興,574,0,0
2026-08-19,1452,宏益,111,3,0
2026-08-19,1453,大將,838,-10,1
2026-08-19,1454,台富,2168,0,0
2026-08-19,1455,集盛,3165,-3,5
2026-08-19,1456,怡華,783,-4,0
2026-08-19,1457,宜進,664,0,1
2026-08-19,1459,聯發,251,0,0
2026-08-19,1460,宏遠,0,0,0
2026-08-19,1463,強盛新,497,18,0
2026-08-19,1464,得力,2001,2,0
2026-08-19,1465,偉全,3055,-4,0
2026-08-19,1466,聚隆,3125,-22,4
2026-08-19,1467,南緯,6881,12,1
2026-08-19,1468,昶和,0,0,0
2026-08-19,1470,大統新創,4,0,0
2026-08-19,1471,首利,0,0,0
2026-08-19,1472,三洋實業,3857,-25,3
2026-08-19,1473,台南,822,-1,2
2026-08-19,1474,弘裕,3318,10,0
2026-08-19,1475,業旺,463,0,0
2026-08-19,1476,儒鴻,1388,37,24
2026-08-19,1477,聚陽,1792,101,21
2026-08-19,1503,士電,2826,-24,26
2026-08-19,1504,東元,27235,-219,94
2026-08-19,1506,正道,0,0,0
2026-08-19,1512,瑞利,0,0,0
2026-08-19,1513,中興電,6928,26,41
2026-08-19,1514,亞力,6134,-22,63
2026-08-19,1515,力山,2671,-95,23
2026-08-19,1516,川飛,2,0,0
2026-08-19,1517,利奇,1993,21,3
2026-08-19,1519,華城,2860,2,13
2026-08-19,1521,大億,449,0,0
2026-08-19,1522,堤維西,3666,8,2
2026-08-19,1524,耿鼎,3798,7,3
2026-08-19,1525,江申,230,-4,0
2026-08-19,1526,日馳,723,-12,17
2026-08-19,1527,鑽全,510,-4,0
2026-08-19,1528,恩德,5547,28,33
2026-08-19,1529,樂事綠能,2791,37,671
2026-08-19,1530,亞崴,258,0,0
2026-08-19,1531,高林股,1713,-7,4
2026-08-19,1532,勤美,2820,-28,0
2026-08-19,1533,車王電,553,4,2
2026-08-19,1535,中宇,56,0,0
2026-08-19,1536,和大,6785,-44,155
2026-08-19,1537,廣隆,58,-6,0
2026-08-19,1538,正峰,0,0,0
2026-08-19,1539,巨庭,1218,2,0
2026-08-19,1540,喬福,1495,2,1
2026-08-19,1541,錩泰,105,1,0
2026-08-19,1558,伸興,174,-10,0
2026-08-19,1560,中砂,1317,2,101
2026-08-19,1563,巧新,5063,-73,2
2026-08-19,1568,倉佑,2061,-60,1
2026-08-19,1582,信錦,3622,12,4
2026-08-19,1583,程泰,69,0,0
2026-08-19,1587,吉茂,1664,-1,26
2026-08-19,1589,永冠-KY,647,0,0
2026-08-19,1590,亞德客-KY,191,2,0
2026-08-19,1597,直得,2574,-171,0
2026-08-19,1598,岱宇,2148,4,0
2026-08-19,1603,華電,2035,2,1
2026-08-19,1604,聲寶,197,0,0
2026-08-19,1605,華新,39849,-611,732
2026-08-19,1608,華榮,7316,-34,56
2026-08-19,1609,大亞,11795,-58,14
2026-08-19,1611,中電,3148,0,2
2026-08-19,1612,宏泰,1889,-2,3
2026-08-19,1614,三洋電,298,1,0
2026-08-19,1615,大山,143,-9,0
2026-08-19,1616,億泰,2630,-7,2
2026-08-19,1617,榮星,1542,26,2
2026-08-19,1618,合機,3259,-11,1
2026-08-19,1623,大東電,100,14,0
2026-08-19,1626,艾美特-KY,1637,-2,0
2026-08-19,1702,南僑,294,0,0
2026-08-19,1707,葡萄王,331,-3,20
2026-08-19,1708,東鹼,6145,60,69
2026-08-19,1709,和益,28350,560,33
2026-08-19,1710,東聯,11842,50,57
2026-08-19,1711,永光,14774,16,143
2026-08-19,1712,興農,463,10,0
2026-08-19,1713,國化,2930,-2,0
2026-08-19,1714,和桐,18434,611,0
2026-08-19,1717,長興,15969,-44,540
2026-08-19,1718,中纖,20164,-377,169
2026-08-19,1720,生達,298,-1,0
2026-08-19,1721,三晃,125,0,0
2026-08-19,1722,台肥,2816,-9,0
2026-08-19,1723,中碳,697,-14,2
2026-08-19,1725,元禎,249,-2,0
2026-08-19,1726,永記,24,0,0
2026-08-19,1727,中華化,6585,10,373
2026-08-19,1730,花仙子,4,-1,0
2026-08-19,1731,美吾華,270,0,0
2026-08-19,1732,毛寶,776,3,32
2026-08-19,1733,五鼎,2452,-2,6
2026-08-19,1734,杏輝,279,0,0
2026-08-19,1735,日勝化,695,-4,0
2026-08-19,1736,喬山,1760,2,12
2026-08-19,1737,臺鹽,27,0,0
2026-08-19,1752,南光,321,0,0
2026-08-19,1760,寶齡富錦,1005,2,0
2026-08-19,1762,中化生,822,6,1
2026-08-19,1773,勝一,1092,6,1
2026-08-19,1776,展宇,660,0,1
2026-08-19,1783,和康生,510,-16,0
2026-08-19,1786,科妍,4915,-1,0
2026-08-19,1789,神隆,3288,13,9
2026-08-19,1795,美時,8407,-24,6
2026-08-19,1802,台玻,33873,-468,1286
2026-08-19,1805,寶徠,1486,0,0
2026-08-19,1806,冠軍,2636,-63,85
2026-08-19,1808,潤隆,5597,-43,2
2026-08-19,1809,中釉,5464,10,41
2026-08-19,1810,和成,22130,-188,147
2026-08-19,1817,凱撒衛,16,0,0
2026-08-19,1903,士紙,2371,-4,0
2026-08-19,1904,正隆,4714,-74,30
2026-08-19,1905,華紙,12127,-902,21
2026-08-19,1906,寶隆,7273,1,1
2026-08-19,1907,永豐餘,24086,-4,4
2026-08-19,1909,榮成,11310,170,54
2026-08-19,2002,中鋼,43156,-274,93
2026-08-19,2006,東和鋼鐵,1113,13,12
2026-08-19,2007,燁興,5,0,0
2026-08-19,2008,高興昌,92,0,0
2026-08-19,2009,第一銅,6699,22,44
2026-08-19,2010,春源,2008,-54,0
2026-08-19,2012,春雨,201,1,0
2026-08-19,2013,中鋼構,1409,0,0
2026-08-19,2014,中鴻,1052,-21,0
2026-08-19,2015,豐興,35,-1,0
2026-08-19,2017,官田鋼,8157,-9,0
2026-08-19,2020,美亞,683,1,0
2026-08-19,2022,聚亨,2188,10,1
2026-08-19,2023,燁輝,2690,-8,53
2026-08-19,2024,志聯,69,0,0
2026-08-19,2025,千興,0,0,0
2026-08-19,2027,大成鋼,24731,-181,491
2026-08-19,2028,威致,1159,4,0
2026-08-19,2029,盛餘,422,-2,0
2026-08-19,2030,彰源,4256,-150,81
2026-08-19,2031,新光鋼,2265,283,26
2026-08-19,2032,新鋼,2624,-58,0
2026-08-19,2033,佳大,3197,30,72
2026-08-19,2034,允強,3194,-190,42
2026-08-19,2038,海光,3506,3,0
2026-08-19,2049,上銀,3480,-32,144
2026-08-19,2059,川湖,619,34,6
2026-08-19,2062,橋椿,1300,-28,1
2026-08-19,2069,運錩,439,19,9
2026-08-19,2101,南港,19606,-104,7
2026-08-19,2102,泰豐,3519,-5,4
2026-08-19,2103,台橡,14280,314,196
2026-08-19,2104,國際中橡,19543,-107,45
2026-08-19,2105,正新,9752,56,14
2026-08-19,2106,建大,2948,9,1
2026-08-19,2107,厚生,94,16,0
2026-08-19,2108,南帝,2259,112,56
2026-08-19,2109,華豐,681,0,0
2026-08-19,2114,鑫永銓,6,0,0
2026-08-19,2115,六暉-KY,478,0,3
2026-08-19,2201,裕隆,9919,34,0
2026-08-19,2204,中華,1255,-101,0
2026-08-19,2206,三陽工業,3792,-11,1
2026-08-19,2207,和泰車,73,-2,0
2026-08-19,2208,台船,0,0,0
2026-08-19,2211,長榮鋼,721,56,0
2026-08-19,2228,劍麟,1496,-19,6
2026-08-19,2231,為升,2625,-1,125
2026-08-19,2233,宇隆,3978,-68,9
2026-08-19,2236,百達-KY,11462,2,4
2026-08-19,2239,英利-KY,1583,-23,0
2026-08-19,2241,艾姆勒,7909,186,46
2026-08-19,2243,宏旭-KY,1283,8,9
2026-08-19,2247,汎德永業,111,1,1
2026-08-19,2248,華勝-KY,553,-11,0
2026-08-19,2250,IKKA-KY,1137,-14,2
2026-08-19,2254,巨鎧精密-創,2510,0,0
2026-08-19,2301,光寶科,15381,1603,126
2026-08-19,2302,麗正,4109,242,185
2026-08-19,2303,聯電,155069,-4403,2782
2026-08-19,2305,全友,6564,24,73
2026-08-19,2308,台達電,8020,8,40
2026-08-19,2312,金寶,43249,-339,464
2026-08-19,2313,華通,31104,473,978
2026-08-19,2314,台揚,0,0,0
2026-08-19,2316,楠梓電,3872,-26,47
2026-08-19,2317,鴻海,51832,168,523
2026-08-19,2321,東訊,0,0,0
2026-08-19,2323,中環,29793,-377,99
2026-08-19,2324,仁寶,55198,897,1196
2026-08-19,2327,國巨*,37569,767,416
2026-08-19,2328,廣宇,16210,43,259
2026-08-19,2329,華泰,13702,-51,294
2026-08-19,2330,台積電,28422,566,29
2026-08-19,2331,精英,9986,-276,57
2026-08-19,2332,友訊,27690,-211,338
2026-08-19,2337,旺宏,94225,-896,2449
2026-08-19,2338,光罩,4931,-39,19
2026-08-19,2340,台亞,7650,9,39
2026-08-19,2342,茂矽,3758,187,66
2026-08-19,2344,華邦電,126605,915,4139
2026-08-19,2345,智邦,1767,31,8
2026-08-19,2347,聯強,825,-376,10
2026-08-19,2348,海悅,2591,-71,10
2026-08-19,2349,錸德,0,0,0
2026-08-19,2351,順德,11964,28,269
2026-08-19,2352,佳世達,15758,-152,90
2026-08-19,2353,宏碁,38681,-227,2433
2026-08-19,2354,鴻準,27044,-23,122
2026-08-19,2355,敬鵬,8504,19,44
2026-08-19,2356,英業達,28019,-353,454
2026-08-19,2357,華碩,1631,90,43
2026-08-19,2359,所羅門,9626,-1289,489
2026-08-19,2360,致茂,1379,-48,34
2026-08-19,2362,藍天,2878,48,4
2026-08-19,2363,矽統,16628,433,19
2026-08-19,2364,倫飛,909,-19,5
2026-08-19,2365,昆盈,8054,-38,27
2026-08-19,2367,燿華,23951,54,431
2026-08-19,2368,金像電,7169,-10,201
2026-08-19,2369,菱生,12787,-258,157
2026-08-19,2371,大同,46729,-662,746
2026-08-19,2373,震旦行,46,0,0
2026-08-19,2374,佳能,15544,-7,10
2026-08-19,2375,凱美,5879,167,603
2026-08-19,2376,技嘉,6870,31,150
2026-08-19,2377,微星,15274,473,0
2026-08-19,2379,瑞昱,2539,-8,45
2026-08-19,2380,虹光,0,0,0
2026-08-19,2382,廣達,16099,-177,75
2026-08-19,2383,台光電,1884,46,27
2026-08-19,2385,群光,2802,33,4
2026-08-19,2387,精元,1271,-4,0
2026-08-19,2388,威盛,10048,135,145
2026-08-19,2390,云辰,2133,19,0
2026-08-19,2392,正崴,4403,19,67
2026-08-19,2393,億光,2130,-179,20
2026-08-19,2395,研華,1829,94,59
2026-08-19,2397,友通,1643,-6,3
2026-08-19,2399,映泰,10944,14,373
2026-08-19,2401,凌陽,7641,50,99
2026-08-19,2402,毅嘉,11686,79,70
2026-08-19,2404,漢唐,2137,-128,5
2026-08-19,2405,輔信,7548,-81,37
2026-08-19,2406,國碩,12588,23,252
2026-08-19,2408,南亞科,80893,-819,2632
2026-08-19,2409,友達,226437,-1398,6490
2026-08-19,2412,中華電,1758,-23,27
2026-08-19,2413,環科,4147,-51,0
2026-08-19,2414,精技,282,-1,0
2026-08-19,2415,錩新,2496,5,0
2026-08-19,2417,圓剛,3026,2,39
2026-08-19,2419,仲琦,5937,21,2
2026-08-19,2420,新巨,584,-17,0
2026-08-19,2421,建準,4086,23,29
2026-08-19,2423,固緯,512,-2,1
2026-08-19,2424,隴華,0,0,0
2026-08-19,2425,承啟,6023,-62,24
2026-08-19,2426,鼎元,18216,664,586
2026-08-19,2427,三商電,5432,9,26
2026-08-19,2428,興勤,2760,-26,11
2026-08-19,2429,銘旺科,318,0,0
2026-08-19,2430,燦坤,91,-1,1
2026-08-19,2431,聯昌,1368,-51,0
2026-08-19,2432,倚天酷碁-創,307,0,0
2026-08-19,2433,互盛電,24,0,0
2026-08-19,2434,統懋,417,-12,10
2026-08-19,2436,偉詮電,6205,-103,1683
2026-08-19,2438,翔耀,0,0,0
2026-08-19,2439,美律,3926,7,23
2026-08-19,2440,太空梭,1597,3,7
2026-08-19,2441,超豐,7154,3,14
2026-08-19,2442,新美齊,3829,4,4
2026-08-19,2444,兆勁,0,0,0
2026-08-19,2449,京元電子,20808,7,155
2026-08-19,2450,神腦,84,2,0
2026-08-19,2451,創見,6253,-48,451
2026-08-19,2453,凌群,2307,1,1
2026-08-19,2454,聯發科,9530,137,49
2026-08-19,2455,全新,11538,-715,472
2026-08-19,2457,飛宏,11893,39,83
2026-08-19,2458,義隆,3598,-21,0
2026-08-19,2459,敦吉,86,2,0
2026-08-19,2460,建通,207,0,0
2026-08-19,2461,光群雷,8076,45,8
2026-08-19,2462,良得電,2295,-15,0
2026-08-19,2464,盟立,18513,383,1025
2026-08-19,2465,麗臺,4335,249,63
2026-08-19,2466,冠西電,5890,31,339
2026-08-19,2467,志聖,1687,-31,57
2026-08-19,2468,華經,3337,-10,0
2026-08-19,2471,資通,1285,6,2
2026-08-19,2472,立隆電,5020,11,0
2026-08-19,2474,可成,8532,-73,9
2026-08-19,2476,鉅祥,41754,136,20
2026-08-19,2477,美隆電,1238,-11,3
2026-08-19,2478,大毅,8926,-194,144
2026-08-19,2480,敦陽科,446,0,0
2026-08-19,2481,強茂,16656,84,722
2026-08-19,2482,連宇,1868,-28,0
2026-08-19,2483,百容,1978,30,11
2026-08-19,2484,希華,14693,-485,0
2026-08-19,2485,兆赫,10613,-50,237
2026-08-19,2486,一詮,21843,-398,589
2026-08-19,2488,漢平,448,1,0
2026-08-19,2489,瑞軒,27990,74,294
2026-08-19,2491,吉祥全,1602,-41,9
2026-08-19,2492,華新科,13982,-906,663
2026-08-19,2493,揚博,10341,184,31
2026-08-19,2495,普安,7658,24,27
2026-08-19,2496,卓越,34,-3,0
2026-08-19,2497,怡利電,1768,-8,8
2026-08-19,2498,宏達電,28170,-29,246
2026-08-19,2501,國建,4505,46,0
2026-08-19,2504,國產,4840,-25,5
2026-08-19,2505,國揚,3299,-31,0
2026-08-19,2506,太設,1847,10,0
2026-08-19,2509,全坤建,595,7,1
2026-08-19,2511,太子,2478,-12,2
2026-08-19,2514,龍邦,18221,3,1
2026-08-19,2515,中工,29232,-261,41
2026-08-19,2516,新建,0,0,0
2026-08-19,2520,冠德,2105,-27,0
2026-08-19,2524,京城,3189,3,0
2026-08-19,2527,宏璟,4734,-17,0
2026-08-19,2528,皇普,6360,-20,0
2026-08-19,2530,華建,6855,20,6
2026-08-19,2534,宏盛,10214,-17,0
2026-08-19,2535,達欣工,273,-12,3
2026-08-19,2536,宏普,5253,-16,0
2026-08-19,2537,聯上發,3621,-81,12
2026-08-19,2538,基泰,2548,15,0
2026-08-19,2539,櫻花建,1554,108,0
2026-08-19,2540,愛山林,3018,2,19
2026-08-19,2542,興富發,3766,-370,116
2026-08-19,2543,皇昌,9200,18,17
2026-08-19,2545,皇翔,2752,0,1
2026-08-19,2546,根基,204,30,0
2026-08-19,2547,日勝生,10036,-9,1
2026-08-19,2548,華固,2159,-28,52
2026-08-19,2597,潤弘,158,0,0
2026-08-19,2601,益航,355,0,0
2026-08-19,2603,長榮,13679,134,376
2026-08-19,2605,新興,13958,994,209
2026-08-19,2606,裕民,3138,171,44
2026-08-19,2607,榮運,727,-9,1
2026-08-19,2608,嘉里大榮,1113,5,1
2026-08-19,2609,陽明,36303,1900,995
2026-08-19,2610,華航,48023,-521,161
2026-08-19,2611,志信,2191,73,3
2026-08-19,2612,中航,1822,184,5
2026-08-19,2613,中櫃,2427,90,1
2026-08-19,2614,東森,5296,-4,4
2026-08-19,2615,萬海,15407,1176,757
2026-08-19,2616,山隆,427,0,0
2026-08-19,2617,台航,1971,-286,3
2026-08-19,2618,長榮航,23487,-44,659
2026-08-19,2630,亞航,5553,-7,55
2026-08-19,2633,台灣高鐵,1687,9,26
2026-08-19,2634,漢翔,23822,-466,554
2026-08-19,2636,台驊控股,633,-11,1
2026-08-19,2637,慧洋-KY,2712,259,70
2026-08-19,2642,宅配通,603,0,5
2026-08-19,2645,長榮航太,5219,-71,4
2026-08-19,2646,星宇航空,3771,32,31
2026-08-19,2701,萬企,384,4,0
2026-08-19,2702,華園,429,0,0
2026-08-19,2704,國賓,116,0,0
2026-08-19,2705,六福,544,0,0
2026-08-19,2706,第一店,664,4,0
2026-08-19,2707,晶華,148,-5,0
2026-08-19,2712,遠雄來,6,0,0
2026-08-19,2722,夏都,429,9,0
2026-08-19,2723,美食-KY,1617,-24,5
2026-08-19,2727,王品,300,-3,3
2026-08-19,2731,雄獅,890,4,6
2026-08-19,2739,寒舍,866,5,0
2026-08-19,2748,雲品,507,0,0
2026-08-19,2753,八方雲集,547,2,2
2026-08-19,2762,世界健身-KY,201,1,0
2026-08-19,2801,彰銀,8046,-13,46
2026-08-19,2812,台中銀,2589,-18,21
2026-08-19,2816,旺旺保,603,-64,0
2026-08-19,2820,華票,488,0,1
2026-08-19,2832,台產,572,17,0
2026-08-19,2834,臺企銀,26383,189,36
2026-08-19,2836,高雄銀,6445,9,4
2026-08-19,2838,聯邦銀,826,-5,1
2026-08-19,2845,遠東銀,3675,-22,25
2026-08-19,2849,安泰銀,270,3,0
2026-08-19,2850,新產,302,2,0
2026-08-19,2851,中再保,1260,441,5
2026-08-19,2852,第一保,1533,-27,0
2026-08-19,2855,統一證,4743,-47,156
2026-08-19,2867,三商壽,1299,16,0
2026-08-19,2880,華南金,2605,616,10
2026-08-19,2881,富邦金,6236,79,182
2026-08-19,2882,國泰金,4191,105,201
2026-08-19,2883,凱基金,10512,944,57
2026-08-19,2884,玉山金,5169,143,635
2026-08-19,2885,元大金,2660,407,0
2026-08-19,2886,兆豐金,2129,20,18
2026-08-19,2887,台新新光金,40767,305,126
2026-08-19,2889,國票金,2741,108,4
2026-08-19,2890,永豐金,2147,22,66
2026-08-19,2891,中信金,3403,393,46
2026-08-19,2892,第一金,2277,13,20
2026-08-19,2897,王道銀行,1825,-8,4
2026-08-19,2901,欣欣,476,0,0
2026-08-19,2903,遠百,1608,-121,2
2026-08-19,2904,匯僑,13,0,0
2026-08-19,2905,三商,7311,-106,3
2026-08-19,2906,高林,540,0,0
2026-08-19,2908,特力,14224,187,0
2026-08-19,2910,統領,45,0,0
2026-08-19,2911,麗嬰房,167,-1,0
2026-08-19,2912,統一超,692,-123,0
2026-08-19,2913,農林,6722,2,1
2026-08-19,2915,潤泰全,8967,81,42
2026-08-19,2929,淘帝-KY,2064,0,0
2026-08-19,2939,永邑-KY,241,0,0
2026-08-19,3002,歐格,1832,-27,15
2026-08-19,3003,健和興,2299,17,17
2026-08-19,3004,豐達科,1941,7,2
2026-08-19,3005,神基,8847,-73,59
2026-08-19,3006,晶豪科,15654,200,471
2026-08-19,3008,大立光,2752,113,44
2026-08-19,3010,華立,1291,-14,5
2026-08-19,3011,今皓,2756,-511,18
2026-08-19,3013,晟銘電,8421,-18,108
2026-08-19,3014,聯陽,2631,-8,21
2026-08-19,3015,全漢,2338,17,2
2026-08-19,3016,嘉晶,7411,35,168
2026-08-19,3017,奇鋐,4156,-36,9
2026-08-19,3018,隆銘綠能,0,0,0
2026-08-19,3019,亞光,10484,-59,40
2026-08-19,3021,鴻名,599,0,0
2026-08-19,3022,威強電,5971,65,21
2026-08-19,3023,信邦,1166,15,6
2026-08-19,3024,憶聲,10442,-95,17
2026-08-19,3025,星通,1599,1,1
2026-08-19,3026,禾伸堂,10834,-104,274
2026-08-19,3027,盛達,4610,0,1
2026-08-19,3028,增你強,2940,24,16
2026-08-19,3029,零壹,2848,-5,11
2026-08-19,3030,德律,10175,-13,8
2026-08-19,3031,佰鴻,5154,2,6
2026-08-19,3032,偉訓,8284,-44,8
2026-08-19,3033,威健,9165,85,509
2026-08-19,3034,聯詠,2659,-52,305
2026-08-19,3035,智原,10303,216,579
2026-08-19,3036,文曄,11640,189,69
2026-08-19,3037,欣興,37246,478,797
2026-08-19,3038,全台,1617,8,0
2026-08-19,3040,遠見,10097,-6,1
2026-08-19,3041,揚智,3513,-4,39
2026-08-19,3042,晶技,17168,-2380,409
2026-08-19,3043,科風,868,-2,0
2026-08-19,3044,健鼎,6580,315,25
2026-08-19,3045,台灣大,695,-848,466
2026-08-19,3046,建碁,1097,24,9
2026-08-19,3047,訊舟,6415,-3,10
2026-08-19,3048,益登,6313,-150,53
2026-08-19,3049,精金,0,0,0
2026-08-19,3050,鈺德,3296,6,0
2026-08-19,3051,力特,4050,-1,1
2026-08-19,3052,夆典,1792,-30,0
2026-08-19,3054,立萬利,1007,4,0
2026-08-19,3055,蔚華科,6297,0,34
2026-08-19,3056,富華新,3544,-14,2
2026-08-19,3057,喬鼎,0,0,0
2026-08-19,3058,立德,0,0,0
2026-08-19,3059,華晶科,10997,21,61
2026-08-19,3060,銘異,8392,4,12
2026-08-19,3062,建漢,9658,1,54
2026-08-19,3090,日電貿,6723,-1054,222
2026-08-19,3092,鴻碩,3618,15,5
2026-08-19,3094,聯傑,2965,-46,104
2026-08-19,3130,一零四,10,1,0
2026-08-19,3135,凌航,2759,-256,124
2026-08-19,3138,耀登,2010,-9,17
2026-08-19,3149,正達,22845,177,110
2026-08-19,3150,鈺寶-創,247,6,0
2026-08-19,3164,景岳,305,1,8
2026-08-19,3167,大量,7601,275,132
2026-08-19,3168,眾福科,35,-2,0
2026-08-19,3189,景碩,21425,-251,332
2026-08-19,3209,全科,4820,-1,7
2026-08-19,3229,晟鈦,0,0,0
2026-08-19,3231,緯創,38391,834,804
2026-08-19,3257,虹冠電,2458,5,48
2026-08-19,3266,昇陽,350,0,0
2026-08-19,3296,勝德,1822,6,6
2026-08-19,3305,昇貿,6974,0,186
2026-08-19,3308,聯德,706,0,0
2026-08-19,3311,閎暉,2898,-1,0
2026-08-19,3312,弘憶股,5016,33,52
2026-08-19,3321,同泰,0,0,0
2026-08-19,3338,泰碩,3448,-10,9
2026-08-19,3346,麗清,2843,-2,8
2026-08-19,3356,奇偶,1642,-14,12
2026-08-19,3376,新日興,11291,83,27
2026-08-19,3380,明泰,5305,-54,9
2026-08-19,3406,玉晶光,4326,-143,125
2026-08-19,3413,京鼎,3687,49,5
2026-08-19,3416,融程電,831,-13,4
2026-08-19,3419,譁裕,1020,-8,0
2026-08-19,3432,台端,0,0,0
2026-08-19,3437,榮創,2641,1,28
2026-08-19,3443,創意,4764,-194,96
2026-08-19,3447,展達,1930,10,27
2026-08-19,3450,聯鈞,13788,-329,500
2026-08-19,3481,群創,317095,1614,4940
2026-08-19,3494,誠研,0,0,0
2026-08-19,3501,維熹,1175,-1,0
2026-08-19,3504,揚明光,3250,-4,280
2026-08-19,3515,華擎,1538,-116,1
2026-08-19,3518,柏騰,4177,39,57
2026-08-19,3528,安馳,1897,-4,11
2026-08-19,3530,晶相光,1268,0,0
2026-08-19,3532,台勝科,8232,-186,263
2026-08-19,3533,嘉澤,1495,38,0
2026-08-19,3535,晶彩科,3832,-42,62
2026-08-19,3543,州巧,4688,-53,220
2026-08-19,3545,敦泰,4351,-114,20
2026-08-19,3550,聯穎,13879,-111,14
2026-08-19,3557,嘉威,372,0,0
2026-08-19,3563,牧德,5736,22,3
2026-08-19,3576,聯合再生,0,0,0
2026-08-19,3583,辛耘,1886,-15,30
2026-08-19,3588,通嘉,1719,0,3
2026-08-19,3591,艾笛森,27427,-24,35
2026-08-19,3592,瑞鼎,1005,14,0
2026-08-19,3593,力銘,0,0,0
2026-08-19,3596,智易,1803,33,5
2026-08-19,3605,宏致,15632,190,1384
2026-08-19,3607,谷崧,1985,-8,4
2026-08-19,3617,碩天,1978,34,17
2026-08-19,3622,洋華,1408,-68,20
2026-08-19,3645,達邁,5311,-140,110
2026-08-19,3652,精聯,620,-54,4
2026-08-19,3653,健策,3046,-47,52
2026-08-19,3661,世芯-KY,6228,148,31
2026-08-19,3665,貿聯-KY,2683,36,15
2026-08-19,3669,圓展,789,-30,0
2026-08-19,3673,TPK-KY,13815,180,74
2026-08-19,3679,新至陞,108,-1,0
2026-08-19,3686,達能,0,0,0
2026-08-19,3694,海華,7193,20,21
2026-08-19,3701,大眾控,5928,3,59
2026-08-19,3702,大聯大,9075,578,86
2026-08-19,3703,欣陸,1464,25,3
2026-08-19,3704,合勤控,9075,48,22
2026-08-19,3705,永信,369,-1,0
2026-08-19,3706,神達,27866,-163,168
2026-08-19,3708,上緯投控,2973,25,1045
2026-08-19,3711,日月光投控,11861,180,256
2026-08-19,3712,永崴投控,2252,-48,19
2026-08-19,3714,富采,23434,31,166
2026-08-19,3715,定穎投控,20638,-7,588
2026-08-19,3716,中化控股,487,10,0
2026-08-19,3717,聯嘉投控,12473,110,564
2026-08-19,4104,佳醫,100,-8,1
2026-08-19,4106,雃博,672,2,0
2026-08-19,4108,懷特,0,0,0
2026-08-19,4119,旭富,551,-6,54
2026-08-19,4133,亞諾法,1271,3,0
2026-08-19,4137,麗豐-KY,1098,-3,1
2026-08-19,4142,國光生,6478,-16,0
2026-08-19,4148,全宇生技-KY,380,0,0
2026-08-19,4155,訊映,881,-26,0
2026-08-19,4164,承業醫,5597,-101,0
2026-08-19,4190,佐登-KY,280,0,0
2026-08-19,4306,炎洲,5328,-45,0
2026-08-19,4414,如興,762,2,0
2026-08-19,4426,利勤,1096,26,0
2026-08-19,4438,廣越,641,-10,0
2026-08-19,4439,冠星-KY,286,16,62
2026-08-19,4440,宜新實業,142,-1,0
2026-08-19,4441,振大環球,200,-1,0
2026-08-19,4526,東台,5288,4,81
2026-08-19,4532,瑞智,2304,-9,1
2026-08-19,4536,拓凱,600,-55,0
2026-08-19,4540,全球傳動,4072,173,316
2026-08-19,4545,銘鈺,1163,-17,0
2026-08-19,4551,智伸科,2962,-46,9
2026-08-19,4552,力達-KY,2442,0,12
2026-08-19,4555,氣立,2119,-4,50
2026-08-19,4557,永新-KY,433,0,0
2026-08-19,4560,強信-KY,282,4,0
2026-08-19,4562,穎漢,1785,-5,36
2026-08-19,4564,元翎,10503,-6,21
2026-08-19,4566,時碩工業,4300,-162,68
2026-08-19,4569,六方科-KY,749,5,0
2026-08-19,4571,鈞興-KY,1064,-4,0
2026-08-19,4572,駐龍,327,1,1
2026-08-19,4576,大銀微系統,2452,-126,42
2026-08-19,4581,光隆精密-KY,20,0,0
2026-08-19,4583,台灣精銳,2718,-25,3
2026-08-19,4585,達明,645,10,55
2026-08-19,4588,玖鼎電力,387,0,2
2026-08-19,4590,富田-創,186,-76,0
2026-08-19,4720,德淵,3181,59,4
2026-08-19,4722,國精化,11435,-179,113
2026-08-19,4736,泰博,264,-4,1
2026-08-19,4737,華廣,1611,-1,0
2026-08-19,4739,康普,7995,17,143
2026-08-19,4746,台耀,2049,3,0
2026-08-19,4755,三福化,963,-20,0
2026-08-19,4763,材料*-KY,42050,161,23
2026-08-19,4764,雙鍵,3780,35,0
2026-08-19,4766,南寶,1099,13,1
2026-08-19,4770,上品,934,12,9
2026-08-19,4771,望隼,433,-20,0
2026-08-19,4807,日成-KY,1160,11,16
2026-08-19,4904,遠傳,1079,2,14
2026-08-19,4906,正文,27503,-115,140
2026-08-19,4912,聯德控股-KY,3604,45,2
2026-08-19,4915,致伸,4597,-4,52
2026-08-19,4916,事欣科,7910,-75,159
2026-08-19,4919,新唐,12428,-188,1060
2026-08-19,4927,泰鼎-KY,22996,-23,488
2026-08-19,4930,燦星網,3825,0,0
2026-08-19,4934,太極,0,0,0
2026-08-19,4935,茂林-KY,612,-1,0
2026-08-19,4938,和碩,5713,105,37
2026-08-19,4942,嘉彰,575,2,0
2026-08-19,4943,康控-KY,0,0,0
2026-08-19,4949,有成精密,2808,-8,49
2026-08-19,4952,凌通,1349,-48,11
2026-08-19,4956,光鋐,5155,-25,24
2026-08-19,4958,臻鼎-KY,34229,-640,314
2026-08-19,4960,誠美材,15659,-377,78
2026-08-19,4961,天鈺,1159,-46,7
2026-08-19,4967,十銓,7556,417,1901
2026-08-19,4968,立積,5260,6,32
2026-08-19,4976,佳凌,4750,40,295
2026-08-19,4977,眾達-KY,6393,12,99
2026-08-19,4989,榮科,14795,-8,125
2026-08-19,4994,傳奇,1759,8,5
2026-08-19,4999,鑫禾,402,1,0
2026-08-19,5007,三星,8,1,0
2026-08-19,5203,訊連,976,-15,2
2026-08-19,5215,科嘉-KY,687,0,0
2026-08-19,5222,全訊,1901,18,0
2026-08-19,5225,東科-KY,1304,-48,118
2026-08-19,5234,達興材料,1437,11,16
2026-08-19,5236,凌陽創新,241,4,4
2026-08-19,5243,乙盛-KY,9118,-8,23
2026-08-19,5244,弘凱,2320,-1,4
2026-08-19,5258,虹堡,3504,-108,3
2026-08-19,5269,祥碩,1871,-37,113
2026-08-19,5283,禾聯碩,43,1,0
2026-08-19,5284,jpp-KY,3796,14,1
2026-08-19,5285,界霖,4617,-40,43
2026-08-19,5288,豐祥-KY,2650,-1,0
2026-08-19,5292,華懋,858,-16,4
2026-08-19,5306,桂盟,604,0,0
2026-08-19,5388,中磊,7581,165,17
2026-08-19,5434,崇越,855,-8,4
2026-08-19,5469,瀚宇博,13294,63,56
2026-08-19,5471,松翰,4500,-42,57
2026-08-19,5484,慧友,0,0,0
2026-08-19,5515,建國,2496,-6,29
2026-08-19,5519,隆大,859,1,33
2026-08-19,5521,工信,13077,29,11
2026-08-19,5522,遠雄,964,-14,4
2026-08-19,5525,順天,320,0,0
2026-08-19,5531,鄉林,4106,0,41
2026-08-19,5533,皇鼎,467,0,1
2026-08-19,5534,長虹,3307,-30,0
2026-08-19,5538,東明-KY,89,-27,2
2026-08-19,5546,永固-KY,23,1,0
2026-08-19,5607,遠雄港,2108,64,0
2026-08-19,5608,四維航,4703,815,637
2026-08-19,5706,鳳凰,683,0,20
2026-08-19,5871,中租-KY,4322,-53,3
2026-08-19,5876,上海商銀,704,-41,6
2026-08-19,5880,合庫金,2498,-9,14
2026-08-19,5906,台南-KY,21,0,0
2026-08-19,5907,大洋-KY,5501,11,0
2026-08-19,6005,群益證,5723,-54,39
2026-08-19,6024,群益期,227,-3,0
2026-08-19,6108,競國,1656,11,47
2026-08-19,6112,邁達特,2668,-9,2
2026-08-19,6115,鎰勝,30,0,0
2026-08-19,6116,彩晶,33629,-996,6625
2026-08-19,6117,迎廣,2332,-10,27
2026-08-19,6120,達運,8358,10,57
2026-08-19,6128,上福,1422,1,0
2026-08-19,6133,金橋,2902,5,0
2026-08-19,6136,富爾特,2483,-46,0
2026-08-19,6139,亞翔,8543,62,29
2026-08-19,6141,柏承,33,0,0
2026-08-19,6142,友勁,0,0,0
2026-08-19,6152,百一,0,0,0
2026-08-19,6153,嘉聯益,13296,-45,123
2026-08-19,6155,鈞寶,3301,1,69
2026-08-19,6164,華興,3927,-29,2
2026-08-19,6165,浪凡,12972,11,0
2026-08-19,6166,凌華,2934,49,60
2026-08-19,6168,宏齊,4130,12,58
2026-08-19,6176,瑞儀,6073,-8,0
2026-08-19,6177,達麗,2271,-125,0
2026-08-19,6183,關貿,10,1,0
2026-08-19,6184,大豐電,482,6,0
2026-08-19,6189,豐藝,2328,9,5
2026-08-19,6191,精成科,18676,123,114
2026-08-19,6192,巨路,795,-2,0
2026-08-19,6196,帆宣,1481,0,19
2026-08-19,6197,佳必琪,5713,20,68
2026-08-19,6201,亞弘電,38,0,0
2026-08-19,6202,盛群,4600,53,20
2026-08-19,6205,詮欣,3671,23,5
2026-08-19,6206,飛捷,2478,54,15
2026-08-19,6209,今國光,12709,-203,62
2026-08-19,6213,聯茂,17522,-238,1203
2026-08-19,6214,精誠,1486,-1754,43
2026-08-19,6215,和椿,5088,15,113
2026-08-19,6216,居易,689,-13,0
2026-08-19,6224,聚鼎,1859,4,26
2026-08-19,6225,天瀚,0,0,0
2026-08-19,6226,光鼎,4007,-38,251
2026-08-19,6230,尼得科超眾,473,1,1
2026-08-19,6235,華孚,4467,21,11
2026-08-19,6239,力成,22106,-75,118
2026-08-19,6243,迅杰,1716,-83,157
2026-08-19,6257,矽格,11271,277,129
2026-08-19,6269,台郡,10177,-121,175
2026-08-19,6271,同欣電,7166,34,59
2026-08-19,6272,驊陞,47,0,0
2026-08-19,6277,宏正,460,1,9
2026-08-19,6278,台表科,9454,70,88
2026-08-19,6281,全國電,19,-2,0
2026-08-19,6282,康舒,24003,180,73
2026-08-19,6283,淳安,2269,7,1
2026-08-19,6285,啟碁,14182,113,86
2026-08-19,6405,悅城,5249,0,19
2026-08-19,6409,旭隼,1102,68,1
2026-08-19,6412,群電,2822,-2,15
2026-08-19,6414,樺漢,1990,-144,19
2026-08-19,6415,矽力*-KY,4478,-27,81
2026-08-19,6416,瑞祺電通,3861,-48,0
2026-08-19,6426,統新,2904,-154,71
2026-08-19,6431,光麗-KY,0,0,0
2026-08-19,6438,迅得,3669,-6,14
2026-08-19,6442,光聖,4380,-63,39
2026-08-19,6443,元晶,7483,-6,356
2026-08-19,6446,藥華藥,9129,126,34
2026-08-19,6449,鈺邦,2077,-15,12
2026-08-19,6451,訊芯-KY,8696,17,277
2026-08-19,6456,GIS-KY,15220,33,193
2026-08-19,6464,台數科,2,1,0
2026-08-19,6472,保瑞,3507,2,17
2026-08-19,6477,安集,3785,-72,162
2026-08-19,6491,晶碩,475,11,1
2026-08-19,6504,南六,112,0,0
2026-08-19,6505,台塑化,12545,427,229
2026-08-19,6515,穎崴,520,2,3
2026-08-19,6525,捷敏-KY,2580,-8,19
2026-08-19,6526,達發,1268,2,1
2026-08-19,6531,愛普*,5532,-71,47
2026-08-19,6533,晶心科,2061,0,40
2026-08-19,6534,正瀚-創,1800,0,0
2026-08-19,6541,泰福-KY,3902,38,9
2026-08-19,6550,北極星藥業-KY,0,0,0
2026-08-19,6552,易華電,1090,4,6
2026-08-19,6558,興能高,2580,-23,4
2026-08-19,6573,虹揚-KY,0,0,0
2026-08-19,6579,研揚,1323,-4,0
2026-08-19,6581,鋼聯,5,0,0
2026-08-19,6582,申豐,368,23,0
2026-08-19,6585,鼎基,1623,13,61
2026-08-19,6589,台康生技,2813,21,7
2026-08-19,6591,動力-KY,1741,-13,1
2026-08-19,6592,和潤企業,726,0,1
2026-08-19,6598,ABC-KY,0,0,0
2026-08-19,6605,帝寶,2230,-46,9
2026-08-19,6606,建德工業,619,-1,0
2026-08-19,6614,資拓宏宇,75,0,0
2026-08-19,6625,必應,812,1,0
2026-08-19,6641,基士德-KY,110,9,0
2026-08-19,6645,金萬林-創,11,0,0
2026-08-19,6655,科定,3,1,0
2026-08-19,6657,華安,1202,0,0
2026-08-19,6658,聯策,1502,36,15
2026-08-19,6666,羅麗芬-KY,290,2,0
2026-08-19,6668,中揚光,2802,26,16
2026-08-19,6669,緯穎,1343,15,14
2026-08-19,6670,復盛應用,378,-6,1
2026-08-19,6671,三能-KY,86,0,0
2026-08-19,6672,騰輝電子-KY,6119,-7,74
2026-08-19,6674,鋐寶科技,229,0,3
2026-08-19,6689,伊雲谷,1240,-10,0
2026-08-19,6691,洋基工程,1739,147,0
2026-08-19,6695,芯鼎,3405,-34,24
2026-08-19,6698,旭暉應材,2006,1,32
2026-08-19,6706,惠特,7947,-76,150
2026-08-19,6715,嘉基,6972,9,52
2026-08-19,6719,力智,3752,-14,2
2026-08-19,6722,輝創,99,8,0
2026-08-19,6742,澤米,1957,16,3
2026-08-19,6743,安普新,552,1,0
2026-08-19,6753,龍德造船,5738,17,20
2026-08-19,6754,匯僑設計,117,0,0
2026-08-19,6756,威鋒電子,597,9,0
2026-08-19,6757,台灣虎航,3244,-77,8
2026-08-19,6768,志強-KY,1222,-7,18
2026-08-19,6770,力積電,140682,2379,3201
2026-08-19,6771,平和環保-創,124,-5,0
2026-08-19,6776,展碁國際,646,0,0
2026-08-19,6781,AES-KY,2255,-16,5
2026-08-19,6782,視陽,411,2,0
2026-08-19,6789,采鈺,4781,8,25
2026-08-19,6790,永豐實,586,0,0
2026-08-19,6792,詠業,271,3,7
2026-08-19,6794,向榮生技,272,0,0
2026-08-19,6796,晉弘,584,1,1
2026-08-19,6799,來頡,2040,8,0
2026-08-19,6805,富世達,3017,-16,0
2026-08-19,6807,峰源-KY,153,0,0
2026-08-19,6830,汎銓,3847,43,46
2026-08-19,6831,邁科,805,27,36
2026-08-19,6834,天二科技,4158,118,151
2026-08-19,6835,圓裕,787,-4,0
2026-08-19,6838,台新藥,2506,-8,0
2026-08-19,6854,錼創科技-KY創,2356,-36,8
2026-08-19,6861,睿生光電,1778,27,4
2026-08-19,6862,三集瑞-KY,856,-6,9
2026-08-19,6863,永道-KY,1332,-31,0
2026-08-19,6869,雲豹能源,2968,122,12
2026-08-19,6873,泓德能源,3249,-18,0
2026-08-19,6885,全福生技,2363,-11,20
2026-08-19,6887,寶綠特-KY,1050,45,0
2026-08-19,6890,來億-KY,823,0,2
2026-08-19,6901,鑽石投資,7247,90,24
2026-08-19,6902,GOGOLOOK,593,15,0
2026-08-19,6906,現觀科,483,2,0
2026-08-19,6909,創控,1476,3,3
2026-08-19,6914,阜爾運通,368,0,0
2026-08-19,6916,華凌,395,0,0
2026-08-19,6918,愛派司,93,1,0
2026-08-19,6919,康霈*,0,0,0
2026-08-19,6923,中台,1720,1,0
2026-08-19,6928,攸泰科技,724,-1,10
2026-08-19,6931,青松健康,133,-2,0
2026-08-19,6933,AMAX-KY,983,31,6
2026-08-19,6934,心誠鎂,29,0,0
2026-08-19,6936,永鴻生技,243,0,0
2026-08-19,6937,天虹,1511,5,8
2026-08-19,6944,兆聯實業,891,19,36
2026-08-19,6949,沛爾生醫-創,5419,-9,1
2026-08-19,6951,青新-創,77,0,0
2026-08-19,6952,大武山,60,1,0
2026-08-19,6957,裕慶-KY,1565,3,18
2026-08-19,6958,日盛台駿,123,2,0
2026-08-19,6962,奕力-KY,8882,-39,5
2026-08-19,6965,中傑-KY,42,0,0
2026-08-19,6994,富威電力,3035,-13,61
2026-08-19,7631,聚賢研發-創,321,6,0
2026-08-19,7705,三商餐飲,95,0,0
2026-08-19,7711,永擎,1580,-82,48
2026-08-19,7721,微程式,1124,3,0
2026-08-19,7722,LINEPAY,399,-2,0
2026-08-19,7730,暉盛-創,503,-42,1
2026-08-19,7732,金興精密,78,-2,0
2026-08-19,7736,虎山,70,0,0
2026-08-19,7740,熙特爾-創,1939,0,1
2026-08-19,7749,意騰-KY,1064,10,0
2026-08-19,7750,新代,553,-55,1
2026-08-19,7765,中華資安,462,5,0
2026-08-19,7769,鴻勁,327,-19,0
2026-08-19,7780,大研生醫*,317,2,1
2026-08-19,7786,東方風能,239,3,0
2026-08-19,7788,松川精密,2070,-49,30
2026-08-19,7791,皇家可口,20,0,0
2026-08-19,7795,長廣,2058,118,14
2026-08-19,7799,禾榮科,1247,1,4
2026-08-19,7823,奧義賽博-KY創,1,0,0
2026-08-19,8011,台通,3247,4,1
2026-08-19,8016,矽創,1369,-23,4
2026-08-19,8021,尖點,10327,-288,127
2026-08-19,8028,昇陽半導體,5240,-50,54
2026-08-19,8033,雷虎,7460,-178,230
2026-08-19,8039,台虹,23234,-3,2280
2026-08-19,8045,達運光電,4890,-24,1
2026-08-19,8046,南電,10755,-474,572
2026-08-19,8070,長華*,5559,774,33
2026-08-19,8072,陞泰,1723,2,0
2026-08-19,8081,致新,1618,-17,5
2026-08-19,8101,華冠,0,0,0
2026-08-19,8103,瀚荃,3969,19,3
2026-08-19,8104,錸寶,3372,-19,10
2026-08-19,8105,凌巨,6976,-59,8
2026-08-19,8110,華東,14799,3,276
2026-08-19,8112,至上,16664,-456,2445
2026-08-19,8114,振樺電,1325,-2,3
2026-08-19,8131,福懋科,4453,-9,89
2026-08-19,8150,南茂,20477,-609,413
2026-08-19,8162,微矽電子-創,1697,30,0
2026-08-19,8163,達方,2392,-8,14
2026-08-19,8201,無敵,0,0,0
2026-08-19,8210,勤誠,3340,190,67
2026-08-19,8213,志超,3526,-99,0
2026-08-19,8215,明基材,3079,6,33
2026-08-19,8222,寶一,3341,0,12
2026-08-19,8249,菱光,3811,-1,20
2026-08-19,8261,富鼎,7734,151,27
2026-08-19,8271,宇瞻,5916,-136,507
2026-08-19,8341,日友,373,0,0
2026-08-19,8367,建新國際,12,0,0
2026-08-19,8374,羅昇,1590,-27,26
2026-08-19,8404,百和興業-KY,3678,0,0
2026-08-19,8411,福貞-KY,53,0,0
2026-08-19,8422,可寧衛*,24344,64,179
2026-08-19,8429,金麗-KY,14414,-2,0
2026-08-19,8438,昶昕,3383,7,0
2026-08-19,8442,威宏-KY,655,0,10
2026-08-19,8443,阿瘦,28,0,0
2026-08-19,8454,富邦媒,1554,7,45
2026-08-19,8462,柏文,1075,-2,5
2026-08-19,8463,潤泰材,88,-21,0
2026-08-19,8464,億豐,76,0,0
2026-08-19,8466,美吉吉-KY,1297,5,0
2026-08-19,8467,波力-KY,207,-12,0
2026-08-19,8473,山林水,3423,13,104
2026-08-19,8476,台境*,18340,-18,159
2026-08-19,8478,東哥遊艇,1007,-5,13
2026-08-19,8481,政伸,5,0,0
2026-08-19,8482,商億-KY,162,1,0
2026-08-19,8487,愛爾達-創,39,0,0
2026-08-19,8488,吉源-KY,22,0,0
2026-08-19,8499,鼎炫-KY,595,0,0
2026-08-19,8926,台汽電,6667,36,38
2026-08-19,8940,新天地,95,0,0
2026-08-19,8996,高力,5795,-89,111
2026-08-19,9802,鈺齊-KY,2133,0,7
2026-08-19,9902,台火,3193,9,1
2026-08-19,9904,寶成,27969,-1003,6
2026-08-19,9905,大華,31,0,0
2026-08-19,9906,欣巴巴,421,5,0
2026-08-19,9907,統一實,3980,-118,1
2026-08-19,9908,大台北,115,0,0
2026-08-19,9910,豐泰,2041,-11,0
2026-08-19,9911,櫻花,392,3,0
2026-08-19,9912,偉聯,0,0,0
2026-08-19,9914,美利達,2107,-115,29
2026-08-19,9917,中保科,62,0,0
2026-08-19,9918,欣天然,51,0,0
2026-08-19,9919,康那香,8106,-30,3
2026-08-19,9921,巨大,1630,57,1
2026-08-19,9924,福興,741,1,0
2026-08-19,9925,新保,2,0,0
2026-08-19,9926,新海,6,0,0
2026-08-19,9927,泰銘,61,0,0
2026-08-19,9928,中視,498,1,0
2026-08-19,9929,秋雨,0,0,0
2026-08-19,9930,中聯資源,19,0,0
2026-08-19,9931,欣高,65,0,0
2026-08-19,9933,中鼎,4282,-46,31
2026-08-19,9934,成霖,5912,0,8
2026-08-19,9935,慶豐富,1362,21,0
2026-08-19,9937,全國,133,1,0
2026-08-19,9938,百和,3092,-36,2
2026-08-19,9939,宏全,1244,-76,1
2026-08-19,9940,信義,1245,-20,0
2026-08-19,9941,裕融,852,21,3
2026-08-19,9942,茂順,26,3,0
2026-08-19,9943,好樂迪,76,-10,0
2026-08-19,9944,新麗,5532,-1,0
2026-08-19,9945,潤泰新,20089,115,44
2026-08-19,9946,三發地產,878,-21,0
2026-08-19,9955,佳龍,1113,28,51
2026-08-19,9958,世紀鋼,8341,33,0
2026-08-21,1101,台泥,38157,3128,94
2026-08-21,1102,亞泥,1087,16,28
2026-08-21,1103,嘉泥,4218,-82,0
2026-08-21,1104,環泥,1701,10,0
2026-08-21,1108,幸福,396,-7,44
2026-08-21,1109,信大,278,1,0
2026-08-21,1110,東泥,2558,0,0
2026-08-21,1201,味全,1402,0,0
2026-08-21,1203,味王,22,0,0
2026-08-21,1210,大成,640,-12,2
2026-08-21,1213,大飲,0,0,0
2026-08-21,1215,卜蜂,464,40,1
2026-08-21,1216,統一,822,66,3
2026-08-21,1217,愛之味,1794,157,17
2026-08-21,1218,泰山,1769,198,11
2026-08-21,1219,福壽,213,-6,1
2026-08-21,1220,台榮,807,5,18
2026-08-21,1225,福懋油,6772,-1,0
2026-08-21,1227,佳格,1072,14,1
2026-08-21,1229,聯華,2952,23,17
2026-08-21,1231,聯華食,292,6,1
2026-08-21,1232,大統益,162,-1,0
2026-08-21,1233,天仁,75,0,0
2026-08-21,1234,黑松,10,0,0
2026-08-21,1235,興泰,1161,0,0
2026-08-21,1236,宏亞,162,0,0
2026-08-21,1256,鮮活果汁-KY,326,1,1
2026-08-21,1301,台塑,20166,-154,302
2026-08-21,1303,南亞,44360,1475,2215
2026-08-21,1304,台聚,9826,-31,69
2026-08-21,1305,華夏,6231,-23,25
2026-08-21,1307,三芳,1323,-19,0
2026-08-21,1308,亞聚,6163,-31,13
2026-08-21,1309,台達化,7434,-32,71
2026-08-21,1310,台苯,11259,-86,89
2026-08-21,1312,國喬,38211,34,38
2026-08-21,1313,聯成,10667,-549,22
2026-08-21,1314,中石化,69445,4458,73
2026-08-21,1315,達新,33,-4,0
2026-08-21,1316,上曜,9491,241,52
2026-08-21,1319,東陽,7008,22,11
2026-08-21,1321,大洋,7248,-10,1
2026-08-21,1323,永裕,79,0,0
2026-08-21,1324,地球,1262,0,0
2026-08-21,1325,恆大,2220,19,44
2026-08-21,1326,台化,30673,-382,246
2026-08-21,1337,再生-KY,21443,1,0
2026-08-21,1338,廣華-KY,4098,31,1
2026-08-21,1339,昭輝,939,0,0
2026-08-21,1340,勝悅-KY,1024,0,0
2026-08-21,1342,八貫,531,-3,3
2026-08-21,1402,遠東新,7536,-68,162
2026-08-21,1409,新纖,22268,89,3
2026-08-21,1410,南染,246,4,0
2026-08-21,1413,宏洲,0,0,0
2026-08-21,1414,東和,1265,-9,0
2026-08-21,1416,廣豐,5624,-67,49
2026-08-21,1417,嘉裕,2032,49,0
2026-08-21,1418,東華,772,0,0
2026-08-21,1419,新紡,1223,-1,0
2026-08-21,1423,利華,86,0,0
2026-08-21,1432,大魯閣,123,0,0
2026-08-21,1434,福懋,7065,338,0
2026-08-21,1435,中福,0,0,0
2026-08-21,1436,華友聯,955,-11,2
2026-08-21,1437,勤益控,3245,-5,0
2026-08-21,1438,三地開發,139,2,0
2026-08-21,1439,雋揚,1007,-2,5
2026-08-21,1440,南紡,5108,-165,3
2026-08-21,1441,大東,0,0,0
2026-08-21,1442,名軒,2642,-7,8
2026-08-21,1443,立益物流,8,0,0
2026-08-21,1444,力麗,510,-3,0
2026-08-21,1445,大宇,1364,-3,1
2026-08-21,1446,宏和,1471,-2,0
2026-08-21,1447,力鵬,656,-2,0
2026-08-21,1449,佳和,3073,-11,5
2026-08-21,1451,年興,575,0,0
2026-08-21,1452,宏益,108,-3,0
2026-08-21,1453,大將,836,0,1
2026-08-21,1454,台富,2165,-3,0
2026-08-21,1455,集盛,3279,92,2
2026-08-21,1456,怡華,812,29,0
2026-08-21,1457,宜進,662,0,1
2026-08-21,1459,聯發,242,-6,0
2026-08-21,1460,宏遠,0,0,0
2026-08-21,1463,強盛新,497,0,0
2026-08-21,1464,得力,1974,-2,0
2026-08-21,1465,偉全,3066,-42,0
2026-08-21,1466,聚隆,2964,-162,4
2026-08-21,1467,南緯,6939,98,1
2026-08-21,1468,昶和,0,0,0
2026-08-21,1470,大統新創,4,0,0
2026-08-21,1471,首利,0,0,0
2026-08-21,1472,三洋實業,3797,0,3
2026-08-21,1473,台南,823,0,2
2026-08-21,1474,弘裕,3317,0,0
2026-08-21,1475,業旺,464,1,0
2026-08-21,1476,儒鴻,1364,7,25
2026-08-21,1477,聚陽,1670,-38,6
2026-08-21,1503,士電,2866,-10,26
2026-08-21,1504,東元,27967,278,105
2026-08-21,1506,正道,0,0,0
2026-08-21,1512,瑞利,0,0,0
2026-08-21,1513,中興電,7006,55,46
2026-08-21,1514,亞力,6132,2,68
2026-08-21,1515,力山,2883,-608,52
2026-08-21,1516,川飛,2,0,0
2026-08-21,1517,利奇,1975,-11,3
2026-08-21,1519,華城,2969,0,11
2026-08-21,1521,大億,450,0,0
2026-08-21,1522,堤維西,3679,16,2
2026-08-21,1524,耿鼎,3798,17,3
2026-08-21,1525,江申,235,0,0
2026-08-21,1526,日馳,708,-7,13
2026-08-21,1527,鑽全,505,-2,0
2026-08-21,1528,恩德,5536,-14,33
2026-08-21,1529,樂事綠能,2801,-2,683
2026-08-21,1530,亞崴,255,-1,0
2026-08-21,1531,高林股,1673,-37,4
2026-08-21,1532,勤美,2776,-3,0
2026-08-21,1533,車王電,538,-14,2
2026-08-21,1535,中宇,56,0,0
2026-08-21,1536,和大,6531,-57,154
2026-08-21,1537,廣隆,60,2,0
2026-08-21,1538,正峰,0,0,0
2026-08-21,1539,巨庭,1221,1,0
2026-08-21,1540,喬福,1491,-3,1
2026-08-21,1541,錩泰,105,0,0
2026-08-21,1558,伸興,163,-11,0
2026-08-21,1560,中砂,1371,36,99
2026-08-21,1563,巧新,5092,-71,0
2026-08-21,1568,倉佑,2051,-6,1
2026-08-21,1582,信錦,3608,-2,4
2026-08-21,1583,程泰,94,6,0
2026-08-21,1587,吉茂,1659,-4,26
2026-08-21,1589,永冠-KY,647,0,0
2026-08-21,1590,亞德客-KY,154,5,0
2026-08-21,1597,直得,2434,-209,4
2026-08-21,1598,岱宇,2141,-15,0
2026-08-21,1603,華電,2034,-4,1
2026-08-21,1604,聲寶,200,0,0
2026-08-21,1605,華新,40403,362,673
2026-08-21,1608,華榮,7247,-118,55
2026-08-21,1609,大亞,11767,3,14
2026-08-21,1611,中電,3147,3,4
2026-08-21,1612,宏泰,1891,-2,4
2026-08-21,1614,三洋電,301,0,0
2026-08-21,1615,大山,138,-3,0
2026-08-21,1616,億泰,2623,-3,3
2026-08-21,1617,榮星,1526,-5,2
2026-08-21,1618,合機,3195,-20,1
2026-08-21,1623,大東電,113,11,0
2026-08-21,1626,艾美特-KY,1639,0,0
2026-08-21,1702,南僑,261,-33,0
2026-08-21,1707,葡萄王,338,1,20
2026-08-21,1708,東鹼,6907,652,83
2026-08-21,1709,和益,27979,154,61
2026-08-21,1710,東聯,11638,-249,68
2026-08-21,1711,永光,15392,559,240
2026-08-21,1712,興農,463,0,0
2026-08-21,1713,國化,2910,0,0
2026-08-21,1714,和桐,19097,813,10
2026-08-21,1717,長興,16331,385,539
2026-08-21,1718,中纖,20104,-157,189
2026-08-21,1720,生達,292,0,0
2026-08-21,1721,三晃,125,0,0
2026-08-21,1722,台肥,2795,-46,0
2026-08-21,1723,中碳,759,69,3
2026-08-21,1725,元禎,251,2,0
2026-08-21,1726,永記,24,0,0
2026-08-21,1727,中華化,7077,565,241
2026-08-21,1730,花仙子,6,2,0
2026-08-21,1731,美吾華,279,9,0
2026-08-21,1732,毛寶,726,-10,7
2026-08-21,1733,五鼎,2394,-2,6
2026-08-21,1734,杏輝,289,8,0
2026-08-21,1735,日勝化,691,-4,0
2026-08-21,1736,喬山,1745,-10,13
2026-08-21,1737,臺鹽,93,63,0
2026-08-21,1752,南光,320,0,0
2026-08-21,1760,寶齡富錦,1000,1,0
2026-08-21,1762,中化生,846,25,1
2026-08-21,1773,勝一,1108,23,1
2026-08-21,1776,展宇,656,-5,1
2026-08-21,1783,和康生,496,-6,0
2026-08-21,1786,科妍,4937,9,0
2026-08-21,1789,神隆,3258,-9,6
2026-08-21,1795,美時,8344,-62,15
2026-08-21,1802,台玻,35434,109,1554
2026-08-21,1805,寶徠,1429,-11,0
2026-08-21,1806,冠軍,2576,-28,85
2026-08-21,1808,潤隆,5423,-42,5
2026-08-21,1809,中釉,5474,-14,43
2026-08-21,1810,和成,22414,-105,122
2026-08-21,1817,凱撒衛,16,0,0
2026-08-21,1903,士紙,2354,-3,0
2026-08-21,1904,正隆,4845,-211,33
2026-08-21,1905,華紙,12193,81,20
2026-08-21,1906,寶隆,7276,3,1
2026-08-21,1907,永豐餘,23998,-51,5
2026-08-21,1909,榮成,10905,-399,74
2026-08-21,2002,中鋼,44990,911,214
2026-08-21,2006,東和鋼鐵,1191,51,7
2026-08-21,2007,燁興,5,0,0
2026-08-21,2008,高興昌,92,0,0
2026-08-21,2009,第一銅,6649,-35,49
2026-08-21,2010,春源,2166,38,0
2026-08-21,2012,春雨,202,1,0
2026-08-21,2013,中鋼構,1407,-1,0
2026-08-21,2014,中鴻,1020,-32,0
2026-08-21,2015,豐興,35,0,0
2026-08-21,2017,官田鋼,8160,23,0
2026-08-21,2020,美亞,678,-6,0
2026-08-21,2022,聚亨,2097,-32,0
2026-08-21,2023,燁輝,2642,10,27
2026-08-21,2024,志聯,66,0,0
2026-08-21,2025,千興,0,0,0
2026-08-21,2027,大成鋼,24955,291,505
2026-08-21,2028,威致,1159,2,0
2026-08-21,2029,盛餘,473,19,0
2026-08-21,2030,彰源,4882,59,96
2026-08-21,2031,新光鋼,2184,-63,28
2026-08-21,2032,新鋼,2583,-51,0
2026-08-21,2033,佳大,3159,-14,68
2026-08-21,2034,允強,3117,14,81
2026-08-21,2038,海光,3510,-5,0
2026-08-21,2049,上銀,3585,115,101
2026-08-21,2059,川湖,626,-17,0
2026-08-21,2062,橋椿,1266,0,1
2026-08-21,2069,運錩,472,26,9
2026-08-21,2101,南港,19542,-4,13
2026-08-21,2102,泰豐,3466,0,4
2026-08-21,2103,台橡,14530,170,186
2026-08-21,2104,國際中橡,19418,-201,51
2026-08-21,2105,正新,9561,-76,11
2026-08-21,2106,建大,2980,36,1
2026-08-21,2107,厚生,140,40,0
2026-08-21,2108,南帝,2222,-5,57
2026-08-21,2109,華豐,690,8,0
2026-08-21,2114,鑫永銓,6,0,0
2026-08-21,2115,六暉-KY,475,-3,3
2026-08-21,2201,裕隆,10203,287,0
2026-08-21,2204,中華,1252,-30,1
2026-08-21,2206,三陽工業,3742,-16,1
2026-08-21,2207,和泰車,72,-4,0
2026-08-21,2208,台船,0,0,0
2026-08-21,2211,長榮鋼,681,-34,0
2026-08-21,2228,劍麟,1505,11,6
2026-08-21,2231,為升,2649,13,118
2026-08-21,2233,宇隆,3917,-35,11
2026-08-21,2236,百達-KY,11445,-35,4
2026-08-21,2239,英利-KY,1603,7,0
2026-08-21,2241,艾姆勒,8111,193,15
2026-08-21,2243,宏旭-KY,1310,10,8
2026-08-21,2247,汎德永業,111,0,1
2026-08-21,2248,華勝-KY,530,-26,0
2026-08-21,2250,IKKA-KY,1112,-10,2
2026-08-21,2254,巨鎧精密-創,2510,-1,0
2026-08-21,2301,光寶科,15947,-85,68
2026-08-21,2302,麗正,4129,-16,152
2026-08-21,2303,聯電,152200,-2453,2499
2026-08-21,2305,全友,6732,98,92
2026-08-21,2308,台達電,8191,-4,37
2026-08-21,2312,金寶,44655,433,348
2026-08-21,2313,華通,31460,614,1272
2026-08-21,2314,台揚,0,0,0
2026-08-21,2316,楠梓電,3956,36,44
2026-08-21,2317,鴻海,52288,195,505
2026-08-21,2321,東訊,0,0,0
2026-08-21,2323,中環,30051,-161,23
2026-08-21,2324,仁寶,58224,1864,1044
2026-08-21,2327,國巨*,38215,-3,501
2026-08-21,2328,廣宇,16205,-35,126
2026-08-21,2329,華泰,13703,-43,289
2026-08-21,2330,台積電,27798,-510,45
2026-08-21,2331,精英,9836,53,61
2026-08-21,2332,友訊,28216,281,361
2026-08-21,2337,旺宏,94175,30,2510
2026-08-21,2338,光罩,4937,-7,22
2026-08-21,2340,台亞,7628,-19,60
2026-08-21,2342,茂矽,3773,-3,45
2026-08-21,2344,華邦電,121686,-1228,5067
2026-08-21,2345,智邦,1812,25,45
2026-08-21,2347,聯強,794,-23,11
2026-08-21,2348,海悅,2330,-69,18
2026-08-21,2349,錸德,0,0,0
2026-08-21,2351,順德,12679,296,338
2026-08-21,2352,佳世達,15524,61,19
2026-08-21,2353,宏碁,38398,-200,2429
2026-08-21,2354,鴻準,26722,-225,95
2026-08-21,2355,敬鵬,8486,-19,38
2026-08-21,2356,英業達,27262,-348,442
2026-08-21,2357,華碩,1669,-9,40
2026-08-21,2359,所羅門,7138,541,448
2026-08-21,2360,致茂,1318,-23,14
2026-08-21,2362,藍天,2909,36,7
2026-08-21,2363,矽統,16877,96,21
2026-08-21,2364,倫飛,900,-22,1
2026-08-21,2365,昆盈,7977,-37,68
2026-08-21,2367,燿華,23849,-70,412
2026-08-21,2368,金像電,6874,-493,91
2026-08-21,2369,菱生,12972,204,120
2026-08-21,2371,大同,46038,1,746
2026-08-21,2373,震旦行,46,0,0
2026-08-21,2374,佳能,15681,150,32
2026-08-21,2375,凱美,5814,-16,585
2026-08-21,2376,技嘉,6930,-23,134
2026-08-21,2377,微星,15518,-210,28
2026-08-21,2379,瑞昱,2650,-37,28
2026-08-21,2380,虹光,0,0,0
2026-08-21,2382,廣達,15760,-413,58
2026-08-21,2383,台光電,1874,-31,58
2026-08-21,2385,群光,2750,4,4
2026-08-21,2387,精元,1250,-5,0
2026-08-21,2388,威盛,9918,-26,167
2026-08-21,2390,云辰,2090,-22,0
2026-08-21,2392,正崴,4260,-78,39
2026-08-21,2393,億光,2105,31,29
2026-08-21,2395,研華,1730,-104,39
2026-08-21,2397,友通,1630,-5,2
2026-08-21,2399,映泰,10969,-13,315
2026-08-21,2401,凌陽,7762,113,98
2026-08-21,2402,毅嘉,11759,69,70
2026-08-21,2404,漢唐,2158,-8,6
2026-08-21,2405,輔信,7562,9,39
2026-08-21,2406,國碩,12563,4,248
2026-08-21,2408,南亞科,70307,-3894,2891
2026-08-21,2409,友達,229287,354,9140
2026-08-21,2412,中華電,1678,-30,27
2026-08-21,2413,環科,4156,8,0
2026-08-21,2414,精技,283,0,0
2026-08-21,2415,錩新,2490,1,0
2026-08-21,2417,圓剛,3218,-38,17
2026-08-21,2419,仲琦,5942,5,2
2026-08-21,2420,新巨,482,-131,0
2026-08-21,2421,建準,4193,66,24
2026-08-21,2423,固緯,505,-5,1
2026-08-21,2424,隴華,0,0,0
2026-08-21,2425,承啟,6004,-77,20
2026-08-21,2426,鼎元,25108,364,1029
2026-08-21,2427,三商電,5398,-24,27
2026-08-21,2428,興勤,2572,69,0
2026-08-21,2429,銘旺科,318,0,0
2026-08-21,2430,燦坤,89,-2,1
2026-08-21,2431,聯昌,1368,0,0
2026-08-21,2432,倚天酷碁-創,307,0,0
2026-08-21,2433,互盛電,24,0,0
2026-08-21,2434,統懋,430,2,6
2026-08-21,2436,偉詮電,6470,61,1896
2026-08-21,2438,翔耀,0,0,0
2026-08-21,2439,美律,3791,-22,0
2026-08-21,2440,太空梭,1591,-9,10
2026-08-21,2441,超豐,7276,60,0
2026-08-21,2442,新美齊,3764,-14,4
2026-08-21,2444,兆勁,0,0,0
2026-08-21,2449,京元電子,20438,-186,138
2026-08-21,2450,神腦,84,0,0
2026-08-21,2451,創見,6253,-90,423
2026-08-21,2453,凌群,2308,0,1
2026-08-21,2454,聯發科,9502,-44,41
2026-08-21,2455,全新,11771,-562,859
2026-08-21,2457,飛宏,11915,19,82
2026-08-21,2458,義隆,3601,79,1
2026-08-21,2459,敦吉,89,1,0
2026-08-21,2460,建通,207,0,0
2026-08-21,2461,光群雷,8042,-16,8
2026-08-21,2462,良得電,2292,-3,0
2026-08-21,2464,盟立,18739,-42,893
2026-08-21,2465,麗臺,4486,345,57
2026-08-21,2466,冠西電,5909,-106,402
2026-08-21,2467,志聖,1641,5,40
2026-08-21,2468,華經,3375,22,0
2026-08-21,2471,資通,1283,0,2
2026-08-21,2472,立隆電,5105,29,14
2026-08-21,2474,可成,8443,-57,9
2026-08-21,2476,鉅祥,42128,250,24
2026-08-21,2477,美隆電,1242,3,3
2026-08-21,2478,大毅,9534,600,39
2026-08-21,2480,敦陽科,445,-1,0
2026-08-21,2481,強茂,16838,-95,702
2026-08-21,2482,連宇,1861,-4,0
2026-08-21,2483,百容,1955,-26,10
2026-08-21,2484,希華,14084,-628,0
2026-08-21,2485,兆赫,10622,2,232
2026-08-21,2486,一詮,21968,-79,531
2026-08-21,2488,漢平,429,-12,0
2026-08-21,2489,瑞軒,31256,3077,646
2026-08-21,2491,吉祥全,1516,-56,16
2026-08-21,2492,華新科,16655,150,582
2026-08-21,2493,揚博,9932,-338,19
2026-08-21,2495,普安,7709,18,14
2026-08-21,2496,卓越,34,0,0
2026-08-21,2497,怡利電,1777,-1,3
2026-08-21,2498,宏達電,28140,-263,241
2026-08-21,2501,國建,4479,29,0
2026-08-21,2504,國產,4668,-46,2
2026-08-21,2505,國揚,3366,-6,0
2026-08-21,2506,太設,1847,0,0
2026-08-21,2509,全坤建,652,-1,1
2026-08-21,2511,太子,2487,-6,1
2026-08-21,2514,龍邦,18223,1,1
2026-08-21,2515,中工,29121,-28,45
2026-08-21,2516,新建,0,0,0
2026-08-21,2520,冠德,2154,65,0
2026-08-21,2524,京城,3187,-1,0
2026-08-21,2527,宏璟,4680,-37,0
2026-08-21,2528,皇普,6303,-54,0
2026-08-21,2530,華建,6778,-13,8
2026-08-21,2534,宏盛,8537,0,1
2026-08-21,2535,達欣工,273,-4,3
2026-08-21,2536,宏普,5231,-19,0
2026-08-21,2537,聯上發,3657,-9,12
2026-08-21,2538,基泰,2547,-9,0
2026-08-21,2539,櫻花建,1420,-20,32
2026-08-21,2540,愛山林,2871,-54,18
2026-08-21,2542,興富發,3544,-266,16
2026-08-21,2543,皇昌,9126,-5,16
2026-08-21,2545,皇翔,2749,2,0
2026-08-21,2546,根基,258,-19,0
2026-08-21,2547,日勝生,9854,-181,0
2026-08-21,2548,華固,2042,-50,6
2026-08-21,2597,潤弘,149,-1,0
2026-08-21,2601,益航,354,0,0
2026-08-21,2603,長榮,12561,-497,555
2026-08-21,2605,新興,15324,770,242
2026-08-21,2606,裕民,3463,313,68
2026-08-21,2607,榮運,771,17,20
2026-08-21,2608,嘉里大榮,1121,7,1
2026-08-21,2609,陽明,37454,3828,2776
2026-08-21,2610,華航,47479,-537,233
2026-08-21,2611,志信,2984,451,22
2026-08-21,2612,中航,1735,-56,6
2026-08-21,2613,中櫃,2177,-197,14
2026-08-21,2614,東森,5408,79,10
2026-08-21,2615,萬海,17159,641,2823
2026-08-21,2616,山隆,425,-1,0
2026-08-21,2617,台航,2089,89,5
2026-08-21,2618,長榮航,23083,-229,767
2026-08-21,2630,亞航,5805,114,44
2026-08-21,2633,台灣高鐵,1698,-12,26
2026-08-21,2634,漢翔,25406,2101,756
2026-08-21,2636,台驊控股,728,95,1
2026-08-21,2637,慧洋-KY,4303,562,265
2026-08-21,2642,宅配通,602,-1,5
2026-08-21,2645,長榮航太,5485,48,4
2026-08-21,2646,星宇航空,3724,-33,37
2026-08-21,2701,萬企,376,-4,0
2026-08-21,2702,華園,431,2,0
2026-08-21,2704,國賓,116,1,0
2026-08-21,2705,六福,554,0,0
2026-08-21,2706,第一店,662,-4,0
2026-08-21,2707,晶華,130,-16,0
2026-08-21,2712,遠雄來,6,0,0
2026-08-21,2722,夏都,355,-87,0
2026-08-21,2723,美食-KY,1552,-44,8
2026-08-21,2727,王品,289,-9,3
2026-08-21,2731,雄獅,863,-26,6
2026-08-21,2739,寒舍,945,83,0
2026-08-21,2748,雲品,510,1,0
2026-08-21,2753,八方雲集,544,0,0
2026-08-21,2762,世界健身-KY,196,0,0
2026-08-21,2801,彰銀,7998,-23,52
2026-08-21,2812,台中銀,2556,-31,21
2026-08-21,2816,旺旺保,928,255,0
2026-08-21,2820,華票,485,-3,1
2026-08-21,2832,台產,647,-5,0
2026-08-21,2834,臺企銀,26154,-104,26
2026-08-21,2836,高雄銀,6302,-102,4
2026-08-21,2838,聯邦銀,749,-50,1
2026-08-21,2845,遠東銀,3557,-29,20
2026-08-21,2849,安泰銀,294,38,0
2026-08-21,2850,新產,284,-1,0
2026-08-21,2851,中再保,2986,1618,59
2026-08-21,2852,第一保,1466,-68,0
2026-08-21,2855,統一證,4706,19,156
2026-08-21,2867,三商壽,1289,0,0
2026-08-21,2880,華南金,2127,-490,36
2026-08-21,2881,富邦金,5986,-150,236
2026-08-21,2882,國泰金,4219,36,218
2026-08-21,2883,凱基金,9640,-660,63
2026-08-21,2884,玉山金,5255,-144,639
2026-08-21,2885,元大金,2689,-167,1
2026-08-21,2886,兆豐金,2152,-148,13
2026-08-21,2887,台新新光金,39988,-274,243
2026-08-21,2889,國票金,2680,-1,3
2026-08-21,2890,永豐金,2189,47,101
2026-08-21,2891,中信金,3441,-516,52
2026-08-21,2892,第一金,2318,-270,15
2026-08-21,2897,王道銀行,1664,-57,4
2026-08-21,2901,欣欣,474,-2,0
2026-08-21,2903,遠百,1529,11,4
2026-08-21,2904,匯僑,9,-1,0
2026-08-21,2905,三商,7064,-177,1
2026-08-21,2906,高林,602,49,0
2026-08-21,2908,特力,14628,184,0
2026-08-21,2910,統領,44,-1,0
2026-08-21,2911,麗嬰房,177,10,0
2026-08-21,2912,統一超,569,-95,0
2026-08-21,2913,農林,6767,63,2
2026-08-21,2915,潤泰全,9198,220,43
2026-08-21,2929,淘帝-KY,2038,-25,0
2026-08-21,2939,永邑-KY,241,0,1
2026-08-21,3002,歐格,1833,4,17
2026-08-21,3003,健和興,2301,-9,13
2026-08-21,3004,豐達科,1959,9,2
2026-08-21,3005,神基,8683,-191,54
2026-08-21,3006,晶豪科,15945,109,480
2026-08-21,3008,大立光,2981,100,49
2026-08-21,3010,華立,1327,7,5
2026-08-21,3011,今皓,2748,-11,0
2026-08-21,3013,晟銘電,8433,15,43
2026-08-21,3014,聯陽,2679,37,20
2026-08-21,3015,全漢,2344,3,2
2026-08-21,3016,嘉晶,7492,-28,3
2026-08-21,3017,奇鋐,4216,-48,9
2026-08-21,3018,隆銘綠能,0,0,0
2026-08-21,3019,亞光,10438,-18,40
2026-08-21,3021,鴻名,599,0,0
2026-08-21,3022,威強電,6010,24,20
2026-08-21,3023,信邦,1157,-18,7
2026-08-21,3024,憶聲,10083,-132,20
2026-08-21,3025,星通,1601,4,0
2026-08-21,3026,禾伸堂,9890,-802,528
2026-08-21,3027,盛達,4604,-4,2
2026-08-21,3028,增你強,2938,15,34
2026-08-21,3029,零壹,2815,-5,11
2026-08-21,3030,德律,10048,-45,10
2026-08-21,3031,佰鴻,5271,96,35
2026-08-21,3032,偉訓,8180,-29,7
2026-08-21,3033,威健,9092,-18,744
2026-08-21,3034,聯詠,2678,-8,241
2026-08-21,3035,智原,10333,-34,354
2026-08-21,3036,文曄,11457,-169,40
2026-08-21,3037,欣興,36111,-901,815
2026-08-21,3038,全台,1626,9,0
2026-08-21,3040,遠見,10098,-6,2
2026-08-21,3041,揚智,3482,-44,39
2026-08-21,3042,晶技,13366,-270,384
2026-08-21,3043,科風,842,-24,0
2026-08-21,3044,健鼎,6266,-271,22
2026-08-21,3045,台灣大,635,21,415
2026-08-21,3046,建碁,1084,2,9
2026-08-21,3047,訊舟,6398,7,10
2026-08-21,3048,益登,6318,-38,34
2026-08-21,3049,精金,0,0,0
2026-08-21,3050,鈺德,3277,-23,0
2026-08-21,3051,力特,4044,1,1
2026-08-21,3052,夆典,1828,41,0
2026-08-21,3054,立萬利,1012,7,0
2026-08-21,3055,蔚華科,6314,46,35
2026-08-21,3056,富華新,3456,-91,2
2026-08-21,3057,喬鼎,0,0,0
2026-08-21,3058,立德,0,0,0
2026-08-21,3059,華晶科,11136,92,28
2026-08-21,3060,銘異,8376,-7,19
2026-08-21,3062,建漢,9612,-4,53
2026-08-21,3090,日電貿,7056,-168,127
2026-08-21,3092,鴻碩,3609,0,5
2026-08-21,3094,聯傑,2915,-30,90
2026-08-21,3130,一零四,10,0,0
2026-08-21,3135,凌航,2689,-91,102
2026-08-21,3138,耀登,2020,-2,17
2026-08-21,3149,正達,22749,77,108
2026-08-21,3150,鈺寶-創,247,1,0
2026-08-21,3164,景岳,305,0,8
2026-08-21,3167,大量,8113,201,57
2026-08-21,3168,眾福科,30,-5,0
2026-08-21,3189,景碩,19621,182,324
2026-08-21,3209,全科,4886,26,8
2026-08-21,3229,晟鈦,0,0,0
2026-08-21,3231,緯創,39189,883,691
2026-08-21,3257,虹冠電,2458,7,48
2026-08-21,3266,昇陽,346,-2,0
2026-08-21,3296,勝德,1827,5,4
2026-08-21,3305,昇貿,6978,-15,47
2026-08-21,3308,聯德,705,-1,0
2026-08-21,3311,閎暉,2911,8,0
2026-08-21,3312,弘憶股,5035,-2,50
2026-08-21,3321,同泰,0,0,0
2026-08-21,3338,泰碩,3427,6,8
2026-08-21,3346,麗清,2882,17,8
2026-08-21,3356,奇偶,1625,-1,11
2026-08-21,3376,新日興,11349,68,34
2026-08-21,3380,明泰,5306,36,5
2026-08-21,3406,玉晶光,4345,-13,116
2026-08-21,3413,京鼎,3674,-4,3
2026-08-21,3416,融程電,821,-1,4
2026-08-21,3419,譁裕,1006,-6,0
2026-08-21,3432,台端,0,0,0
2026-08-21,3437,榮創,2620,-12,34
2026-08-21,3443,創意,5058,57,105
2026-08-21,3447,展達,1917,-5,27
2026-08-21,3450,聯鈞,13981,-724,446
2026-08-21,3481,群創,306817,-901,5243
2026-08-21,3494,誠研,0,0,0
2026-08-21,3501,維熹,1174,0,0
2026-08-21,3504,揚明光,3325,33,301
2026-08-21,3515,華擎,1546,-3,1
2026-08-21,3518,柏騰,4213,48,59
2026-08-21,3528,安馳,1924,16,0
2026-08-21,3530,晶相光,1262,-8,0
2026-08-21,3532,台勝科,8551,28,378
2026-08-21,3533,嘉澤,1591,45,0
2026-08-21,3535,晶彩科,3834,25,63
2026-08-21,3543,州巧,4537,-39,196
2026-08-21,3545,敦泰,4349,-5,22
2026-08-21,3550,聯穎,13910,-39,12
2026-08-21,3557,嘉威,372,0,0
2026-08-21,3563,牧德,5753,4,3
2026-08-21,3576,聯合再生,0,0,0
2026-08-21,3583,辛耘,1907,0,23
2026-08-21,3588,通嘉,1695,-26,2
2026-08-21,3591,艾笛森,27442,-5,33
2026-08-21,3592,瑞鼎,1011,-2,0
2026-08-21,3593,力銘,0,0,0
2026-08-21,3596,智易,1849,18,5
2026-08-21,3605,宏致,14181,-575,1133
2026-08-21,3607,谷崧,1969,-15,1
2026-08-21,3617,碩天,2046,80,14
2026-08-21,3622,洋華,1413,-7,20
2026-08-21,3645,達邁,5090,-44,95
2026-08-21,3652,精聯,627,7,0
2026-08-21,3653,健策,3089,35,52
2026-08-21,3661,世芯-KY,6194,-25,32
2026-08-21,3665,貿聯-KY,2819,75,17
2026-08-21,3669,圓展,785,7,1
2026-08-21,3673,TPK-KY,14622,234,103
2026-08-21,3679,新至陞,97,-1,0
2026-08-21,3686,達能,0,0,0
2026-08-21,3694,海華,7196,-10,34
2026-08-21,3701,大眾控,5983,30,61
2026-08-21,3702,大聯大,8509,-370,0
2026-08-21,3703,欣陸,1428,18,1
2026-08-21,3704,合勤控,8952,11,27
2026-08-21,3705,永信,367,12,0
2026-08-21,3706,神達,27827,-99,163
2026-08-21,3708,上緯投控,2975,1,684
2026-08-21,3711,日月光投控,12019,-22,200
2026-08-21,3712,永崴投控,2249,-52,19
2026-08-21,3714,富采,23544,195,155
2026-08-21,3715,定穎投控,20699,79,597
2026-08-21,3716,中化控股,713,137,0
2026-08-21,3717,聯嘉投控,12480,99,526
2026-08-21,4104,佳醫,105,1,1
2026-08-21,4106,雃博,673,0,0
2026-08-21,4108,懷特,0,0,0
2026-08-21,4119,旭富,515,-19,54
2026-08-21,4133,亞諾法,1268,-1,0
2026-08-21,4137,麗豐-KY,1099,-1,1
2026-08-21,4142,國光生,6692,15,13
2026-08-21,4148,全宇生技-KY,393,5,0
2026-08-21,4155,訊映,911,32,0
2026-08-21,4164,承業醫,5515,-56,0
2026-08-21,4190,佐登-KY,280,0,0
2026-08-21,4306,炎洲,5327,2,0
2026-08-21,4414,如興,743,-10,0
2026-08-21,4426,利勤,1128,25,0
2026-08-21,4438,廣越,621,-10,0
2026-08-21,4439,冠星-KY,252,-4,59
2026-08-21,4440,宜新實業,113,-11,0
2026-08-21,4441,振大環球,209,0,0
2026-08-21,4526,東台,5289,14,76
2026-08-21,4532,瑞智,2354,6,1
2026-08-21,4536,拓凱,570,2,0
2026-08-21,4540,全球傳動,4135,-8,282
2026-08-21,4545,銘鈺,1167,-2,0
2026-08-21,4551,智伸科,2920,-22,4
2026-08-21,4552,力達-KY,2440,-1,12
2026-08-21,4555,氣立,2151,40,44
2026-08-21,4557,永新-KY,433,0,0
2026-08-21,4560,強信-KY,286,8,0
2026-08-21,4562,穎漢,1782,-2,33
2026-08-21,4564,元翎,10449,-45,69
2026-08-21,4566,時碩工業,4250,-41,51
2026-08-21,4569,六方科-KY,752,2,0
2026-08-21,4571,鈞興-KY,1056,-1,2
2026-08-21,4572,駐龍,327,0,1
2026-08-21,4576,大銀微系統,2357,-52,35
2026-08-21,4581,光隆精密-KY,20,0,0
2026-08-21,4583,台灣精銳,2715,7,3
2026-08-21,4585,達明,665,23,54
2026-08-21,4588,玖鼎電力,387,0,2
2026-08-21,4590,富田-創,168,-14,0
2026-08-21,4720,德淵,3195,-2,1
2026-08-21,4722,國精化,11395,-2,111
2026-08-21,4736,泰博,259,22,0
2026-08-21,4737,華廣,1609,0,0
2026-08-21,4739,康普,8010,73,148
2026-08-21,4746,台耀,2070,33,0
2026-08-21,4755,三福化,962,-4,0
2026-08-21,4763,材料*-KY,41146,-821,24
2026-08-21,4764,雙鍵,4213,419,208
2026-08-21,4766,南寶,1074,-21,1
2026-08-21,4770,上品,966,11,9
2026-08-21,4771,望隼,437,4,0
2026-08-21,4807,日成-KY,1151,1,15
2026-08-21,4904,遠傳,940,-2,15
2026-08-21,4906,正文,27557,130,160
2026-08-21,4912,聯德控股-KY,3578,-3,1
2026-08-21,4915,致伸,4588,-15,42
2026-08-21,4916,事欣科,7941,-16,125
2026-08-21,4919,新唐,12462,23,1031
2026-08-21,4927,泰鼎-KY,23023,39,386
2026-08-21,4930,燦星網,3826,1,0
2026-08-21,4934,太極,0,0,0
2026-08-21,4935,茂林-KY,626,-4,0
2026-08-21,4938,和碩,5696,-5,28
2026-08-21,4942,嘉彰,576,1,0
2026-08-21,4943,康控-KY,0,0,0
2026-08-21,4949,有成精密,2811,21,38
2026-08-21,4952,凌通,1453,45,11
2026-08-21,4956,光鋐,5373,222,43
2026-08-21,4958,臻鼎-KY,33603,-316,300
2026-08-21,4960,誠美材,15495,-144,103
2026-08-21,4961,天鈺,1154,3,8
2026-08-21,4967,十銓,7633,61,2080
2026-08-21,4968,立積,5230,4,30
2026-08-21,4976,佳凌,4991,49,313
2026-08-21,4977,眾達-KY,6652,159,134
2026-08-21,4989,榮科,14861,40,110
2026-08-21,4994,傳奇,1763,8,4
2026-08-21,4999,鑫禾,402,0,0
2026-08-21,5007,三星,7,0,0
2026-08-21,5203,訊連,963,-10,2
2026-08-21,5215,科嘉-KY,687,0,0
2026-08-21,5222,全訊,1882,18,11
2026-08-21,5225,東科-KY,1288,8,117
2026-08-21,5234,達興材料,1438,-1,17
2026-08-21,5236,凌陽創新,251,4,4
2026-08-21,5243,乙盛-KY,9073,-59,19
2026-08-21,5244,弘凱,2319,2,4
2026-08-21,5258,虹堡,3511,13,3
2026-08-21,5269,祥碩,1872,13,75
2026-08-21,5283,禾聯碩,42,-1,0
2026-08-21,5284,jpp-KY,3787,-67,0
2026-08-21,5285,界霖,4638,1,40
2026-08-21,5288,豐祥-KY,2649,0,0
2026-08-21,5292,華懋,818,-19,4
2026-08-21,5306,桂盟,596,-10,0
2026-08-21,5388,中磊,7967,204,11
2026-08-21,5434,崇越,903,24,2
2026-08-21,5469,瀚宇博,13387,52,42
2026-08-21,5471,松翰,4562,-7,30
2026-08-21,5484,慧友,0,0,0
2026-08-21,5515,建國,2550,63,31
2026-08-21,5519,隆大,843,0,33
2026-08-21,5521,工信,13132,44,11
2026-08-21,5522,遠雄,928,-2,4
2026-08-21,5525,順天,316,-8,0
2026-08-21,5531,鄉林,4354,83,11
2026-08-21,5533,皇鼎,466,0,1
2026-08-21,5534,長虹,3257,37,0
2026-08-21,5538,東明-KY,65,-7,0
2026-08-21,5546,永固-KY,22,0,0
2026-08-21,5607,遠雄港,2298,61,14
2026-08-21,5608,四維航,9100,3528,750
2026-08-21,5706,鳳凰,687,1,20
2026-08-21,5871,中租-KY,3938,-281,25
2026-08-21,5876,上海商銀,675,-7,6
2026-08-21,5880,合庫金,2218,-278,20
2026-08-21,5906,台南-KY,20,0,0
2026-08-21,5907,大洋-KY,5508,-1,4
2026-08-21,6005,群益證,5867,-49,39
2026-08-21,6024,群益期,236,9,0
2026-08-21,6108,競國,1655,71,80
2026-08-21,6112,邁達特,2659,-3,2
2026-08-21,6115,鎰勝,30,0,0
2026-08-21,6116,彩晶,35196,649,8094
2026-08-21,6117,迎廣,2329,0,27
2026-08-21,6120,達運,8208,-213,57
2026-08-21,6128,上福,1514,40,0
2026-08-21,6133,金橋,2911,0,0
2026-08-21,6136,富爾特,2436,21,0
2026-08-21,6139,亞翔,8644,25,20
2026-08-21,6141,柏承,32,-1,0
2026-08-21,6142,友勁,0,0,0
2026-08-21,6152,百一,0,0,0
2026-08-21,6153,嘉聯益,13160,-73,146
2026-08-21,6155,鈞寶,3335,41,38
2026-08-21,6164,華興,3929,-52,2
2026-08-21,6165,浪凡,13362,-10,0
2026-08-21,6166,凌華,2991,-24,55
2026-08-21,6168,宏齊,4114,-93,55
2026-08-21,6176,瑞儀,6063,-2,0
2026-08-21,6177,達麗,2352,-34,25
2026-08-21,6183,關貿,9,0,0
2026-08-21,6184,大豐電,485,0,0
2026-08-21,6189,豐藝,2301,-4,8
2026-08-21,6191,精成科,18685,18,114
2026-08-21,6192,巨路,788,-2,0
2026-08-21,6196,帆宣,1512,14,18
2026-08-21,6197,佳必琪,5736,26,57
2026-08-21,6201,亞弘電,38,0,0
2026-08-21,6202,盛群,4744,60,19
2026-08-21,6205,詮欣,3650,-13,5
2026-08-21,6206,飛捷,2319,-69,19
2026-08-21,6209,今國光,12923,186,77
2026-08-21,6213,聯茂,17468,182,1398
2026-08-21,6214,精誠,1232,-272,52
2026-08-21,6215,和椿,5124,-1,95
2026-08-21,6216,居易,690,-1,0
2026-08-21,6224,聚鼎,2271,319,68
2026-08-21,6225,天瀚,0,0,0
2026-08-21,6226,光鼎,4239,46,190
2026-08-21,6230,尼得科超眾,472,0,1
2026-08-21,6235,華孚,4469,5,11
2026-08-21,6239,力成,22071,-12,118
2026-08-21,6243,迅杰,1687,-38,72
2026-08-21,6257,矽格,11412,55,107
2026-08-21,6269,台郡,10218,-30,152
2026-08-21,6271,同欣電,7205,43,65
2026-08-21,6272,驊陞,48,0,0
2026-08-21,6277,宏正,468,14,9
2026-08-21,6278,台表科,9344,168,97
2026-08-21,6281,全國電,17,-2,0
2026-08-21,6282,康舒,24205,148,63
2026-08-21,6283,淳安,2248,-24,1
2026-08-21,6285,啟碁,14408,75,90
2026-08-21,6405,悅城,5472,133,10
2026-08-21,6409,旭隼,1125,10,0
2026-08-21,6412,群電,2807,4,4
2026-08-21,6414,樺漢,1975,-19,17
2026-08-21,6415,矽力*-KY,4473,2,71
2026-08-21,6416,瑞祺電通,3821,76,2
2026-08-21,6426,統新,3098,10,75
2026-08-21,6431,光麗-KY,0,0,0
2026-08-21,6438,迅得,3700,33,15
2026-08-21,6442,光聖,4245,25,38
2026-08-21,6443,元晶,7455,-6,351
2026-08-21,6446,藥華藥,9107,-25,36
2026-08-21,6449,鈺邦,2113,31,8
2026-08-21,6451,訊芯-KY,8873,164,341
2026-08-21,6456,GIS-KY,15942,604,280
2026-08-21,6464,台數科,2,0,0
2026-08-21,6472,保瑞,3483,-149,70
2026-08-21,6477,安集,4242,-48,150
2026-08-21,6491,晶碩,507,0,1
2026-08-21,6504,南六,115,3,0
2026-08-21,6505,台塑化,12711,887,252
2026-08-21,6515,穎崴,517,-7,7
2026-08-21,6525,捷敏-KY,2629,-62,29
2026-08-21,6526,達發,1248,-15,2
2026-08-21,6531,愛普*,5594,61,66
2026-08-21,6533,晶心科,2103,20,35
2026-08-21,6534,正瀚-創,1798,0,0
2026-08-21,6541,泰福-KY,3880,-2,1
2026-08-21,6550,北極星藥業-KY,0,0,0
2026-08-21,6552,易華電,1090,0,6
2026-08-21,6558,興能高,2531,-14,3
2026-08-21,6573,虹揚-KY,0,0,0
2026-08-21,6579,研揚,1335,-11,0
2026-08-21,6581,鋼聯,5,0,0
2026-08-21,6582,申豐,388,12,0
2026-08-21,6585,鼎基,1578,-3,55
2026-08-21,6589,台康生技,2727,-18,11
2026-08-21,6591,動力-KY,1763,-5,1
2026-08-21,6592,和潤企業,723,-8,1
2026-08-21,6598,ABC-KY,0,0,0
2026-08-21,6605,帝寶,2211,-6,9
2026-08-21,6606,建德工業,619,0,0
2026-08-21,6614,資拓宏宇,74,0,0
2026-08-21,6625,必應,802,-10,0
2026-08-21,6641,基士德-KY,132,14,0
2026-08-21,6645,金萬林-創,11,0,0
2026-08-21,6655,科定,1,-1,0
2026-08-21,6657,華安,1201,-1,0
2026-08-21,6658,聯策,1476,2,4
2026-08-21,6666,羅麗芬-KY,292,1,0
2026-08-21,6668,中揚光,2860,52,16
2026-08-21,6669,緯穎,1329,-27,13
2026-08-21,6670,復盛應用,374,-4,1
2026-08-21,6671,三能-KY,90,0,0
2026-08-21,6672,騰輝電子-KY,5959,-71,94
2026-08-21,6674,鋐寶科技,231,-8,2
2026-08-21,6689,伊雲谷,1228,-11,0
2026-08-21,6691,洋基工程,1812,3,0
2026-08-21,6695,芯鼎,3426,23,29
2026-08-21,6698,旭暉應材,1998,4,33
2026-08-21,6706,惠特,7888,-1,150
2026-08-21,6715,嘉基,7051,-15,72
2026-08-21,6719,力智,3812,98,3
2026-08-21,6722,輝創,102,2,0
2026-08-21,6742,澤米,1937,-5,3
2026-08-21,6743,安普新,550,5,0
2026-08-21,6753,龍德造船,5669,-78,12
2026-08-21,6754,匯僑設計,117,0,0
2026-08-21,6756,威鋒電子,595,-3,0
2026-08-21,6757,台灣虎航,3257,30,6
2026-08-21,6768,志強-KY,1188,-10,18
2026-08-21,6770,力積電,143986,-760,45
2026-08-21,6771,平和環保-創,95,-18,0
2026-08-21,6776,展碁國際,636,0,0
2026-08-21,6781,AES-KY,2274,16,3
2026-08-21,6782,視陽,413,-3,0
2026-08-21,6789,采鈺,4766,3,28
2026-08-21,6790,永豐實,586,-1,0
2026-08-21,6792,詠業,270,0,7
2026-08-21,6794,向榮生技,278,6,0
2026-08-21,6796,晉弘,591,2,1
2026-08-21,6799,來頡,2020,3,0
2026-08-21,6805,富世達,2781,-25,8
2026-08-21,6807,峰源-KY,154,0,0
2026-08-21,6830,汎銓,3930,89,97
2026-08-21,6831,邁科,1235,103,39
2026-08-21,6834,天二科技,4223,-30,83
2026-08-21,6835,圓裕,781,-1,0
2026-08-21,6838,台新藥,2506,0,0
2026-08-21,6854,錼創科技-KY創,2322,-17,7
2026-08-21,6861,睿生光電,1785,2,3
2026-08-21,6862,三集瑞-KY,872,9,8
2026-08-21,6863,永道-KY,1286,-7,1
2026-08-21,6869,雲豹能源,2918,2,14
2026-08-21,6873,泓德能源,3220,-19,0
2026-08-21,6885,全福生技,2360,-3,20
2026-08-21,6887,寶綠特-KY,1052,3,0
2026-08-21,6890,來億-KY,819,15,0
2026-08-21,6901,鑽石投資,6929,-120,29
2026-08-21,6902,GOGOLOOK,609,-1,0
2026-08-21,6906,現觀科,484,-1,0
2026-08-21,6909,創控,1476,0,4
2026-08-21,6914,阜爾運通,376,7,0
2026-08-21,6916,華凌,384,0,0
2026-08-21,6918,愛派司,87,-1,0
2026-08-21,6919,康霈*,0,0,0
2026-08-21,6923,中台,1655,0,0
2026-08-21,6928,攸泰科技,718,-2,10
2026-08-21,6931,青松健康,125,-4,0
2026-08-21,6933,AMAX-KY,1022,0,5
2026-08-21,6934,心誠鎂,34,2,0
2026-08-21,6936,永鴻生技,245,1,0
2026-08-21,6937,天虹,1522,0,5
2026-08-21,6944,兆聯實業,932,22,35
2026-08-21,6949,沛爾生醫-創,5426,18,0
2026-08-21,6951,青新-創,77,0,0
2026-08-21,6952,大武山,62,1,0
2026-08-21,6957,裕慶-KY,1540,-24,23
2026-08-21,6958,日盛台駿,117,-3,0
2026-08-21,6962,奕力-KY,8858,-30,4
2026-08-21,6965,中傑-KY,42,0,0
2026-08-21,6994,富威電力,3029,-6,64
2026-08-21,7631,聚賢研發-創,338,5,0
2026-08-21,7705,三商餐飲,95,0,0
2026-08-21,7711,永擎,1510,12,37
2026-08-21,7721,微程式,1110,0,0
2026-08-21,7722,LINEPAY,399,-3,0
2026-08-21,7730,暉盛-創,491,-10,1
2026-08-21,7732,金興精密,76,0,0
2026-08-21,7736,虎山,70,0,0
2026-08-21,7740,熙特爾-創,1950,8,1
2026-08-21,7749,意騰-KY,1096,22,0
2026-08-21,7750,新代,687,77,4
2026-08-21,7765,中華資安,462,-1,0
2026-08-21,7769,鴻勁,315,-9,1
2026-08-21,7780,大研生醫*,344,27,1
2026-08-21,7786,東方風能,251,11,0
2026-08-21,7788,松川精密,2057,37,11
2026-08-21,7791,皇家可口,20,-1,0
2026-08-21,7795,長廣,2084,6,8
2026-08-21,7799,禾榮科,1266,-2,5
2026-08-21,7823,奧義賽博-KY創,1,0,0
2026-08-21,8011,台通,3200,-9,1
2026-08-21,8016,矽創,1383,-20,4
2026-08-21,8021,尖點,10314,106,152
2026-08-21,8028,昇陽半導體,5205,-12,61
2026-08-21,8033,雷虎,7321,-85,119
2026-08-21,8039,台虹,26709,1500,2641
2026-08-21,8045,達運光電,4882,0,1
2026-08-21,8046,南電,10392,-207,571
2026-08-21,8070,長華*,5924,-11,26
2026-08-21,8072,陞泰,1715,0,0
2026-08-21,8081,致新,1631,6,3
2026-08-21,8101,華冠,0,0,0
2026-08-21,8103,瀚荃,5325,825,95
2026-08-21,8104,錸寶,3393,17,9
2026-08-21,8105,凌巨,6863,-103,3
2026-08-21,8110,華東,14731,22,226
2026-08-21,8112,至上,16175,-158,2677
2026-08-21,8114,振樺電,1336,-11,9
2026-08-21,8131,福懋科,4456,11,84
2026-08-21,8150,南茂,20852,174,309
2026-08-21,8162,微矽電子-創,1764,35,0
2026-08-21,8163,達方,2347,-36,14
2026-08-21,8201,無敵,0,0,0
2026-08-21,8210,勤誠,3366,13,75
2026-08-21,8213,志超,3459,-17,1
2026-08-21,8215,明基材,3079,1,32
2026-08-21,8222,寶一,3419,62,15
2026-08-21,8249,菱光,3832,4,19
2026-08-21,8261,富鼎,7256,-168,32
2026-08-21,8271,宇瞻,6120,138,599
2026-08-21,8341,日友,372,0,0
2026-08-21,8367,建新國際,12,0,0
2026-08-21,8374,羅昇,1561,-15,27
2026-08-21,8404,百和興業-KY,3537,-58,0
2026-08-21,8411,福貞-KY,53,0,0
2026-08-21,8422,可寧衛*,24279,45,124
2026-08-21,8429,金麗-KY,14421,2,0
2026-08-21,8438,昶昕,3410,5,0
2026-08-21,8442,威宏-KY,629,-24,0
2026-08-21,8443,阿瘦,28,0,0
2026-08-21,8454,富邦媒,1530,-15,42
2026-08-21,8462,柏文,1075,0,5
2026-08-21,8463,潤泰材,86,-1,0
2026-08-21,8464,億豐,79,4,0
2026-08-21,8466,美吉吉-KY,1296,-1,0
2026-08-21,8467,波力-KY,183,-3,0
2026-08-21,8473,山林水,3401,1,34
2026-08-21,8476,台境*,18335,12,159
2026-08-21,8478,東哥遊艇,951,-17,3
2026-08-21,8481,政伸,5,0,0
2026-08-21,8482,商億-KY,161,0,0
2026-08-21,8487,愛爾達-創,39,0,0
2026-08-21,8488,吉源-KY,23,0,0
2026-08-21,8499,鼎炫-KY,592,-2,0
2026-08-21,8926,台汽電,6566,-61,38
2026-08-21,8940,新天地,95,0,0
2026-08-21,8996,高力,5503,3,84
2026-08-21,9802,鈺齊-KY,2116,1,6
2026-08-21,9902,台火,3189,-3,1
2026-08-21,9904,寶成,26375,-205,6
2026-08-21,9905,大華,31,0,0
2026-08-21,9906,欣巴巴,404,-11,0
2026-08-21,9907,統一實,3900,-116,2
2026-08-21,9908,大台北,115,0,0
2026-08-21,9910,豐泰,1990,-9,0
2026-08-21,9911,櫻花,392,1,0
2026-08-21,9912,偉聯,0,0,0
2026-08-21,9914,美利達,2034,36,23
2026-08-21,9917,中保科,62,0,0
2026-08-21,9918,欣天然,50,0,0
2026-08-21,9919,康那香,8110,9,13
2026-08-21,9921,巨大,1498,41,0
2026-08-21,9924,福興,758,6,0
2026-08-21,9925,新保,2,0,0
2026-08-21,9926,新海,6,0,0
2026-08-21,9927,泰銘,61,0,0
2026-08-21,9928,中視,507,2,0
2026-08-21,9929,秋雨,0,0,0
2026-08-21,9930,中聯資源,19,0,0
2026-08-21,9931,欣高,64,-1,0
2026-08-21,9933,中鼎,4253,-44,33
2026-08-21,9934,成霖,5936,-51,9
2026-08-21,9935,慶豐富,1362,23,0
2026-08-21,9937,全國,134,0,0
2026-08-21,9938,百和,3098,12,2
2026-08-21,9939,宏全,1254,-27,0
2026-08-21,9940,信義,1219,-25,0
2026-08-21,9941,裕融,812,3,3
2026-08-21,9942,茂順,26,0,0
2026-08-21,9943,好樂迪,76,0,0
2026-08-21,9944,新麗,5533,0,0
2026-08-21,9945,潤泰新,20353,386,38
2026-08-21,9946,三發地產,876,-13,0
2026-08-21,9955,佳龍,1132,10,85
2026-08-21,9958,世紀鋼,8368,92,0
